20	74
68	65
20	61
20	73
20	77
2074	6865
6e	64
65	64
20	62
2074	6f
2061	6e64
20	68
20	66
20	54
69	6e
2077	61
69	74
72	65
6f	75
20	6c
20	64
20	63
20	70
61	79
20	6d
207761	73
65	72
2054	6865
6f	6d
20	6865
69	73
20	6e
69	6d
6f	6e
61	72
2073	61
6c	6c
69	64
2068	61
20	67
61	74
20	53
696e	67
6f	74
65	6e
61	6e
6c	65
6f	72
69	72
61	6d
65	74
20	48
20	6974
2074	68
69	67
20546865	79
2070	6c
20	696e
2048	65
69	6c
20	22
6f	77
76	6572
72	69
20	75
20706c	6179
75	74
6974	68
207361	6964
2062	65
2064	6179
2077	697468
70	70
4f	6e
20	6f
20	79
6b	6564
6f	6f
20	72
206865	72
63	65
2054	696d
6c	64
2068	6973
20	49
2053	6865
2073	74
6b	65
20	65
2062	6967
6e	74
63	6b
766572	79
2079	6f75
73	74
76	65
65	6e64
75	6e
206861	7070
20	6f6e
61	6c6c
7269	656e64
2066	7269656e64
20746865	79
696c	79
20	4c
2077	65
206861	64
2075	70
206c	69
6865	72
206e	6f74
207761	6e74
6974	74
206f	66
61	64
20	42
2064	6f
73	65
2068617070	79
656e	74
20	76657279
65	73
207361	77
20	4d
4f6e	65
27	73
207468	6174
6f75	6c64
697474	6c65
2066	6f72
206d	6f6d
206c	6974746c65
2073	6f
2073	68
2073	6865
696d	65
63	68
206e	616d
2074	696d65
20	6b
206e	65
6f75	6e64
2e	22
20746865	7265
206e616d	6564
2062	6f
2073	6d
207765	7265
2077616e74	6564
204c	696c79
6972	64
20667269656e64	73
6f75	74
2062	7574
76	6564
2054	6f6d
54	6865
21	22
68	74
2062	697264
65	6c
2061	6e
61	6b65
61	6c
20746f	6f
6f6d	65
6964	65
2077	656e74
4f6e	6365
2077	68
206865	6c
2061	6c6c
2049	74
75	67
2068656c	70
75	65
20	6973
20	41
206c	6f6f
207570	6f6e
206c	6f
74	6572
72	79
20746f	79
6f	7265
69	6e64
2066	756e
67	6574
69	6c6c
616d	65
2061	73
20	6a
72	61
676574	686572
2061	74
2063	6174
2064	6964
20	7265
20746f	676574686572
75	72
61	636b
2073	65
6c	79
2074	7265
20646f	67
6f6f	64
2063	6f756c64
74	6564
69	63
2063	616e
2062	616c6c
2067	6972
6172	64
20746865	6972
6172	6b
20676972	6c
20706c6179	6564
6d	79
65	63
2068	696d
2067	6f
2072	6f
77	6179
3f	22
6865	64
206c	65
206b	6e
61	696e
20	6f7574
6865	6e
2066	72
2061	7265
27	74
75	6d
20626f	79
20746865	6d
207361	64
75	6c
61	78
20747265	65
6f74	686572
6f75	67
206861	7665
206c6f	766564
206d	616e
206c6f6f	6b6564
2063	6c
2066	6f756e64
2073	70
207374	6172
2053	7565
6f6e	65
2073	63
6f77	6e
2062	61636b
68	696e67
61	7265
204d	6178
206265	63
73	696465
206c69	6b65
66	756c
206d	65
6f	70
6f6e	67
2070	61726b
2077	6f756c64
6967	6874
206c69	6b6564
72	6f756e64
2066	61
20	4f6e65
656c	74
2042	7574
206c	61
2063	6172
2066	656c74
206d	616b65
20	57
65	6c6c
2053	616d
206173	6b6564
6172	6564
6f6d	6574
59	6f75
69	6365
61	67
2073746172	746564
206e65	77
2063	616d65
207365	65
6f7567	6874
6f75	7365
206e	6f
2042	656e
2061	6c
696c	6564
2061	67
20	6f74686572
2067	6f6f64
2073	6f6d6574
6f	62
20736d	616c6c
70	6f74
2062	72
20736d	696c6564
73	73
6164	65
7269	6564
696e67	73
2073	6179
2066	696e64
2077	6f72
2065	78
2061	776179
206672	6f6d
206d	616465
207468	6f75676874
2053	706f74
2068	6f6d65
20736f6d6574	68696e67
2063	6f
656e	6564
20706c6179	696e67
74	79
207768	6174
2070	7574
207761	6c
2065	76657279
206d	75
61	6368
69	61
75	63
69	65
6f6f	6b
20	46
2064	6f776e
69	6c65
2072	616e
6e	79
206167	61696e
64	64
61	7665
20746f79	73
6172	6e
2070	72
207363	61726564
6b	696e67
206c61	7567
20	4a
20746f6f	6b
2073	6f6d65
69	66
61	62
2068	6f757365
2066	6c
2061	726f756e64
75	7265
20626f	78
2073	77
6973	68
65	70
206c65	61726e
20796f75	72
6f75	64
7265	74
69	636b
2073	756e
206c69	766564
207468	696e6773
2077	696c6c
20	596f75
20746865	6e
2062	6c
65	77
206d	79
75	636b
61	73
2077	68656e
7070	6564
2061	62
2c	22
75	73
2067	6574
616e	6b
54	696d
54	68
2063	68
206c	6f74
6f74	68
61	70
7563	79
756d	70
2074	72696564
207768	6f
204d	6961
6973	74
2066	65
2067	6f74
75	7374
206b6e	6f77
6974	6564
206162	6f7574
20696e	74
20736179	73
206d616e	79
616c6c	79
6e64	6572
206b6e	6577
2072	6564
69	7665
2070	726574
4c	696c79
2064	6563
61	75
20616e	79
20	44
6973	65
6f75	73
61	6365
2070	6963
6175	7365
206d	6f7265
66	746572
2063	617265
71	75
206265	7374
206f	70
20626563	616d65
2042	6f62
204c	756379
e2	80
2070	6f
66	65
776179	73
20626563	61757365
6974	65
206c6561726e	6564
206f7574	73696465
207761	746572
206578	63
2068	7567
20616c	77617973
206c6f6f	6b
2062	6f7468
20726f	6f6d
20696e74	6f
2075	6e
206c617567	686564
2053	6f
6964	6564
2041	6e64
207368	6f77
2067	7265
2065	6174
20646563	69646564
2068	6f
616e	74
20	76
7572	70
6572	73
2070	65
75	6464
20	45
204d	6f6d
6e	6e
206a	756d70
206f6e	65
206c	6f6e67
207468	6973
2072	756e
59	6573
206661	7374
206e	696365
20657863	69746564
20	6b65
54	6f6d
2064	6164
206665	656c
20746f	6c64
546865	79
2073	6b
2061	6d
206d	6f
6f75	72
20696e	73696465
6c65	77
2074	72
2073	6c
20726f	636b
2073	6f72
75	6c6c
696e	79
2074	616b65
757270	72
2070726574	7479
6e6e	61
2065	616368
2067	7261
2067	617665
2073	75727072
696e	6b
206d75	6368
696d	616c
57	68
20616e	696d616c
207374	72
2068	6f77
207468	616e
206c	6574
206e65	6564
72	6f
42	7574
6172	61
76	656e
20746f	77
206f	6c64
2075	6e646572
67	6564
20736f72	7279
20	43
6573	73
2077616c	6b6564
20	6f72
2063	6c65
66	74
2074	61
61	6e64
6f	67
67	65
206861	6e64
206b	696e64
6973	6564
7572	74
2066	697368
66	66
2074	65
20636c	6f
7572	6e
2048	6973
207761	74
2068	6967
76	696e67
2041	6d79
61	7365
20616e696d616c	73
70	6c
2068617070	656e6564
2057	65
2075	73
2073	6e
206a	757374
20736b	79
6865	7265
206c	697374
63	686564
20666c	6f77
20	696465
206e65	6172
72	6f6d
2074	7279
2066	6f6f64
20646964	6e
20696465	61
696e	65
20	656e
67	7279
2062	6574
6162	6c65
2066	6c6577
2066	69
206974	73
6563	69
65	78
207368	617265
2063	616b65
6174	65
5468	616e6b
7265	616d
20	6966
2063617265	66756c
20626574	746572
207374	6f72
206865	617264
2064	616e
656369	616c
207370	656369616c
70	6563
2074	77
206265	6172
2054	68
206c6f74	73
2077	696e64
69	6f6e
6c	66
62	6572
2064	6f6e
6d	6f7265
20616e79	6d6f7265
20636c65	616e
2067	72
4d	6f6d
206e65	766572
2066	6f
756464	656e
2062	7567
2062	75
6f70	6c65
20546865	6e
2074	616c
2063	6f6d
2062	79
2068	617264
2066	6c79
2065	6e64
206d	6167
756464656e	6c79
2066	6f7265
206f	766572
6f72	74
2041	6e6e61
2065	76656e
72	6d
2045	76657279
2074	75726e
0a	0a
6164	79
207065	6f706c65
2061	66746572
20686967	68
2066	616d
207361	6665
20636f	6c
206c6f	7665
75	6666
2062	6164
2063	6f6d65
62	62
61	6b
2067	726f756e64
696d	62
207072	6f7564
20646f	6f72
706563	746564
207368	696e79
41	73
2068	757274
20636c	696d62
20706963	6b6564
206f70	656e6564
4c	6574
2067	697665
206c	6f7564
2067	6c
20626c	7565
6578	706563746564
20756e	6578706563746564
27	6d
2063	6865
207375727072	69736564
207761	79
207468616e	6b6564
696c	64
2063	75
2057	68656e
756d	6d79
2063	616c6c
2046	726f6d
2065	766572
20636f6c	6f72
2062	6f6f6b
617264	656e
2067	617264656e
2048	6572
20	4b
6f7567	68
206d6167	6963
2066	6172
6b	6179
4e	6f
20	696d
20706c	616365
2075	6e74
207374	696c6c
6f6f	6c
2070	6172
20687567	676564
2053	617261
20	50
206d	61
206f66	66
6167	65
2066616d	696c79
20736d	696c65
74	757265
2049	6e
2077616c	6b
6865	73
20756e74	696c
206a756d70	6564
2070	61
206e	6f77
69	7a
206b	6964
69	70
616e	65
207368	6f756c64
65	6d
20	7175
697474	79
756666	79
756e	6e79
20737472	6f6e67
207374	6f
63	74
20666f7265	7374
64	79
207374	69636b
2061	7070
207374	6179
20677265	6174
2073	7175
2064	7261
61	7574
2062	7261
206272	6f
78	74
206e65	7874
2074	7261
20626f	6174
2068656c70	6564
206265	617574
2053	616c6c79
6c65	73
2068617070	696c79
6c65	617365
206a	6f
69	6573
206861	74
20706963	74757265
2073746f72	79
206c697374	656e
2073686f77	6564
6e	696e67
69	66756c
20636c6f	73
206265617574	6966756c
6c	75666679
2063616c6c	6564
6f	6f6e
207768	696c65
206b6964	73
74	68
206d	6574
4e	6f77
206f70	656e
70	74
206672	6f67
206d	6f72
20746f77	6e
207265	6d
43	616e
20736f	6674
2073746f	70706564
7265	6c
49	74
20696d	70
206265	696e67
206576657279	6f6e65
67	6572
48	65
2061	64
62	6974
2072	61696e
62	79
2079	756d6d79
6162	626974
2063	61
20776174	6368
57	68656e
20616e	677279
20636f756c64	6e
204c	6574
6172	79
206d	6f757365
2046	6c75666679
2072	6162626974
76	656e74
7265	65
20646f	6c6c
204b	69747479
2064	65
207472	75636b
62	65
7265	7373
6464	6564
6973	686564
206c6f	7374
20736c	696465
20627261	7665
207761	726d
2077	6f
206c65	617665
206174	65
2067	616d65
2057	68
66	6f7265
6973	73
20666c6f77	657273
206661	6365
2066	656c6c
206b65	6570
207477	6f
2063	6f6f6b
6f77	6c
20	52
6f	636b
2070	7573
2063	7279
696c6c	79
2062	6564
20736f	6f6e
5468	6174
20677265	656e
2077	68657265
206e6f	697365
73	6f
67	616e
7365	6c66
207361	74
206e6f	64646564
2062	756e6e79
20616c	736f
6972	6564
e280	9d
206861	76696e67
48	69
206669	78
206265	666f7265
20686f	6c65
206b65	7074
64	6179
e280	9c
5768	6174
65	6172
2079	656c6c
20636174	6368
4c	6f6f6b
2075	7365
62	6c65
61	7a
6972	72656c
2070	61696e
6972	7374
206865	6172
2068616e64	73
546865	6e
207374	6f7265
2066	696e
206578	706c
42	656e
207573	6564
207468	72
20737175	697272656c
206d6f6d	6d79
2073	696e67
2066756e	6e79
20	4e6f77
2063	7261
2065	79
2074	69726564
75	6368
20676f	696e67
2062697264	73
207761	6974
206c6f6f	6b696e67
2062	7265
6179	6265
6f	79
206b	6974
7567	6874
74	68696e67
65	6574
206661	76
20	6f7572
616e	6765
2064	6966
6c	6564
6c65	6570
2073756e	6e79
206d65	616e
2043	616e
2070	756c6c
2077	72
656d	626572
61	6972
20706172	7479
20	696365
2074	7269
20706f	6e64
20776f72	6b
2062	7573
20666c	6f
63	68656e
206b6974	6368656e
206861	73
207468	696e6b
57	65
207361	6e64
20776f72	6b6564
206d	657373
61	63
2044	6f
2064	72
206865	6164
6f72	6e
6f	68
206f74686572	73
74	696e67
75	6974
6e	67
206579	6573
206d6f72	616c
20666176	6f72
2073	6f756e64
206661766f72	697465
207265	616c
206f	6b6179
206265	68
20	7a
20	e2809c
6c6c	6f77
7265	77
69	6f7573
207368	61726564
6174	68
6f68	6e
2074616c	6b
2072656d	656d626572
7a	79
6a	6f79
206164	76656e74
6d	61
206173	6b
656c6c	6f
48	656c6c6f
2070	6965
206d	6f6e
2063	6f6e
206375	7269
2079	617264
2076	6f
20	7269
2072	69676874
20636f	6c64
696d	6573
20696d70	6f7274
20626c	6f636b
2063757269	6f7573
2063	7574
20	47
2064	6973
6c6c	79
20656e	6a6f79
206d6f	7665
207265	7374
20	6f776e
2068	696c6c
20666f	6c6c6f77
206d61	6b696e67
7265	6564
207377	656574
2068	6f70
41	74
20666c6f77	6572
20746f	70
2064	6972
2066	69727374
206272	69676874
207368	6f
204a	61636b
44	6f6e
206c	616479
20647261	77
20696d706f7274	616e74
6b	656e
6f75	6e74
2074	616c6c
20776174	63686564
206265	67616e
2072	616365
69	6564
207468	696e67
20636c	61
207461	696c
7374	6572
206265	6c
41	66746572
6665	7265
2073	6c656570
2064	75636b
57	6f77
2070	69636b
2062	6167
20646966	66657265
20666f72	67
206e	69676874
2068	6964
6563	74
2064	61726b
206167	72656564
20666c6f	6f72
20677261	7373
206865	7265
2068	6f74
2074	61626c65
207374	6f70
206861	6972
71	7565
2068	756e
207461	7374
206c65617665	73
2073	6f6e67
205468	6973
207368	6f7574
6172	696e67
20766f	696365
207377	696e67
206e656564	6564
20776f72	7279
207072	696e
2079656c6c	6f77
207265	6164
2064	72657373
2077616c	6b696e67
2064696666657265	6e74
6967	6e
2074	656c6c
2072	75
5768	79
20747265	6573
2070	6170
2070	6c65617365
20616476656e74	757265
2044	6164
204d	72
2064	656c
207475726e	6564
20636c6f73	6572
2046	696e
4d	6178
20636f6c6f72	73
e280	99
63	6f
53	756464656e6c79
20666172	6d
20636172	73
207375727072	697365
206c617567	68
2068756e	677279
20646f	6573
6973	79
61	63686564
6f	6f6d
2053	756464656e6c79
20706965	6365
206c69	6f6e
2077	6574
2054696d	6d79
7070	79
6279	65
62	6f
69	656e74
53	7565
2063	72696564
53	616d
207072	6f6d
2070726574	656e64
20667269656e64	6c79
696c	61
6572	6564
20626c6f636b	73
20616e	6f74686572
41	6e6e61
20747261	696e
2064616e	6365
2077	6f6f64
2066	756c6c
20626568	696e64
2062726f	6b656e
20746f	756368
61	66
20636c696d62	6564
2064616e	63
204a	616e65
20617070	6c65
20627574	746572
63	6b6564
2067	6f6e65
6262	6564
77	68657265
53	6f
73	68
205468	6174
207374	65
20616d	617a
53	6865
206665656c	696e67
2072756e	6e696e67
206661	6972
2041	73
20736d	656c6c
61	76
2068656c70	696e67
20676f6f64	627965
2061	6e74
207265	616479
20706170	6572
2070	6572
206c697374	656e6564
207265	6163686564
6174	6572
69	6b65
207377	696d
206f6e	6c79
6162	79
6963	6564
20686f	6c64
2063	72
53	617261
20	4f
207265	706c
2061	63
20426f62	6f
20726f	6c6c
2063	7265616d
20707573	686564
20636c6f	7365
20736c	6f77
2063	6f6f6c
2066	69676874
207761	6c6c
72	6564
2073	6974
70	65
6173	68
206d75	7374
206c	69676874
20676c	6164
207761	67
206669	7265
2041	6c6c
206c	657373
2064	7269
6965	6c64
2064	6f6e65
20706c	616e
2074	696e79
20776f	6e646572
20	6f776c
206672	756974
206d6f6d	656e74
20746872	6f756768
6b65	79
207374	75636b
2064	7265616d
6f74	74
2077696e64	6f77
49	6e
207365	6573
20747279	696e67
206265	656e
2062	6172
6174	686572
207265	616368
206578706c	6f7265
206275	696c64
2061	72
616d	6573
2077	697365
2062	616279
2064	696e
2068	696465
204d6f6d	6d79
206a6f	696e
207468	616e6b
206c6f6f6b	73
2077	6973686564
2070	656e
2062	6974
20636c	6f7564
204576657279	6f6e65
206e65	7374
20646f	696e67
207363	617279
206275	79
2073686f7574	6564
2066	616c6c
20636f6d	696e67
616e64	79
2062	6c6577
2061	6972
616d	70
207365	656e
6176	79
4d	6961
207265706c	696564
6f6e65	79
20627574746572	66
20747265	6174
206368	696c64
20706572	66
206865	6c64
206c65	6674
206272	616e
70	68
61	697379
2077	696e
6173	6b
207175	69636b
20756e646572	7374
206d	6174
656c	79
4f	6b6179
6f72	6d
6e64	6d61
2066	696c6c
20677261	62626564
206375	70
20626f6f6b	73
206c61	6e64
20646972	7479
20736e	6f77
2070756c6c	6564
2064	726f
20626967	676572
207768	79
20736f6d6574	696d6573
206d	69676874
697a	6564
2072656d656d626572	6564
20636f6c6f72	66756c
207475726e	73
206e616d	65
206361	7374
2062726f	6b65
2063	6f756e74
20686f	70706564
2062	6f7474
75	70
206368	616972
207370	6c
2073	757265
6174	696f6e
6f75	70
2070	696e6b
20636c61	70706564
64	6572
75636b	79
6963	79
206a	6f62
27	7265
207468	726565
2073746179	6564
20546865	7265
2067	6966
2067	616d6573
4f	68
6f7574	68
206d	6f757468
74	6f6e
726f	6f6d
2041	66746572
6f77	6572
207761	766564
20616e79	7468696e67
207061696e	74
206c657373	6f6e
65	65
20776f6f64	73
2073	6574
206772	6f77
207761	69746564
206e6f74	69636564
20636f6e	74
69	78
207370	6f74
20656e6a6f79	6564
2070	6f74
2062616c6c	6f6f6e
2070696374757265	73
2062757474657266	6c79
20616c	6f6e65
207768	697465
20706c	616e74
206865	617679
206265	65
5468	6973
2074	69676874
6172	74
207377	616d
207365	61
48	6572
756464	79
206272	6f74686572
207468	726577
2067	656e74
22	2e
20717569636b	6c79
20666f6c6c6f77	6564
206d	697373
206465	6570
206c696b65	73
64	73
53	706f74
42	6f62
20636f6f6b	696573
206d	6172
20776f72	6c64
206a	75
696e	73
206576657279	7768657265
6f	6c6c79
20636c	6f74
6173	757265
2070	75
20636c6f74	686573
2079	656172
6f75	6e
4c	756379
6170	65
61	75676874
64	65
6c	63
206c65	6166
6973	746572
2070	6174
7a	65
726f	7373
207772	6f6e67
63	6c65
207765	6172
2044	61697379
7269	6573
2063617374	6c65
206d	756d
207765	6c6c
206e	6170
617265	6e74
204a	6f686e
6c65	7373
6e	6572
6d	616e
2072	6f756e64
207175	69
75	6564
206d616b65	73
616e	67
206d	6978
20717569	6574
206272	6f75676874
2070	6172656e74
2063	7265
20746f77	6572
2068696d	73656c66
6f	65
2066	69656c64
2042	75646479
2072	696465
2077	6f6e
20	7665
20736e	61636b
20627574	746f6e
2064616e63	6564
2077616e74	73
205768	6174
20666f7267	6f74
2066617374	6572
206d75	73
20627265	616b
6f	73
2061	726d
756c6c	79
206b65	79
44	6f
2077	697368
204c	696c61
2064656c	6963
2068	6974
7468	79
2074616c	6b6564
20647261	67
20676966	74
206265	616368
67	67
207368	6172696e67
2073	69676e
72	6f77
66	756c6c79
20636f6d	70
6365	7373
2073	6973746572
207269	766572
72	6f74
2066696e	6973686564
6c65	7068
20706f	6c
656e	6365
2064	7279
2062	696b65
2072	61
46	726f6d
207368	696e
206c65	67
63	79
2064616e	676572
617264	73
2076	6973
206b	696e67
2064696e	6e6572
206272616e	6368
20626f7474	6c65
207265	616c6c79
20756e6465727374	616e64
7665	73
206d6f6e	6b6579
7070	6572
2066	7572
7265	6e
2064726167	6f6e
20496e	73696465
616e	6365
2062	6f72
697474	656e
207265	6c
2054	6f
4a	6f686e
206d6f6e	73746572
2070	6967
20626c	61636b
2065	6d
2041	74
7573	68
20636f6e74	696e
6564	6479
20736e	616b65
2067	69
2066696c6c	6564
2066616972	79
48	6973
20666f	78
20746f	646179
207370	72
20726f636b	73
20706f	696e
696d	69
41	6d79
20736d	617274
20736f6d65	6f6e65
2066	616e
2067	75
207765	6c63
206c6574	746572
206174	74
2063	6f77
61	7374
2077	6865
2073	696465
7665	6c
697474	696e67
20776f72	72696564
20656174	696e67
2063617265	66756c6c79
6374	6f72
4a	757374
206d7573	6963
207361	6e67
2070726f6d	69736564
7365	73
20706172656e74	73
206576657279	7468696e67
2062	6f776c
5768	696c65
2079	6573
2065	6c
65	6164
207069656365	73
206d61	696c
20766973	6974
2070	6574
2070	756464
2066	726565
206272	6f776e
2042	696c6c79
7a	7a
2062	697465
206368696c64	72656e
204d	61796265
6174	6564
2073	696c6c79
20636f6e74696e	756564
207368	6f70
20726f	6164
74	73
207265	73
2062	6f756e
2068617070	656e
2073	6f7570
20656c	7365
7374	656164
2074616c	6b696e67
2065	6767
20536f	6f6e
206a	6172
20666c79	696e67
206d75	64
20	717565
2e	e2809d
20736d696c65	73
2070657266	656374
46	696e
20746872	6f77
207265616c	697a6564
2045	6d
656c6c	61
20776167	676564
206d6f	766564
20637261	62
2073	697474696e67
206c617567	68696e67
206472	696e6b
206d	6f74686572
20656e	6f756768
20726f	7065
2053617261	68
67	6c79
207368696e	696e67
20636c6f73	6564
20616d617a	696e67
636b	6574
2062	617468
20	5a
6f72	64
207365	63
207061	77
206b	697465
2062	75636b
20737472	616e6765
20736d	6f
204d	696d69
207361	696c
756e	6368
20776f72	6473
2065	6172
66	697368
2077697468	6f7574
2064616e676572	6f7573
206f72	616e6765
2077656c63	6f6d65
207374	75
207061	7373
20	2d
20736563	726574
4d	61796265
7070	696e67
2063	65
66	6f7274
206f776e	6572
206c	6f6e
2063	616e6479
207768	697374
2074617374	79
2073686f	6573
20637279	696e67
207374	6f6e65
207374	616e64
20626172	6b6564
206c6f6e	656c79
206c69	76696e67
7573	6564
69	766572
206865	616c
6973	6573
207361	636b
2070	7265
63	686573
207061	7374
2070	757270
21	e2809d
206d6f72	6e696e67
20686967	686572
69	6368
6172	6d
20707573	68
2062656c	6965
2042	6c
207363	7265616d
20677261	6e646d61
616d	61
50	6c65617365
207374	7265
204a	656e
2070	68
6973	6b
2070757270	6c65
20626c	616e6b
67	79
6174	6f
7261	6374
69	626c65
65	79
626f	617264
20736865	6c6c
6c657068	616e74
6368	6f6f6c
207377	696e6773
206361	75676874
2043	68
6c6c	6965
6c6c	61
2066696e	616c6c79
20626c616e6b	6574
6f6e	73
6d	65
20676574	74696e67
2061736b	73
20726f6c6c	6564
2073	63686f6f6c
206d	6164
2064656c6963	696f7573
4d6f6d	6d79
207472	6f75
73	6574
65	6f
207465	6163
6173	6564
20746f	6d
2070756464	6c65
2070	696c65
206d	696e65
636b	73
69	7265
2062	6174
20617070	6c6573
206661726d	6572
6967	68
2077	6f7265
207361	6d65
20686572	73656c66
69736b	657273
20646f6c6c	73
6c64	6572
20747265	6173757265
75	62
62	72
61736b	6574
20637574	65
2077	696e6773
2073696e67	696e67
206372	6179
2067656e74	6c65
20546f6d	6d79
2070	657273
2062	61736b6574
204a	6f65
2066	6974
2062616c6c	73
20706c	616e65
2064726f	70706564
2079656172	73
206d	6f6e6579
206a	65
2072756e	73
20636172	726f74
206c	616b65
2065	6c657068616e74
20636865	65
2063	6f726e
2062	656e
0a	20
7468	646179
6972	7468646179
20636f	6174
20686f70	6564
2063	6f7572
2073746172	74
206272	696e67
207365	6172
20646179	73
6175676874	79
20636f7572	7365
2074656163	686572
206e	617567687479
20776f	6b65
6174	6f72
206172	7269
20666f7265	766572
20646f	63746f72
20426c	7565
696e	6564
46696e	616c6c79
2075	676c79
206d6f	7374
206c	756e6368
756d70	79
206a75	696365
2074	65646479
2070726f6d	697365
2070	696c6c
206d	696e
206a6f	79
20627573	68
205768	69736b657273
6172	70
207365	6564
207370	696e
206f	62
20686964	696e67
2062	69727468646179
205468	616e6b
2042	656c6c61
6f	7365
6972	74
20726f	62
2062	616e64
206c65	6d
6974	6368
2076	696c6c
61	696c
20746f	7563
2047	7261
6f	6c
2077	7261
6170	6573
27	6c6c
207761	72
2073747265	6574
207368	617270
696c	6b
69	70706564
2066	656e6365
2046	726564
73	77
61	7373
20677265	77
20616e	7377
204c	656f
2065	6173
20636f6f6b	6965
6d	6564
4a	61636b
206d	696c6b
2062	6f77
207465	616368
207370	6f6f6e
66	75736564
207468696e6b	73
2063	617264
2062656c	6f6e67
207368	61706573
61	6c65
207368	79
2070	6f70
62	6f77
207368	72
69	6572
20627265	6164
6964	6765
20726f636b	6574
2070	6f776572
206d	61726b
20696e	63
2062656c6965	7665
73	79
62	616c6c
20746f7563	686564
20736c6f77	6c79
20637265	6174
20637261	77
2062	6f6e65
73	63
2068656172	74
2062656e	6368
6572	7279
206c	617465
206162	6c65
207072	6f62
206d61676963	616c
2061727269	766564
6c	696e67
6574	6572
20616d617a	6564
6f6f	7365
65	6d79
20726f62	6f74
20706f	636b6574
20747269	70
206772	6179
20646972	74
206275636b	6574
206265	6c6c
757274	6c65
206b	697373
20636f	6c6c
20636172	7279
20627573	79
207368	6f6f6b
206e	7574
206e	756d
20636865	65726564
207365	6174
206e6f	7365
756e	67
206665656c	73
2066	6577
6c65	6d
207477	696e73
20636f	696e
207a	6f6f6d
2076696c6c	616765
2070726f62	6c656d
206772	756d7079
65	61726564
2073746f72	6d
20666978	6564
61	7070
20736f756e64	73
2073	7567
206e65	636b
6f	7374
206c69	7665
206b	697474656e
4f	4b
207370	6f
20706174	69656e74
20776f6e646572	66756c
2073746f72	696573
20796f75	6e67
6b	696e
207368	616b65
756e	61
20687567	65
6967	67
2077	696465
207370	61726b
2063686565	7365
20746f77	61726473
207275	6465
2064	697374
20776865	656c
207261696e	626f77
47	6f6f64
20636f	766572
20636172	74
207461	6b696e67
207075	707079
206769	616e74
207761	7665
666f7274	61626c65
207768697374	6c65
6f7572	6e
4c	696c61
207472656174	73
2064	69
2064	6573
6972	70
6570	656e64
2074	7572746c65
206a	6f75726e
20737472	696e67
20736f6e67	73
206d65	6574
207570	736574
2068	6f72
20647269	766572
6f70	68
6262	6c65
20776f72	6d
20646973	617070
6164	6f77
2063	6972
53	757265
20677261	62
2041	6e6e
2073	7563
20686f6c64	696e67
2068	6f6e6579
207361	6c
206d6f	6f6e
206c69	6665
204d6f6d	6f
20627567	73
656e	73
4f	66
20696e	76
204a	757374
42	65
206c	6179
206669676874	696e67
696c	696e67
2073	6f7572
207265	63
206d	697374
2070	617468
2062	616e
6f756e74	61696e
6973	61
20736d6f	6f7468
6f72	73
656c6c	79
20	4e
6966	65
2072	6164
206c	75636b79
206a	6577
20	4f6e
206e	6574
206a6577	656c
20626f	7373
62	6c6564
616c	6d
20736d656c6c	79
20687567	73
204d	61726b
207468	696e
2062	7269
6f6e65	7374
2073616e64	77
2052	656d79
75	6e74
6f	7665
53	74
2077	696c64
206e6f	69736573
2062616e	616e
756c	6172
206e6f74	65
2068	6f6e657374
20456d	6d61
2073	6572
207072696e	63657373
20636c	6f7468
2062	61
206d697373	6564
206a6f	6b65
206265	616b
20736565	6b
207065	616365
73	70
6e	6f74
6c	6f776572
2074617374	65
20736865	6c66
206c616e64	6564
2063	6f75
2063	617665
6967	6572
20736e6f77	6d616e
206d	6564
20646f67	73
2063616e	6e6f74
206163	726f7373
697a	7a79
2046696e	616c6c79
6572	74
2073	656c
2063	726f7373
617465	66756c
61	7572
20706172	74
204d	6f6c6c79
65	7374
2073706c	6173
2073	756464656e6c79
206a	656c6c79
206475636b	73
2064726f	7665
20647269	7665
206f72	67616e
206d	61796265
20696e	7374656164
2066616e	6379
2068656c70	66756c
20636865	77
2061	6374
20666f	6f74
54	6f
20737465	70706564
206c656d	6f6e
20616476656e74757265	73
207374	6570
206772	61746566756c
206578	70
69	616e
2073	69636b
206f	76656e
65	7265
4c	61746572
206c	696e65
2053	70
2044	6f67
7265	6164
2064	697368
20	69676e
6f	707079
207a	6f6f
20776173	6e
4865	79
20776f72	6b696e67
20776173	68
207370	65
20676c	6f77
2066	6c65
6f70	65
6f6f6d	79
2073656c	66697368
206368	616e6765
2061	76
6c65	74
6974	79
207075	7a7a
206a	6f67
20636f6e	6675736564
206368	6f
2070	72616374
6972	72
6964	79
657265	7374
206c	6164
206865616c	746879
20646164	6479
207772	697465
2074616b65	73
20696e74	6572657374
2063	6170
2062	6f75676874
207765	616b
2070	616e
206c61	7374
20666f7267	697665
20666f72	676574
206173	68
6964	6572
206d657373	79
2073746172	73
207368	697274
2077686f	6c65
207465	61
20736c	6964
20636f6d	6573
207068	6f6e65
20626f	6f74
636f	6c
207761746368	696e67
20737469636b	73
207072	6f74
206c6164	646572
77	617264
207465	616d
207361	7665
20686f70	65
206368	61736564
20616e79	6f6e65
706563	74
206d79	73746572
206c69	6674
20636c65	766572
2070696c6c	6f77
204f	6c6c6965
74	6f
697a	65
206665	6174686572
2073706c	617368
20656173	79
616d	6564
2065	6c646572
6f72	6b
20656c646572	6c79
6f	63
53	616c6c79
20736565	6d6564
2070	6f7572
204c	697361
65	766572
6262	6c6573
206d	696e64
206c6567	73
2066696e	697368
20706c616e74	73
2063	616c6d
20616c	6f6e67
697a	7a
2074	696479
2070657273	6f6e
2062	61726b
2076	616c
207265	74
2070	7269
2068	756d
756c	74
6974	696e67
697270	79
61696e	6564
53	6f6f6e
2074	617065
207361	766564
2073	75
20686f72	7365
6c6c	6f
43	6f6d65
20736865	6570
20726574	75726e
2043	6174
3f	e2809d
2070726574656e64	6564
2070	696e
206c6f6e67	6572
2066616365	73
206d	616368
206c6f	636b
206c	61746572
20696e746572657374	696e67
75	616c6c79
64	656e
20776f	6c66
20446164	6479
20636f	7a79
696f6e	73
2073637265616d	6564
20656d	70
20636c6f7564	73
6f	636b6564
2077616974	696e67
207375	7070
2072	696e67
20656d70	7479
2065	6167
2042	75
626f	78
20776f6e646572	6564
2074	6965
206d697374	616b65
20626f756e	6365
2043	6f6d65
20	656e74
20736c656570	79
207269	6368
2054	56
207374	726574
2070	6f6f6c
20626f7373	79
2073	756368
206472	616e6b
207468	6f756768
207370	69646572
2066	616b65
206368	69636b
206272	757368
756e	6b
6f726d	616c
6574	68
20546f	676574686572
70	696c6c
70696c6c	6172
206e	6f726d616c
206275696c64	696e67
207377696d	6d
20737567	6172
207374	7261
206f6e	746f
2044	75636b79
6c65	6272
206c	6172
20676f	6174
2042656e	6e79
206365	6c656272
2057	697468
4b	69747479
20717565	656e
20686964	64656e
204368	69727079
207072696e	74
2070	61636b
206c61	77
2067697665	73
20737072	6179
206d616368	696e65
2063726179	6f6e73
206b	69636b
2067	6174686572
206672756974	73
2064	726577
2063	686572
7572	7365
206c6f7665	6c79
206a756d70	696e67
6f6e	74
697a7a	61
20706f696e	746564
20636865	6572
2063	616765
69	7070
6572	70696c6c6172
206578706c	6f72
20636174	657270696c6c6172
2061726d	73
2077	696e67
20676c	7565
204d	79
207370	696379
207072696e	6365
206672	6f6e74
2045	6c6c61
207377696d6d	696e67
2070656e	63
65	6b
2076	616e
2074726f75	626c65
2070656e63	696c
20546865	6972
20477261	6e646d61
206c6172	6765
2066	696e67
2066	696c
656c	70
41	6e64
20746f77	656c
206d6174	746572
20636c65616e	6564
6163	6564
2073656172	6368
206e756d	626572
20617070	6561726564
204c	756e61
20	696379
6f6f	70
20777261	70
20707574	73
206d	697272
206d	656c
20667572	7279
204d	616d61
2047	6f
79	617264
207072	6179
206a6f75726e	6579
2067656e74	6c79
206261636b	79617264
2054	696e79
2053	74
6d	656e74
20736d656c6c	6564
206e656172	6279
206d697272	6f72
6f6f	66
207761	6e64
20706f776572	66756c
206665	6172
20446f67	6779
79	6d
6e	6564
6c65	76
64	6765
20696d	6167
2067	756e
20636972	636c65
6572	79
20736d	696c696e67
2070	697a7a61
206d6174	6368
20636f75	6368
205768	79
6f6e	6573
6173	70
20706c616365	73
2063	7269
2042	72
6f73	617572
6963	6b6564
5374	6f70
2064696e	6f73617572
2061	70
204a	696d
76	6f7573
697373	6f7273
6175676874	6572
48	656c70
206e65	696768
20636c61	7373
2061	66
2053	6f6d6574
204a	696c6c
207472	757374
206e65696768	62
20636172	72696564
204a	65727279
70	61
6f72	726f77
6765	7374
2077	6f6d
20706c	617465
206c61	7a79
20666c	6167
696e	61
20776f6d	616e
20717565	7374
206a65	6570
2068	7572
20617368	616d6564
2079656c6c	6564
20747269	6573
207472	7565
207465	6172
207363	6973736f7273
206c	616d70
2067	617465
2073	7572
20676c	617373
206672	69676874
2064616e63	696e67
2062	616c
69	717565
6262	79
4d	79
20756e	69717565
207368	6970
2073616e6477	696368
206472	756d
2064	61756768746572
206272	69646765
2049	66
20746f6d	6f72726f77
207374	6972
20736f	636b
2070726f74	656374
206465	7374
2042	756e6e79
207765	6172696e67
20737072	696e67
207275	62
206865	6c6c6f
7261	6964
207765	697264
206e	6572
2069676e	6f72
20676f	6573
20656d	62
20656167	6572
206166	72616964
656e73	697665
2074	656e74
20657870	656e73697665
20616e74	73
697474	6572
69	70706572
207465	7374
207361	66
20706f	6f72
206368	617365
206e6572	766f7573
20667269676874	656e6564
7567	67
20426f62	6279
20746865	7365
20737563	63657373
207265	67
20696d70	72657373
6d	6572
61	77
20756e	6b
207374	6f6f64
7261	7373
6172	72617373
7574	65
2073706c6173	686564
20736f	6170
20706f74	61746f
2070	756d70
206c6f7665	73
20696e63	726564
20656d62	617272617373
2048	6f77
76656e74	75616c6c79
63	6564
20736f	6c
207368	61726b
20676f	6c64
206665	6574
2064	697a7a79
20626f72	696e67
2062	616b65
6e	6f776e
6966	66
2070757a7a	6c65
206e6f74	68696e67
20696e63726564	69626c65
2042	65
77	65
6e	657373
6172	6c
2077	6973
20756e6b	6e6f776e
207465	657468
206d	61736b
2064	6967
204d	617279
6f	6e64
6e64	7061
20646973	636f
206372656174	697665
7570	6964
2077	6970
20757365	66756c
2073747261	77
20707265	73
206b6e	6f636b6564
2067	656e
75	616c
6973	70
20726573	70656374
20646563	6f72
2067	696767
626572	7279
2070	6179
2052	6578
72	61746564
63	7265616d
616e	79
207363	6172
206c65	6164
206d7973746572	696f7573
206d6172	6368
20636c6f73	6574
20636c6f	636b
207768	697370
20646973	67
207374	75706964
20737175	617265
2067	6f6f7365
2066616d	6f7573
2063686f	636f6c
207768	616c65
20706f6c	697465
20616e7377	6572
676574	61626c65
63	6f6d
616972	73
546f6d	6d79
44	6164
207665	67657461626c65
20736f	6c64
207065616365	66756c
206b	69636b6564
2067656e	6572
2050	6c65617365
2042	697264
6f74	65
6572	7269
6164	6f
20746f6d	61746f
20736e61636b	73
2066	6f6f6c
2065	7363
20636f726e	6572
2063	616e64
20737475	6479
20706177	73
206372	6f776e
206261	6c64
2044	6f6e
6f726d	6f7573
66	6963
207377	616e
20737465	616b
2072656c	6965
206e6f	697379
20646966	666963
2062616e616e	61
6c	766573
207368	61646f77
206d6564	6963
206d65	6173757265
206a	616d
2064697367	757374
20646966666963	756c74
2063686f636f6c	617465
72	6f62
6f77	6564
6572	61
6564	69656e74
2079	6f67
20776f756c64	6e
20776167	6f6e
206d6f6d	73
206d65646963	696e65
206665	6564
2064	7567
2042	656172
20	33
207468	69636b
20737175	617368
2073686f	65
207363	6f
2072	6f756768
206d75	7368
2064697367757374	696e67
206272616e	63686573
20626c	6f77
757374	7261746564
6d	62
2070726573	656e74
204272	6f776e
726f62	65
726f	79
70	6573
207061696e	746564
206d	6f756e7461696e
2068	6172
20656e	6f726d6f7573
20656767	73
20536f6d6574	696d6573
2074	65727269
2070657266	6f726d
206f62	656469656e74
206d	6973
2064657374	726f79
206465	6164
20416e64	79
75	6365
20756e6465727374	6f6f64
207377	6f7264
207370	616365
207363	617265
2073616c	6164
2072	7567
206d6978	6564
2062	75726e
2050	65
207365	6c6c
2068	6f726e
206672	7573747261746564
6f72	7279
656e	6e79
63	69656e74
20737465	616c
2067656e6572	6f7573
20636c	6179
6967	686564
6173	736573
20746f	7567
2074617374	6564
207374	756666
20726f	6172
206d	6f74
206c61	62
206772	6f7570
20616e	6369656e74
7265	656e
54696d	6d79
207370	72656164
206b6e	696665
20666f6f6c	697368
70	6c65
20746f7567	68
2070756d70	6b696e
206d757368	726f6f6d
20627265	617468
2062	61726e
63	6f726e
2074	69636b
2072	617265
20686572	6f
20636f766572	6564
2062	6974746572
756e67	6c65
756d	65
20736d616c6c	6572
20636c	6170
20626f72	6564
7573	75616c
207461	75676874
2074	69676572
206a	756e676c65
20636c65	6172
206265	616e
20496e	7374656164
2073636172	66
206d6f	76696e67
206d656c	6f6e
206861	6e67
61	6b696e67
20796f7572	73656c66
207761	6b65
2072656c6965	766564
207065	62626c65
206f72	64
206e7574	73
20646973636f	766572
2053	6f6d65
546f	676574686572
207768	696368
207465727269	626c65
207374616e64	696e67
207265	66
206d61726b	6574
2063	6f70
20756e	757375616c
206a6f696e	6564
206578706c6f72	696e67
2063	726f
206164	6d
756974	6172
696e	616c
6174	746572
2074686f75676874	66756c
2067	7569746172
2064726177	696e67
206173	6c656570
20	696e64
70	6f7274
6c	616e64
2073756e	66
2070617374	61
206173	6b696e67
66	746564
206d75	6666
20636f6d	62
616c	6f7573
4865	7265
2073706f	696c6564
207365	616c
2073	717565
206a65	616c6f7573
2057	696c6c
756d	7379
6967	696e616c
616d	6f6e64
496e	73696465
2076	617365
2068	6179
20666f	6c64
20636865	6170
20636172726f74	73
2074726f75	626c6564
2068656172	73
2066	6174
20656e	67
206469	616d6f6e64
2064	756c6c
20636f	7374
2063	6f6e65
20626563	6f6d65
6f70	617264
69727374	79
6964	656e74
207370	656e74
20686174	73
2050	6f707079
20	27
756c	62
616c	6b
2073656564	73
2061	6464
204a656e	6e79
2073	756974
2068	61726d
206172	726f77
696c	74
6572	6365
41	7265
207477	697374
207468616e6b	66756c
2073756e66	6c6f776572
207374	616d70
20706f70	636f726e
206f72	6967696e616c
2068616972	79
206669	65726365
20636f6c6c	656374
20626172	626572
2062	756c62
2053616d	6d79
2041	6c
7261	67
636f6d	666f727461626c65
20746f6f	6c
207374	7269
2072656c	6178
20656d62617272617373	6564
20636c	756d7379
20636869636b	656e
2063	757368
6f74	6f
6c	69676874
207772	6f7465
20756e	636f6d666f727461626c65
2074	756e
2066	696e65
20626c	6f6f6d
68	6f7374
6572	72696573
53	6f727279
207465	6d
20736e	6565
20706967	65
206d61696c	626f78
206578	616d
206472	6f70
2062	657272696573
79	616c
69	616e74
6570656e64	656e74
64	696c65
636f	64696c65
206973	6c616e64
206672	6f776e
2066696e64	696e67
2062616c	616e6365
204d	616e79
78	69626c65
616c	73
20776865	6174
206d69676874	79
206c6f	79616c
206c6f	7365
20626568	617665
206163	6f726e
20456d	696c79
6365	616e
61	70706564
207468	6972737479
2073686f	6f74
206f	6365616e
206775	657373
2067	686f7374
20657863	6974696e67
20656e67	696e65
2063726179	6f6e
20636c	6f776e
7365	6c766573
6174	6368
57	68657265
207363	6174746572
206d	6170
206b6e6f77	696e67
20696e64	6570656e64656e74
20656e64	696e67
78	696f7573
616e67	6c65
2072656d	696e64
20707269	7a65
206f7267616e	697a6564
206c69	66746564
2063726177	6c
20626f	6479
206265	6573
2062617468	726f6f6d
696e	657373
67	75
20776f72	64
2074	696564
2063726f	636f64696c65
20636174	73
20616e	78696f7573
20	55
74	69
696c6c	61
69	6f
64	6c65
20747269	636b
207072616374	69636564
20706c6179	66756c
206d	6963
206a	7567
20636f6d	666f727461626c65
20636865	7374
2045	76656e
67	6c
48	6f77
20796f7572	73
20726563	6f7264
207265	70
207069636b	73
206d6f74	6f72
206c65	6f70617264
20656e	76656c
2063656c656272	617465
74	7469
6e	6574
6865	747469
6167	6865747469
207072	6f
206a6f	6c6c79
20676c	6f6f6d79
6c	616365
20737475	6262
207261	76656e
206e65636b	6c616365
206c69	7a
20666c	617368
206275	62626c6573
7368	696e65
72	6179
676c	6173736573
616e	676564
2073756e	676c6173736573
207374	6174
207370	61676865747469
2073656172	63686564
2072	6174
20686f	7365
2066	6973
2064	6570656e64
20627269	6c6c
20627261	6365
616e74	73
4d	6f6c6c79
207072	756e
20666c65	7869626c65
20657363	617065
206272696c6c	69616e74
20626f79	73
2061	756e74
4d	616d61
20746f	617374
207374756262	6f726e
2070696765	6f6e
20616476656e74	7572
6c	7068
20756e	6c
2066	726167
20637261	7a79
2062616c6c6f6f6e	73
206176	6f63
6e	6963
68	6970
49	66
2072	61636564
2070	6f77
20	6572
6967	61746f72
67	726f756e64
207a	6970
207370	696c6c
20706f6c	696365
20706963	6e6963
206861726d	6c657373
20667269656e6473	686970
20656e	76
2063726177	6c6564
20636f756e74	6564
20626f7474	6f6d
20616476656e747572	6f7573
205768	696c65
69	76
63	6964656e74
4a	616e65
20766567657461626c65	73
207573	696e67
20747269	636b73
207065	70706572
2066726167	696c65
206578706c	61696e6564
2064656c	69766572
20636c65616e	696e67
206368	616e676564
206275	696c74
20626f	617264
2062656c	74
207261	6674
2070	6972
20656e76656c	6f7065
20646f	6c7068
20646570656e64	61626c65
6167	6573
2073706f74	746564
2073	656e64
206e6170	6b696e
206d6167	6e6574
206c697a	617264
2069676e6f72	616e74
206672	616d65
20636865	7373
20616c6c	696761746f72
4d	65
2073756e	7368696e65
2073746174	7565
207363	616c65
2073	696c
20726f	7365
2070617373	6564
206e656564	73
206d65	616e74
206c6f7564	6572
206b6e	6565
206368	6f6f7365
20626174	746572
20617474	6963
546865	6972
207765	616c
207374	6f6e6573
2073686f77	73
207368	69766572
206e6f	7379
206d6f	76
20696d7072657373	697665
2068756d	626c65
20636f6d70	6574
2053	756e6e79
6f7572	73
4d	756d
2074656d	706c65
2074656c6c	73
207374726574	6368
207363	72
73	6572
696d	70
6665	65
66	666565
20726164	696f
206c6f	67
206b6e	69676874
206465	6166
20637261	636b
2063617265	6c657373
206163	636964656e74
20	4e6f
77	6f726b
6974	686572
2074	6167
207377	65
20706f70	756c6172
2070	616e7473
206b697373	6564
2068	6f6f70
20646f	7665
696e6b	79
6964	646c65
6572	61626c65
207761	766573
2073746f	7665
207374	616765
2073	6967686564
2070	72657373
206e6569676862	6f72
206d6973	657261626c65
2064726177	6572
206368	75
756d70	6574
756c	75
6c6c	6970
6c6c6970	6f70
6374	6f70
45	76657279
20776173	686564
207761	6e646572
20747269	616e676c65
207472	756d706574
207461	6b656e
20736c	6970706564
207361696c	6f72
206d756666	696e
206c6f	6c6c69706f70
20686f	7070696e67
2067	6f72
20636875	626279
2062	696e
20616e	67
79	696e67
6f6e	79
696e	617279
6173	6572
207275	696e6564
20706172	726f74
206f6e	6573
206d61	7a65
206d	6964646c65
206a656c6c79	66697368
2066696e67	6572
2063757368	696f6e
20596f75	72
6f6d	6573
6e	656c
6d62	7265
6d	6f7374
6c	697665
2077616c6b	73
2075	6d627265
2066	6967
20636f6d	706c
20636f	66666565
2054	72
6961	626c65
2079	61726e
2077	69746368
207361	696c6564
20676f72	696c6c61
20666f	6c646572
2066696c	746879
2064656c6963	617465
2063	6162
63746f70	7573
20747261	76656c
207468	75
207368	6f7265
2072	6f6f66
20706f7572	6564
206d	696c6c
206c6f	636b6564
206a	61636b
206775	617264
20656e76	696f7573
20646573	6b
20616e7377	65726564
72616374	697665
636f	61
20706f	7374
2070656e	6e79
2068617070	696e657373
206368656572	66756c
20636162	696e
206272616365	6c6574
20616c	6d6f7374
75	6e64
6d	6574
20736d6f	6b65
20736572	696f7573
2072656c	6961626c65
206c6f	6164
20696e76	69746564
2068757274	73
2067	6172
2064656c	69676874
2062	617365
20617474	72616374697665
70	61636b
6578	74
61	707079
20756d627265	6c6c61
2074756e	6e656c
20736179	696e67
2068656c	6d6574
20666f72	77617264
7574	68
62	657273
61	6666
207765616c	746879
207368656c6c	73
207363	7265656e
2072657475726e	6564
20726567	756c6172
207061696e	74696e67
20686172	7368
206672	69646765
206465	6572
20636f6d706574	6974
2063	72696573
2063	6f6f
2062656c6f6e67	6564
7574	6f6d
75746f6d	6f62
75746f6d6f62	696c65
7572	6b6579
63	7574
63	6c6573
546865	7265
47	6f
20736f6c	7665
207368	616465
2070657273	697374
206f7264	696e617279
206e696365	6c79
206d	6f70
206c6f74	696f6e
20686f757365	73
2068	697665
206769	76696e67
2066	6f7572
2053	68
77	656574
7365	756d
207175	6172
206f	63746f707573
206e6f	64
206c69	6272
206a61636b	6574
2066656172	66756c
20636172	70
6574	65
617a	7a
2077	6f6f6c
2073757070	6f7274
2073756363657373	66756c
2073717565	65
206d75	7365756d
2064	6f756768
206275	62626c65
20626f72	726f77
2061	75746f6d6f62696c65
696c	7479
67	696e67
2074	75726b6579
2074	616e6b
206c697665	6c79
206c	6f77
206775	696c7479
20676574	73
20646f6c7068	696e
20637570	626f617264
20626f78	6573
20546f	646179
7572	62
2079	6574
20706f77	646572
206e6f	6473
206b6e	6f74
207374726f6e67	6572
20736e	696666
2073686f77	696e67
2072	68
2071756172	72656c
206d6f76	6965
206c6f7564	6c79
2068656c70	73
2068656c70	6c657373
20666c617368	6c69676874
20666c	757465
206365	7265
20626564	726f6f6d
20616c	657274
616e	676572
5768	6f
20776973	686573
207472	756e6b
2074	696d6573
20737065	6564
207368	696e65
206d	696c64
2068	6f6d6573
2067	656d
20666f72	6b
20666967	757265
2064697374	757262
2063	697479
616e	7574
2073636f	6f74
20726570	616972
20726164	697368
2070657273697374	656e74
207065	616368
206c69	636b6564
20676172	616765
20666c	75666679
206572	61736572
20616e67	656c
204a	616b65
6f	696e
6c6576	61746f72
6573	646179
20776865656c	73
207472	757468
2073	6c65
206d6f	646572
2065	6c657661746f72
20636f	636f61
2063617270	6574
204d	697373
746572	6e
616d	657261
2074	697265
20737065	616b
206c65	616e
2067	796d
2063657265	616c
2063	616d657261
756c	6966
72	6e
207370	656e64
206d6f646572	6e
206772	6f776e
20647265616d	73
20646563	696465
20637265	617465
20626f6174	73
204c	756c75
6972	6f6e
626572	72696573
6174	69656e74
61726d	696e67
53617261	68
207477	6967
20736c656570	696e67
207368	69656c64
2070656e	6775
20696d70	617469656e74
2068616972	637574
20656172	7468
20636f6f	6b6564
2063686572	72696573
206361	756c6966
20626967	67657374
6f72	61626c65
6972	6974
617373	696f6e
20746f77	657273
2074	6170
207374	6174696f6e
2073706c	6974
20736b	6970706564
206c696272	617279
206861	6c66
206368	61726d696e67
2052	6f7365
6a	656374
6173	696e67
2076	696e65
207472	6179
20736b	6970
2073	696e6b
20706f	6c65
206c	6974
20677261	706573
20666f72	7468
206163	6365
78	79
656e	7365
64	6f6d
426f62	6f
42	696c6c79
207768697370	65726564
207765	656b
207265	7065
206c6561726e	696e67
2068617264	6572
2068617070656e	696e67
2064	697665
206361	6374
2061766f63	61646f
7a	7a79
20777261	70706564
207361	7573
206f6666	696365
206c	79696e67
206a75	646765
206372656174	757265
20636f6d7065746974	697665
2063616374	7573
206164	6f7261626c65
79	65
756c	616e6365
7269	63
6f74	746572
6965	66
62	756c616e6365
46	6c75666679
20776179	73
20756e	636c65
207374726177	6265727279
20736f72	74
20706f696e	74696e67
206f72	646572
20677261	6365
20636f6d70	617373696f6e
206361756c6966	6c6f776572
20626f756e	636564
20616d	62756c616e6365
20	6f74746572
20	6564
7a	6564
77	6173
776173	686572
6963	74
67	656e
6174	73
20746f	726e
206d6172	7279
206b6e6f77	73
20677261	6e647061
2066	6f756e7461696e
2064697368	776173686572
206368	616c6b
20626172	72656c
74	656e
6c657068	6f6e65
207a	6970706572
20746875	6e646572
207465	6c6570686f6e65
206a6577656c	7279
20666973	686572
20646573	69676e
2053	6e
2052	6f62
656c6c	6967
207761	6666
207469636b	6574
20736c65	7074
20736b	696e
20736574	74
20696e74	656c6c6967
20676966	746564
2066	6174686572
2065	76656e7475616c6c79
20636c	7562
2050	65746572
6f7068	6965
6973	746564
6564	79
207768656e	65766572
207468696e	6b696e67
20736872	696d70
207368	7574
207175657374	696f6e
206a	6574
20686572	62
2067	617370
20	69726f6e
7269	6c6c
6f62	79
6167	6564
4a	696d
20747269	70706564
20737472	616e676572
207370	756e
20736872	696e6b
2072657374	6c657373
206c	6564
20657863	697465
2064	65746572
20636f756e74	696e67
20636f6d706c	61696e
2062	756c6c
20446f	6c6c79
6f70	6c
6572	6f706c
656c	657279
6163	6865
4d	756d6d79
207765	696768
2076616c	7565
207468656d	73656c766573
207175	6974
20706f	656d
206d6f	6c65
20636f6d70617373696f6e	617465
2063	617365
2061	65726f706c
7370	6974
73706974	616c
7261	6765
6174	6573
47	697665
2076616c	75
207468	696566
20736f	6172
20706174	7465726e
2070	75727365
206d75	6c65
20686f	73706974616c
20676174686572	6564
20646973617070	6f696e
206465746572	6d
20636f7374	756d65
2063	6f62
6b65	6570
20796f67	757274
207368	617065
206e656564	6c65
20676c	6f7665
2062697264	63
6f	6c64
6e	616d
657373	6965
2077	696665
2073	69676874
20706c6179	67726f756e64
20637269	62
2063	656c657279
206269726463	616765
204275	7a7a
7374	616c
64	656c
6174	696e67
3f22	2e
20746f	65
207374	7265616d
207370696c6c	6564
207068	6f746f
207065	6172
206d6f746f72	6379
206d6f	64656c
206b6e	6f62
20696e74656c6c6967	656e74
20656172	73
206465636f72	617465
20637279	7374616c
204a696d	6d79
20706972	617465
206e756d	62657273
206e	75727365
20676f	6c66
2066656174686572	73
20636f6d70	7574
20636f	616c
20616e	6368
2061	78
6965	77
656e74	696f6e
2077616c6c	73
2076616c75	61626c65
2076	696577
20747261	696c
2070	6974
2070	616c
206d65616e	73
206c61756768	73
2067696767	6c6564
206564	6765
2065	6974686572
206469736170706f696e	746564
2062617365	62616c6c
20616e6368	6f72
2054	65646479
204b	696d
6f72	79
6e616d	656e74
66	61
61	76696e67
2122	2e
2074656172	73
207370696e	6e696e67
20736f6c64	696572
207361	756365
207061	6c65
206f72	6e616d656e74
206f	696c
206861	6d
20656e	63
2050	657465
7573	686564
756d	626572
626f	6479
616d70	6f6f
4d	72
20737765	61746572
2070	696e65
206c	696d65
2068616e64	6c65
20666973686572	6d616e
20637269	636b6574
205370	696b65
204c	6974746c65
7572	696e67
7175	6974
71756974	6f
6973	696f6e
207370	69726974
2073686f	636b6564
20736166	656c79
20707265	70
207065	65
206d	7567
2068	756e74
2068	6f6f6b
20666c65	61
20627573	686573
2062696b65	73
206178	65
2054	6f6279
2042	696c6c
7765	62
7370	6170
2079	6177
2077	697265
2070616c	616365
2070	6f72
206d	697474656e
206a75	696379
20686f74	656c
2068	697070
20636f62	776562
2063616e64	6c65
2063	757274
205065	6f706c65
7572	6368
7570	6572
73	717569746f
6865	6164
616368	74
2076	696465
207374	616666
207370	656172
20726f	6465
206e6577	73706170
206d6f	73717569746f
206d697373	696c65
206c65	617368
206579	65
2063757274	61696e
20636f6c6c	6172
20636f	696e73
2062616e616e	6173
2062	756d70
206165726f706c	616e65
2061	64646564
2046	6f
6b656570	6572
2079	61636874
20776970	6564
207374	756d
207363	726577
2073616c	74
20726f	64
2070726f	76
207061696e	746572
206d6174	74
206861	6c6c
2064	757374
20636f6f6c	6572
20636f6d707574	6572
20627574746f6e	73
20616c	61726d
7574	6573
72	6f6e
6465	7374
61	6974
2074	61736b
20737572	66
20737563	6365
20736c6964	6573
207368	6f7274
20706172	616465
2070	6c65
206f	616b
206e	61696c
206d65	616c
206d6167	617a
206c6162	656c
206974	73656c66
2064697374	616e74
20636f6d70	6c6574
206176	61696c
204f	4b
726577	6f726b
70	6172
6f70	746572
6963	6f70746572
6572	63
6174	656c79
20747261	70
20736f	6661
2073	75706572
207275	62626564
20706f6c	697368
2070656e6775	696e
206d696e	75746573
206d616e	61676564
2068656c	69636f70746572
206772616365	66756c
206669	7265776f726b
2066	6f67
20646973617070	6561726564
20637570	73
2063	61626c65
20626167	73
204d	756d
20756e6c	6f636b
207374	61636b
2073636f6f74	6572
207269	6262
2070726574656e64	696e67
207061	636b6564
206c69	65
2067	656172
2066616c6c	73
20647269	76696e67
20647265616d	6564
2063	6f6d6574
20617661696c	61626c65
2043	6c
7567	676564
74	696d65
72	6f7068
6c63	616e
20766f	6c63616e
207375636365	6564
2073746172	6564
20706170	657273
2070	756e
206d6f746f726379	636c65
206c69676874	73
206469	617279
206368	75726368
205472	7565
2054	77656574
204576657279	7768657265
7563	6574
75	656c
726f7068	6f6e65
69616e	6f
2c	e2809d
20737061726b	6c79
207365	706172
20706f72	6368
206661	75636574
206578	657263
2063686572	7279
206275636b	6c65
2062616e64	616765
2047	697665
2042	6f756e
72	69676572
7269676572	61746f72
6874	7562
6166	6665
27	64
20766f6c63616e	6f
207665	6e64
2076	69
207468	6f7365
207370	656c6c
207368	616d706f6f
20727562	626572
2072	6964
2072	616b65
206d6574	616c
206d65	61646f77
206d616b65	7570
206b696e64	6e657373
20687572	7279
2068697070	6f
206772	6f776c
2064657465726d	696e6564
2064	657373
20626174	68747562
7573	6961
7374	7269
6f6d	6564
68	75736961
63	696e67
61	6b6564
49	73
2073696c	766572
20736572	7665
20726f6c6c	696e67
207175657374	696f6e73
207069636b	696e67
2070	69616e6f
206f7267616e	697a65
206f66	74656e
206d696e	6572
206d617474	72657373
206d	656c74
20656e74	6875736961
20636f6c	6f7572
206368	61696e
2063	616d70
2062726f74686572	73
2050	697070
2050	616e6479
6c	746572
617370	6f6f6e
57	656c6c
53	6565
207465	6173706f6f6e
2074	756d6d79
207377696e67	696e67
20726566	726967657261746f72
206f62	6a656374
206e6f74	696365
206e657773706170	6572
206d6f	64657374
2067617370	6564
2067	6173
206578706c	61696e
20647265616d	696e67
20646973617070	656172
20626174746572	79
204c	6565
696c	6f74
6172	6f6f
616e67	61726f6f
57	616974
207472	6f7068
20736565	6d
20726573	63
206f	73747269
206e6574	776f726b
206d6963	726f70686f6e65
206c69	63
206b	616e6761726f6f
2067	756d
206372	616e65
20	6967
7a	6167
6c	6f6f
6967	7a6167
64	726f6265
6172	7279
2077696e	746572
20776172	64726f6265
2076656e64	6f72
2074616c6c	6572
20736b	697274
2073617573	616765
207269	6365
2072	697365
206f	6b
206e6f	76656c
206d757374	61636865
206d6167617a	696e65
206c6963	656e7365
206b6e	6f636b
206967	6c6f6f
2068756d	616e
2066616c6c	696e67
20656e63	6f75
20636c696d62	696e67
20626c	696e
6c6576	6973696f6e
4f	756368
42	7965
41	6c
2077616c6c	6574
2074726f7068	79
20736865	6c746572
2073	796d
207265	77617264
20696e	6b
20686174	65
20666c	6f7572
206172	67
205a	6f6f6d79
204a	6f
726963	616e65
6f63	6572
696e	6f636572
626f	6c
2076696465	6f
207665	696c
207468	72656164
207465	6c65766973696f6e
2073796d	626f6c
2072	6167
207072756e	6573
206c	756d626572
206a6f75726e	616c
206275	7279
20626f6f6b73	6865
7374	61697273
706c	6179
6c65	746f6e
6b65	6c65746f6e
6970	65
696e6f636572	6f73
20747261696e	73
20737475	64
207374726574	63686564
2073746570	73
207265616c	69736564
206d6564	616c
206d	6179
20696d70	726f
2068	6f757273
20646973636f766572	6564
20646973	706c6179
2063617264	626f617264
20626f6f6b736865	6c66
2062	656e74
20617474	616368
766572	7365
7265	616479
6574	7479
6163	686573
207377656574	6965
2073	6b656c65746f6e
206d	617468
206c	656e64
206974	6368
20696e	73
2066	6f75676874
20636f6f6b	696e67
2063	6f7264
20626565	66
2062	696379
20616c	7265616479
61	6964
52	65
4c	6974746c65
20756e	69766572
20737567	67657374
207268	696e6f6365726f73
206d6172	63686564
206a6f6b65	73
20696e	7365
2068	7574
20677261	7065
2066726f67	73
2064657373	657274
2063617374	6c6573
20626174	6865
75	6265
616e67	75
616b	79
207765	6570
20756e	7061636b
2075	72
2074	756265
207377	756e67
20737175697272656c	73
206f73747269	6368
206f6666	65726564
20647261	696e
206261736b6574	62616c6c
2046	726f
756d	6d6572
6f6d6574	6572
207669	6f6c
2073756e	736574
207374	61697273
207072616374	696365
207061636b	616765
2070	696c6f74
2068616d	6d6572
2064726177	696e6773
20626c61636b	626f617264
2062696379	636c65
204c	6f6f6b
2042697264	79
726d	6f6d65746572
6e	676572
69	756d
2076696f6c	696e
20746f	696c65
2074656c6c	696e67
20736e	6170
2072	6f74
207065	616e7574
2070617374	7279
206f70656e	73
206f	79
206e65	6174
206d65	6d
206d6174	63686573
206c	616e6775
20696e7365	6374
20656e6a6f79	696e67
20627269	636b
206170	726f6e
20616761696e	7374
204d	756d6d79
7374	6963
6c	696573
63746f72	79
47	7261
20706565	6b6564
206f6e	696f6e
206c69	70
20686f6c64	73
2068617070	696572
20666c	616d65
206661	63746f7279
20656e746875736961	73746963
20656172	6c79
20626c	6f757365
2062617468	726f6265
6174	757265
20747261	636b
2073686f	76656c
20736865	6574
2073	6f6e
20707265	76656e74
20706f	6b65
206f6e	6365
2066726565	7a
2066617374	657374
20657863697465	6d656e74
20636865	636b
206163636964656e74	616c6c79
205a	6970
2054	696e61
204865	7265
20	e280
20	6f77
7572	6564
756e64	7279
696e	6174696f6e
66	617374
63	6b6579
20746f696c65	74
20746f	6f7468
20736e	65
2072657374	6f7265
2072656164	696e67
2070696e	6368
2070	697065
206c61	756e647279
2068756e74	6572
20686f	636b6579
2068616e67	696e67
2066696e67	657273
2063616c6c	696e67
204a6f686e	6e79
6e	6579
696e	6573
207a6f6f6d	6564
20747275636b	73
20736b	756c6c
20726f	6f74
20706c6179	6572
20706174	6368
206a	756e6b
206578657263	697365
20646973	6167
20536e	6f77
706c	616365
697374	6f6c
686572	6f
6170	6f6e
20746865	726d6f6d65746572
20746865	61746572
207375727072	69736573
207375706572	6865726f
207374756d	626c6564
207374	61626c65
207368	616b696e67
207072657373	6564
2070617373	706f7274
2070	6f6e79
206b6e	65
2066696c	6d
2066	697665
2064697374	616e6365
20636f6d706c6574	65
2063	656c6c
20627265616b	66617374
69	656e6365
6368	616e
20736561726368	696e67
20706f	70706564
2070	6973746f6c
206f	617473
206c656d	6f6e73
206c6177	6e
2066	75656c
2045	6c6c6965
63	6f6d65
617a	6f72
4a	696c6c
207374	6f6d
206d696e6572	616c
206c697374656e	696e67
206a756d70	73
20666f6f74	62616c6c
2066697265	706c616365
206368	6173696e67
20626c696e	6b6564
2061646d	697265
2061	68656164
204d72	73
2044	616e
756d	62
6965	7374
6963	686573
6666	6963
6164	69756d
61	756c
2077616666	6c65
2074	656e
2073746972	726564
207374	616469756d
2073616e6477	6963686573
2072657370656374	66756c
206d6978	6572
2067	617a
20646f6f72	73
20636162696e	6574
2063	756464
63	75
44	6964
2073	7562
20706572	6d
206c65	6176696e67
20676f	616c
2067	72696c6c
20667265657a	6572
20616e79	776179
20616c6c	6f776564
20616c	697665
204a	617a7a
7374	6976
73746976	616c
6368616e	6963
63	617365
53	68
20747261	7368
207377	69746368
20726f	61726564
206e	6174696f6e
206d6f6e6b6579	73
206d65	6368616e6963
206d	756d6d79
206865	646765
206861	6e676572
2067726f77	696e67
20666f7267	617665
20666c	6f6f64
206665	73746976616c
206261726b	696e67
2062	696c6c
2053	6f70686965
2050697070	696e
204f	72
20426f756e	6365
2042	6967
7879	67656e
4a	6f65
2074	6970
2073706f	6b65
2073	756d6d6572
207265	7665727365
207065	656b
206d65	6174
2042	65747479
20416c	696365
77	61726473
6170	61
207768	6970
207275	6c6573
206d696e	74
206d657373	616765
206c616e6775	616765
20687572	726963616e65
20646f6573	6e
206368	6f7365
2062	65727279
7265	6e646572
6c65	6e64
696d	6e6579
6967	69
656d	656e74
62	6f6f6b
207665	7374
20756e	697465
2073747269	70
20737472	756767
20737469636b	657273
2073	656e74
20706f696e	74
206e6f7465	626f6f6b
206d	656e
206c6177	79
2068656c70	6572
20676972	61666665
20636972	636c6573
206368	696d6e6579
2063	7572
206167	726565
6c	61
696e	6365
207370	6f7274
20736e696666	6564
20706c616e	6574
206e	6174757265
206d65	6f776564
206c6f6f	70
206c65	616b
20696d6167	696e65
20656e	6572
2061636365	7074
79	656172
6b	69
6973	6f6e
6967	676c79
6172	69616e
616d	626572
4f	77
4a696d	6d79
207469676874	6c79
20736c	6970
2072656d	61696e
207265	6675736564
207261	696c
207061	6972
206f79	73746572
206d75736963	69616e
20696e76	697465
20636c617373	726f6f6d
20636172	696e67
2063	61726473
204275	7a7a79
76	696365
726f	64
6e	69676874
6c	6964
656d	656d626572
45	6d
2077696e646f77	73
2073746f70	73
207365706172	617465
2072696262	6f6e
2072	617a6f72
20707573	686573
2070616e	6963
206f62	736572
206d697374616b65	73
206d656574	696e67
206c6574746572	73
20686f	6c6573
20676c6f77	696e67
206375	6265
20616972	706f7274
2053	616e6479
204d	6172
6c6964	6179
6c656e64	6172
616e64	61
2077	696e65
207477	6972
20737562	776179
20736c	6170
2073	756464656e
2072	6163
2070726f7564	6c79
2070726f626c656d	73
20706f	707079
20706c65	61736564
206c65616e	6564
20696e74	726f64
20686f	6c69646179
2068616e64	6564
2067726162	73
20666176	6f7572
206368	616d626572
206361	6c656e646172
20627265	6174
73	736573
6e	6573646179
6564	6e6573646179
20796f67	61
20776970	65
20747261	66666963
207377	616d70
2073746f6d	616368
207374	616972
20736e6565	7a65
20726573	697374
206d61696c	6d616e
20696e63	7265
2066696e64	73
206661766f7572	697465
2066	7265
2064656c	6179
20636f77	73
2063617274	6f6f6e
20626f6f74	73
20626c7565	6265727279
2062696c6c	626f617264
2062656c6f6e67	73
206265	6574
2043	6f
74	65
696f6e	617279
696374	696f6e617279
6874	6572
65	62
63	617374
2079	69656c64
207765	61706f6e
20776172	6e
207374726177	62657272696573
2073616e64	63617374
2070	616765
206e	617679
206d696e	757465
206c617779	6572
206c617567	68746572
206b696e64	73
20696d70726f	7665
206361727279	696e67
206265	6570
206172	74
206162	6f7665
2050	6f6c6c79
204f	77
2041	7265
6f6c	61
20746f6d61746f	6573
2073616e64	626f78
2073	697a65
2064	696374696f6e617279
20636f6d	666f7274
20636f	70706572
20617070	6c
206164	76696365
205a	6f6f6d
6c	6f77
6563	61757365
63	6572
6179	616b
617374	6963
616c6c	6579
207472	616465
207465	617365
2072656d696e64	6564
2072656d	6f7665
2070756c6c	73
2070756464	6c6573
2070726179	6564
2070	6564
206b	6179616b
2066726f776e	6564
2062757474657266	6c696573
2062656574	6c65
2052	75
2047	696769
2045	6c6c79
6f6c	6f67
6c	75
6562	7261
6175	64
2076	616c6c6579
2073706f	696c
20736164	6c79
20706f	6b6564
206e616d	6573
206865	6174
20666f72	74
2066	696c65
20656e6572	6779
2064616e63	6572
20636c	696666
20627269676874	6c79
206170	6f6c6f67
2050	617061
2043	61726c
20	59
6f7265	73
6974	6174696f6e
6970706572	79
20746f6f6c	73
207368	6f6e65
20707269	6365
20706c616e	6573
206f	787967656e
2066726565	7a65
20666c	696573
206665656c	696e6773
2063726f7373	6564
20626f6f6b	63617365
20616e79	7768657265
2057	68657265
596f75	72
207a	65627261
20776172	6e6564
20746f726e	61646f
2074	7562
20737572	72656e646572
207371756565	7a65
20736c	697070657279
207368616b65	73
207361	76696e67
2072657363	7565
2070726f76	696465
206b6e65	656c
206578	74
2065	76656e74
206465	6172
20636f756e74	7279
206368616972	73
206365	696c696e67
2063616e	65
2057	65646e6573646179
2042	6573736965
7573	6965
6e	61
696d	6564
6368	616972
20776173	7465
2073616e6463617374	6c65
207265706c	616365
2072	7573686564
206f	6c697665
206e6f	626f6479
206c696f6e	73
206c69	766573
206c	6964
20696e63	6c75
696e	617269616e
6874	726179
65746572	696e617269616e
656c	636f6d65
4e	657874
20736f6674	6c79
2072657065	6174
207261	697365
20706f	69736f6e
2070	61676573
206c69676874	6e696e67
206c6574	74696e67
206b656570	696e67
2067	726f
2065786369746564	6c79
2064	617265
2061	77
2046726564	6479
2042	696e6b79
20	56
6f72	6765
6865	7374
65	6f726765
65	6572
4d	617279
20736f756e64	6564
20726567	726574
20706c	6173746963
206f6c64	6572
206d7973746572	79
20667265	7368
20636f75	72616765
2062656c6965	766564
206173	6874726179
206170706c	617564
205370	61726b
6767	79
6572	6f
61726c	6965
61	7070696e67
59	6179
2076	65746572696e617269616e
20747265	6d
20736f6d65	7768657265
2073686f7574	73
207365	6173
207265	7665
206d65	6173
206d61	7373
20696d6167	696e6564
2067	61696e
20657874	7261
2064656c69676874	6564
20636f6c6f7572	66756c
2063686f	696365
20636869636b	656e73
206368	6f726573
20627265616b	73
20626c6f77	696e67
2061726d	6368616972
2057	6967676c79
2050	61756c
204e	657874
20476f	64
6b	79
696e64	656572
617572	616e74
59	75636b
44	61697379
2073756767657374	6564
2073746172	7473
20736f	636b73
20736d656c6c	73
20736b	696c6c
2073657474	6c65
2072657374	617572616e74
207265	696e64656572
207265	6365
207261696e	6564
2070726570	617265
2070	69746368
20636f6e74	656e74
20617267	7565
20477261	6e647061
6e	6f6f6e
6c65	78
636f6c	69
63	636f6c69
57	696c6c
51	75
41	6e6e
20736e6565	7a6564
20726f6f6d	73
2072657665	616c
206d79	73656c66
206c61	736572
206166746572	6e6f6f6e
2046	6c
6865	617274
6563	746564
207765	6174686572
20747261	636b73
207468726f77	73
207072696e	7473
2068656164	73
20646973	686573
2055	6e646572
74	61696e
7065	656479
6f67	6e
67	6965
20736872	7567676564
20726563	6f676e
207175	697a
2070657266	756d65
2070	616e6461
206d	656e74696f6e
20696e76	69746174696f6e
2068617070656e	73
20666c6f	6174
20656174	656e
2063686577	6564
2057	6f756c64
205374	65
2053	75
2045	6e64
2042	6f77
76	6574
7363	6f7065
73	697479
726f	73636f7065
6375	7373
207772	6974696e67
207468726f77	696e67
2074	6178
207377656574	6865617274
207374	79
2073706f74	73
2073686f77	6572
2073	696768
2070757a7a	6c6573
20707573	68696e67
2069676e	6f7265
20677261	6e64
2067696767	6c65
20656e64	6564
20646973	63757373
206265	6e64
2052	6f
204d	65
2048	6f707079
20	78
656e	7279
6163	6174696f6e
4e	6f74
2076	61636174696f6e
20746f	7572
20746178	69
20736869766572	696e67
2073	756666
206865	6e
20666f6c6c6f77	696e67
20656e74	6572
206368	616e6365
2062756d70	6564
20626f756e	63696e67
206261726b	73
204c	696c6c79
7563	74757265
717565	616b79
616e	61
4d	61726b
207468616e6b	73
20737472	756374757265
20736f	696c
20726964	696e67
206c656d6f6e	616465
20696e73	6973746564
20666978	696e67
2064	656d
20636f6174	73
20636172	6564
2062656c	6f77
206265616e	73
204d	696b65
75726e	6974
75726e6974	757265
6966	6f726d
68	61707079
6163	6b6564
20796177	6e6564
20756e	69666f726d
20737469636b	6572
20737465	616d
2073686f756c64	6572
207365	77
2073636f	6c64
2070756e	697368
207072696e	746564
20706c	61636564
206d	616c6c
20696d7072657373	6564
2068756e	67
20686f70	696e67
2066	75726e6974757265
206578	70656374
2064656570	6572
206265	67
2055	6e
756767	616765
6c	6f6f6b
69	6b69
68	6963
6167	676965
43	68
41	6c6c
207665	686963
20756e	6861707079
207472757374	6564
207370	616465
206f70	657261
206d697373	696e67
2064657374726f79	6564
20636170	7461696e
2062726f	63636f6c69
726565	6b
696e	6b696e67
69	7070696e67
616e67	6573
5265	616479
446164	6479
207765	69676874
20737061726b	6c6564
2072616e	6368
206c	756767616765
206a6f67	676564
20657870	6572
20636c61	77
2063686565	6b
2063616e64	6c6573
2063	7265656b
206275726e	6564
6f7474	656e
6f6d	6d
6f6d6d	656e64
6c6f6f6b	696e67
6c	70
6563	74757265
6174696f6e	73
6173	6973
6172	6e74
22	2c
2076616e	6973686564
2073636174746572	6564
207363	6f7265
20726563	6f6d6d656e64
20706172	7473
2070	6f7274
206d6963	726f73636f7065
206c65	61726e74
206c	656374757265
206a	61696c
2068696c6c	73
20636865	636b6564
20627269676874	6572
205768656e	65766572
2050	72
2048	617665
2045	76656e7475616c6c79
6e	6365
6563	74696e67
636f	6e64
57	656c636f6d65
4265	666f7265
42	75646479
416c	696365
207768697374	6c6564
2077	696767
2076	726f6f6d
20737469636b	79
20737465	656c
207365	636f6e64
206f	61736973
206c	75636b
206576656e	696e67
2065	7175
206368	697270
206275	72696564
20626164	6c79
206261	6b696e67
2053	7065656479
2050	656e6e79
204f	6c697665
204865	6c70
2043	6865
7765	656e
7574	6f72
7563	6b6564
7269	616765
207768697370	6572
2074	75746f72
207370726179	6564
2073706c6173	68696e67
20736f72	74696e67
2073	6972
20726163	696e67
2072	757368
207072756e	65
20706574	616c73
207061	6964
2069676e6f72	6564
20686f70	6573
206865	656c
20656173	696c79
20636c61	7070696e67
20626574	7765656e
2053	6d
204c	6f6c61
2049	73
2046726f	676779
6c61	696d6564
68	6f6f64
67	6573
207472656d	626c65
2073757070	6c79
2073747265	6e67
20736e	61696c
206d617373	616765
206772	616e74
20657863	6c61696d6564
2064	61697379
20627269	636b73
7563	74
726564	69656e74
696e67	72656469656e74
6172	69
20737479	6c65
2073656174	73
207072696e	746572
20696e74726f64	756365
20677265	656479
206672	6f
2064656d	616e64
20636f756e74	6572
2062	6f74686572
20616c6c	6f77
205768	6f
2053	75736965
2053	717565616b79
20	696e6772656469656e74
72	696e67
697a	6573
6970	6d656e74
6572	6174696f6e
546865	7365
20e280	93
2079	75636b79
20776167	73
207570	737461697273
207468	756d62
2074	7567
20737472656e67	7468
207368696e	6564
2073656c6c	696e67
207261696e	696e67
207175	697465
20706f696e	7473
20706c	61746573
207065726d	6974
206a6f67	67696e67
2068757274	696e67
20666f6c6c6f77	73
20657175	69706d656e74
2052	656d656d626572
75	6573646179
72	69676874
6964	6573
65	66
4a	656e6e79
42	656361757365
207761	76696e67
2077	7265
20746f	6e67
207465616368	696e67
2073686f70	6b6565706572
2072	6f77
206d6172	7269616765
206d6172	626c65
2066616c6c	656e
206561676572	6c79
20637574	74696e67
206375	62
20636c6177	73
206275	7a7a
206265617574	79
2062616c	616e
206170	617274
2054	756573646179
204b	696b69
20	0a
75727072	697365
717565	7374
697474656e	73
656369	616c6c79
4d	696d69
42	656c6c61
20776f726d	73
207665686963	6c65
2073746172	74696e67
20736f	63
207363	6f6f70
206d6f7665	73
20696e6772656469656e74	73
20696e637265	617365
2066616d	696c
206578706c6f72	6564
20656e74	65726564
2064	7572696e67
20636c696d62	73
2062656172	73
7370	656369616c6c79
726565	7a65
7265	6174
70	746564
6963	6572
656e74	73
42	6c
207a	69677a6167
20776172	6e696e67
2074	756e61
2073747564	696564
20736f63	636572
2070726573656e74	73
2070	7570
20666f6c64	6564
20666c6f	61746564
20666c	6170706564
20636f6e	66
2063616b65	73
20626c7565	62657272696573
2062	616b
2061646d	69726564
204f77	6c
2044	617665
6d	656e
6170	6564
477261	6e646d61
20776f726b	73
207572	6765
20746f6e67	7565
20736f	616b
20736c	6170706564
20736372	61746368
207361696c	696e67
207265	7175657374
206f70	65726174696f6e
206f62736572	7665
206f	68
206d656e	75
206578616d	696e65
2065	7370656369616c6c79
2064726f70	73
2064696666657265	6e6365
206272656174	6865
20626c	6f6f64
206167	7265
2054	696c6c79
204e	616e61
2046696e	6e
2041	6c6578
757274	686572
7468	616e6b
72	697365
6d6564	69
6d656469	6174656c79
62	6f72
53	75727072697365
4c	656f
46	726564
20777265	636b
20776173	68696e67
20756e69766572	73697479
20747261	7665
2074	696465
2073747269	6b65
207175696574	6c79
206f72	616e676573
20686172	626f72
205368	6172696e67
2053	6565
205275	6279
204c	697a7a79
20477261	6365
2046696e	6e79
76	61
73	686564
7265	73736573
7261	676564
6174	6965
20736f6c	766564
20736e	6170706564
20736b696c6c	73
207265	6163686573
20707574	74696e67
20706c616e	746564
20706967	73
20686967	68657374
20686164	6e
2068	6f6e
206769	76656e
20666f7267	6f7474656e
2066	757274686572
206578706572	69656e6365
20617474	6163686564
204b	617465
20436f	636f
204368	61726c6965
7175	616b65
6f6d6564	6179
64	6f
2e	2e
207a	65726f
20776f72	7468
2077616e646572	6564
207265	6566
20706c616e	6e6564
207065	61726c
206d616e	616765
206d	6973746572
20696e	7374
20686f72	736573
2067696674	73
206472657373	6564
20637572	6c6564
20636f6d	66
206272	696e6773
2054	6f746f
204d	697474656e73
204d	696c6c79
204c	65
204576657279	7468696e67
73746572	646179
7374	657273
6d	6d
69	707079
65	73746572646179
6174	63686564
57	6f6f66
45	6c6c61
207761746572	6564
207477	6973746564
2073756e	72697365
207371756565	7a6564
207370	696b65
2073657474	6c6564
2073656173	6f6e
207265	6c65617365
20706c6179	73
2070617374	656c
206e6569676862	6f7572
206c69	636b73
20656e636f75	72616765
206561727468	7175616b65
206361746368	696e67
2053	6b79
2052	6f73
756e	6174656c79
65	617468
6374	696f6e
63	657279
52	656d79
4576657279	6f6e65
27	7665
2077656c63	6f6d6564
207765	7374
20736f72	7473
20736e	756767
2073686f7574	696e67
2073	6f6d65646179
2073	697a6573
207065616e7574	73
206e6577	73
206d	696365
20696d6167	696e6174696f6e
20696465	6173
2068656172	7473
2067726f	63657279
2066697265	6d616e
20656c657068616e74	73
2062	6f6e6573
20617070	656172
2048	6f
204275	62626c6573
73	6564
6f72	696573
6f72	6564
207a6f6f	6b6565706572
20776f72	7365
20746f	6e69676874
20736f72	746564
20736c6964	696e67
20736974	73
20736865	64
2073	696e6365
2072656d	61696e6564
2070756c6c	696e67
2070726574	74
206d656d	6f7279
20696e	66
20696d	6d6564696174656c79
20696d	616765
20656d	6572
20637261	7368
2063616c6c	73
20617474	656e74696f6e
2061636365	70746564
204d	696c6c
2047	6f6f64
79	7468
456d	6d61
426c	7565
20796177	6e
20756e69766572	7365
20756e6465727374616e64	696e67
2073756666	6572
207368	6f74
2073636f6c64	6564
2072	756c
20706f7461746f	6573
207065	6163686573
2070	7572
206f7572	73
206c616e64	73
2067726f776c	6564
20676c	6f
206669656c64	73
2064	72696564
20636f6c6c656374	696f6e
206261636b	7061636b
20466f	78
204265	666f7265
2041	626279
7570	73
756e64	6179
6973	696e67
62	6c6573
6164	6564
546f	646179
48	61
207768697374	6c696e67
20776167	67696e67
2074	75636b6564
20737472	6f
20737465616c	696e67
20736565	696e67
2073	69
206c	756e67
20676c6f	766573
206469736167	72656564
20636f6c	6f757273
20636c6f7365	6c79
2063656c656272	61746564
20626c616e6b6574	73
206261	6b6564
20536d	697468
2053	756e646179
2052	6564
2052	6179
2048	656e7279
2047	656f726765
6973	736573
697272	696e67
69	656e
207a	6970706564
20746f	6573
207374756666	6564
2072696e67	696e67
20726162626974	73
207061	75736564
206f6666	6572
206d7573	636c6573
206d656c	746564
206c65	6174686572
206b696e67	646f6d
206b69636b	696e67
206b	6973736573
206973	6e
20656173	696572
206163	746564
2050	6174
204d	6167676965
2042	6f70
2042	616279
797468	6d
73	696e67
72	72
696e64	79
57	697468
50	65746572
4c	697361
20776973	646f6d
2074617374	6573
207370	6974
20736f	616b6564
2072756c	6572
2072616e	67
20706564	616c
207065	62626c6573
206d656d	6f72696573
206d656173	75726564
206d	616d61
206b6974	6573
20696e636c75	6465
20686974	73
2066697265	66
20646f776e	737461697273
20627265	616b696e67
20626f756e	6379
205a	69677a6167
205a	617261
20536e6f77	79
2045	616368
6f70	73
6974	6573
6963	696e67
6574	6368
65	6570
6162	696573
4f	6b
2077696e	6e696e67
2074776972	6c6564
20746f	7265
20736e756767	6c6564
20736e6f77	62616c6c
2073686f756c64	6e
2073686f	7070696e67
207261	69736564
207175	61636b
2070	616c6d
206c616e64	7363
206b	69747479
206769726c	73
2066616d696c	696573
20656e636f75	7261676564
2064	61726564
2063726177	6c696e67
20627261	696e
2062	6c65
2062	6162696573
20616c	7269676874
2061636f726e	73
2053	756e
20526f73	6965
2050	6970
204d	6f
204a	657373
204a	616d6573
2048	6f7065
20466f	6c6c6f77
2044616e	6e79
20436c	617261
2042	6565
6973	68696e67
6970	73
6964	73
666f7274	756e6174656c79
656c6c	65
2077616974	73
2077	6f62
20756e6c	6f636b6564
20747265	6d62
2074616c6c	657374
207374	697272696e67
20666c6f	6174696e67
20666c	6170
2063686577	696e67
2063	617065
206272	7573
2062	7265657a65
205a	6f65
2053	6c6f77
77	616c6b
756d	6573
6c	6572
6973	646f6d
6574	79
6464	79
64	696e67
6176	6964
616c6c	656e
57	6f756c64
20776f6f64	656e
207374756479	696e67
2073696465	77616c6b
2072657374	696e67
20706c6179	74696d65
206f70	696e
206e	617070696e67
206d6174	63686564
206d6172	72696564
206c6970	73
206b6e65656c	6564
20696e7374	72
20686572	73
2067617a	6564
2066697265776f726b	73
206578	6974
206368	616c6c656e
20626974	6573
2062	616e67
20616d617a	656d656e74
205375	7a79
6f72	746564
6963	6f726e
4d6f6d	6f
207765	62
20776174	63686573
20756e	69636f726e
207472656d62	6c696e67
20737572	726f756e64
2073747261	69676874
2073696c	656e6365
20736572	766564
20736166	657479
20736166	617269
2072656c6178	6564
207265636f676e	697a65
2070756e	6973686564
2070	6164
206f7264	65726564
206c	696e6564
206772	696e
20666c	6174
20656d6572	67656e
2064	726573736573
20636f7374	756d6573
2054	6f6e79
2052	6f636b
75	7a7a
72	616e6b
6b	696e73
697a	696e67
68	6f757365
61	766564
42	697264
2077696e	6e6572
20766973	69746564
2076616e	697368
207572	676564
20736973746572	73
20736861646f77	73
2073	6970
20706972	61746573
2070696e	63686564
2070696c65	73
20706574	746564
206c69	636b
206c616e647363	617065
20696e66	616e74
206372656174757265	73
20626c65	6564
20537465	7665
205065	616e7574
2048	61727279
20	5175
74	686572
7265	63
706c	617368
6972	7473
696767	696e67
5468616e6b	73
2e	27
21	27
2077656570	696e67
207765	6967686564
207472656173757265	73
20736e65	616b
2072656365	697665
20706f656d	73
20706574	73
206d61726b	73
206c61	6964
206c	696c79
20656167	6c65
206469736167	726565
20626564	73
206265	617264
20617070	726f
7368	696f6e
726563	69
6974	696573
697368	79
53	70
53	6f70686965
2077	696e6b
20766f696365	73
207477	696e6b
207374	69746368
2073706f6f6e	73
207370656e64	696e67
207369676e	73
20736574	74696e67
207268	7974686d
2070657266656374	6c79
206e6f77	68657265
206d6f757468	73
206d656e74696f6e	6564
206c	696d6573
206a	617a7a
20696d706f7274	616e6365
20687572	72696564
2068617070	69657374
2067	757374
206661	7368696f6e
20657363	61706564
206465636f72	6174696f6e73
2064	696767696e67
206372	756e6368
206272617665	6c79
20617070	72656369
2061646d	6972
20546865	7365
20526f62	6279
205072	696e
204e	6f74
204c	61746572
756464	6c6573
72	73
6f72	616c
6f	766564
6973	686573
6163	6f62
4a	656e
2122	2c
2077616666	6c6573
207761	697374
20737472	616e67
2073	6978
20726f6164	73
20726573	756c74
207061747465726e	73
206e	6f6e65
206d75	646479
206d6f6d656e74	73
206d6978	696e67
20666f7267	69
206578	706563746564
20656d657267656e	6379
206472	696e6b696e67
2064	697265
20636172746f6f6e	73
206279	65
20626568	61766564
2057	6973646f6d
204d6172	6961
204d	656c
204d	616e6479
204a6f65	79
2043	7564646c6573
2043	6172
6f79	73
6f6d	6173
697374	656e
69	657273
6865	6c6c6f
6368	6965
616e74	6c79
616e	6e79
59	756d
48	61707079
426f62	6279
2076	6574
207468	72696c6c
207269	70706564
2070726570	61726564
207068	6f74
206c6574	73
206b6e	6f776e
206775657373	6564
2066	65746368
206472696e6b	73
2064697374757262	6564
206465636f72	61746564
2063756464	6c6564
206272	6964
20626f	6f6d
2061706f6c6f67	697a6564
2061677265	656d656e74
2057	61746368
2057	616c6c79
20536f6d6574	68696e67
204f	7574
204c	697a
204b	696e67
204a6f	7368
2048	6f70
2044	6964
2042	6f7468
7a	656e
6c	766574
63	6f6f6e
6172	7468
61	6c6573
456d	696c79
44	6f67
207665	6c766574
20756e646572	67726f756e64
20737472616e67	657273
20737072	696e6b
20736f6c64	69657273
20736b	697070696e67
20736372	75
2072657065	61746564
206f7572	73656c766573
206b6e69676874	73
206b656570	73
206865	73
2067	61696e6564
2066726f	7a656e
20646164	73
206372756e6368	79
20636c65	6172696e67
206368616c6c656e	6765
206275726e	696e67
206275696c64	696e6773
2062726964	676573
20626f77	6564
2042	7567
2042	6f
75	64
7373	69626c65
70	6c65617365
656e	61
64	6564
54	72
53616d	6d79
4a6f686e	6e79
416e64	79
2077696767	6c65
20736c	696365
207363	6172696e67
20726f6f74	73
2072657374	6564
2070686f74	6f73
2070	7261
2070	696573
206c	696e6573
206b6e	656c74
20666973	68696e67
2063726162	73
20637261	73686564
20626567	676564
206265	6174
2054	6564
205374	69746368
204b	61746965
2042	726565
7665	7374
7368	6970
6974	69
696e	6f
696e	696e67
69	766564
6374	6c79
4d	6f72616c
4d	697373
20776f6e646572	696e67
207761726d	7468
207468	72656174
20736f	7265
2073637265616d	73
20726f	706573
206f70696e	696f6e
206c6f67	73
206c69	6564
206772696e	6e6564
20676f6c64	656e
20676f	616c73
2066	6564
20636f70	79
20636f6c6c	656374696e67
20636f6c6c	6563746564
2062726f	6f6d
2062656e	65617468
20536f	66
204c	6f75
2046	72616e6b
2044	617265
20436174	7479
78	74757265
76657374	6967
74	6f7279
6f6d	696e67
6f67	6f
616e	746564
616b65	73
476f6f64	627965
44	75636b79
43	6174
207772	69746573
20747261	70706564
207465	7874757265
20737472	696e6773
20737061726b	6c696e67
20736f	61726564
2073686f756c64	657273
207065	656c
206f6c697665	73
206e6f	6f6e
206d756666	696e73
206d65	6f77
206d61726368	696e67
20696e	766573746967
20686973	746f7279
2068657262	73
2065	6666
20647261676f6e	73
2064	6f74
20636f6d66	79
206272	7573686564
20616e	6e
20616c	69656e
20537061726b	79
2050	696e6b79
204d697373	696c65
204d696c6c	6965
2048	656e6e79
2048	61707079
204265	696e67
20416c	77617973
7a	696e67
77	68
7565	7374
75	6b65
6f73	6564
6d	6f74686572
6c	696572
656c	766574
6368	6f6f
6164	6f73
57	61746368
5265	616c6c79
50	6f707079
45	76656e7475616c6c79
20776f6e646572	73
2077656172	73
2077	6564
207465	6173696e67
20737465	6570
20726164	6973686573
2070617274	696573
206e65696768626f72	686f6f64
206d6172	626c6573
206c6f6f	7365
206974	656d
20696e766573746967	617465
206772	616e746564
2064726177	73
20646f67	6779
20626c	696e6b
206265	616d6564
2062616c616e	63696e67
2061766f63	61646f73
206167	6f
2054	697469
205374	6f70
2053	706c617368
204974	73
20446f	646f
204368	69636b
20416e6e	6965
e2809d	2e
756c	70
75	7279
6c	6f65
6262	696e67
53	616e6479
4d	6d6d
4a	616d6573
42656e	6e79
20e280	98
207472617665	6c6564
207468656972	73
2073757070	6f736564
20737469636b	696e67
207374616d70	73
207374	696e67
20736e616b65	73
2073637275	62626564
2073637265616d	696e67
2073	696d
20726f	6172696e67
20726573	70
2072656d	6f766564
20707261	69736564
2070656e63696c	73
20706564	616c73
206d6f6e	7374657273
206d61	73746572
206c6f	76696e67
20696e	6368
206865616c	6564
2068656164	6564
2067617a	65
2067	75657374
20656666	6f7274
2065	617374
206372	6f77
206368697270	6564
206275636b6574	73
2062727573	686573
20617070726f	6163686564
20616e7377	657273
20616374	6976
204d	6f6f6e
204d	6f6e
204d	6179
2041	7661
6d	617265
6963	61
68	696e64
6177	73
6167	756c6c
55	6e
5368	68
45	78
42	6f6f
2074776967	73
207477	696e
20746872696c6c	6564
2074656163	686573
207377696d	73
20736c	696d
2073696d	706c65
207365	6167756c6c
2072657665616c	6564
20726566	75
2072656365	69766564
20706f6c	6973686564
206e69676874	6d617265
206e	69636572
206d656c74	696e67
206d61746368	696e67
206b696e64	6c79
206a6f	6b696e67
206a6577656c	73
206775	79
20677265	79
2064656c69766572	6564
20636f6e74696e	7565
20636f6d706c61696e	696e67
20617267	756564
20617265	61
2061	7765
2056	656c766574
2054	756e61
20536f6d65	6f6e65
2053	6164
204a	61636f62
2043	7261
2042	6f6f
78	757279
75	78757279
6f73	697479
6d	696573
6a	616d
696e	74
6966	69
6865	65
6176	69
616c6c	6f77
61	68
4f	6c6c6965
207a6f6f6d	696e67
2079656c6c	696e67
207768657265	766572
2074726970	73
20747269	636b6564
2074	7567676564
207377656574	696573
20737472756767	6c65
20737061726b	6c65
20736e65	616b6564
20736c696d	79
20736563726574	73
20736166	6572
2070726f76	69646564
20706f74	73
20706172	6b6564
206d6f756e7461696e	73
206d61676e6574	73
206b656570	6572
20686973	736564
20676c6f77	6564
20676174686572	696e67
206661	636564
2064657374	696e6174696f6e
206368656572	696e67
2063616e64	696573
2063	726577
2062616b	657279
20616374	75616c6c79
2046	69727374
2045	61727468
2044	61766964
7574	746572
7070	657273
6f75	6368
6f72	61
6573	6f6d65
4a	6f
2077696e64	79
20776564	64696e67
20746f756368	696e67
20737472756767	6c696e67
2073747269	706573
2073686f6f74	696e67
20736372	617463686564
207363	7572
2072657374	6f726564
2072656d	6f7465
207265616c	697a65
207265	6c65
2070616e	73
206f776e	6564
206c656164	6572
2068	697474696e67
20656174	73
20656172	6c696572
20646973636f	76657279
206461726b	6572
20636f6e74	657374
20636c6170	73
206177	65736f6d65
2061646d6972	696e67
20526f	766572
2052	65
204b	696473
2046	7269656e64
2044	75636b
2044	696e6f
2043	696e6479
20	596573
20	4f6e6365
75	6573
7363	7265656e
70	6965
6c	73
69	616d
68	61
64	696573
616e67	696e67
616d	6965
54	696e79
54	696d65
52	6f62
52	6f
43	6c
20776f726b	6572
2076616c	756564
207475726e	696e67
20746f	7373
207469636b	6c65
2074	696d
20736974	75
20736872	7567
207275	6c65
2072656675	7365
207265636f7264	6564
2070726179	696e67
207072	6f70
20706f6c	697368696e67
206f70656e	696e67
206f6e	7761726473
206d656173	7572696e67
206d616e	65
206c6f6164	6564
206c	7578757279
20696e73	697374
20686f726e	73
20686573	6974
2068656c6d6574	73
206861	746564
20666f6f64	73
2064757374	79
20646573	6572
20646563	69646573
2064	696564
20637265	61746564
20636174	63686573
206265	73696465
2062	617265
2054	77
205370	72696e67
20536c6f77	6c79
20526f636b	79
20	58
757374	79
756374	696f6e73
697373	696f6e
69	6172
67	6f
63	7573
62	7567
62	616e64
617261	776179
616e74	61
5768	69736b657273
47	656f726765
2e2e	2e22
27	2e
20796f75	7468
20776173	746564
20737765	6174
20737472756767	6c6564
207370726179	696e67
207369676874	73
2073696768	73
207369	72656e
207368	6f636b
207365656d	73
2073636f6f74	657273
2073617573	61676573
207265636f676e	697a6564
2070726f	6a656374
20706f	6b696e67
2070696c6c6f77	73
206f	6265
206e6569676862	6f7273
206c616479	627567
20696e737472	756374696f6e73
2068617264	6c79
20666c	6176
2066656564	696e67
2066656172	73
2066	617261776179
20637574	73
2063757368	696f6e73
20637265	6174696f6e
20636f6e	6573
20636865	66
2063	6f756768
206272696e67	696e67
2061707072656369	617465
20616972	706c
205175	69636b
204c	756b65
204c	75636b79
204c	656e6e79
204a	6573736965
2049	7a7a79
2046	696669
20426c	696e6b
2042	7965
2041	6e
2041	6c6c79
7a	6965
756c	6965
7363	696e
6e	657273
6c	696374
6973	7479
6967	6779
636f6d	706c
62	6967
6179	73
6173	686564
616666	6573
52	656d656d626572
4d65	6f77
46	69727374
44	7572696e67
207765656b	73
2077616e74	696e67
2077	697a
2076696c6c	6167
207472	61646564
20746f	6464
207465616d	776f726b
2074616c	656e74
207461696c	73
2073756363656564	6564
2073747564	656e7473
2073747265746368	696e67
2073746179	696e67
20736e65	616b79
207363	616c6573
20707570	696c
2070726f74	656374696e67
2070726f70	6572
207072657474	69657374
207065726d	697373696f6e
2070656172	73
20706179	696e67
2070617469656e74	6c79
207061696e74	73
206f7267616e	697a696e67
206f6265	79
206f	6174
206e65696768626f7572	686f6f64
206d	6573
206c6561726e	73
2068	69
20676972	6166666573
206672	6f7374
206661	7363696e
206578616d	696e6564
20636f6e66	6c696374
2063656c656272	6174696f6e
20626c6f77	73
20626c6f6f6d	696e67
20626c6f6f6d	6564
20626c656564	696e67
20626564	74696d65
2062616b	6572
206177	616b65
2053	616e7461
204b	656570
2047	6f676f
20	31
6a	6f
6964	657273
6572	6e
656e74	79
656d	62657273
626967	61696c
62	6f6f
61	73746572
61	61
5a	6f6f6d79
5472	7565
52	6578
50	657465
4a	616b65
45	77
20756e74	6965
207477	69737479
20746f6464	6c6572
2073746172	66697368
207374	617265
2073706c6173	686573
207370696b65	73
207370656c6c	73
207370616365	73686970
20736d616c6c	657374
2073636f6f70	6564
2073	696e6773
2072696262	6f6e73
2072656d	656d62657273
2072656c65	61736564
20726566	7265
207175	61636b6564
20707265	63
207072	696465
207061696e74	696e6773
206f6666	69636572
206d7573	636c65
20686f6e	6b
2067756e	73
20676c	6974746572
2065	69676874
2064696e6f73617572	73
20637265	7074
20636f6d70	6c65
20636f6d	6d
2061706f6c6f67	697a65
20616374	696f6e73
20616374	696e67
206163	636f6d706c
2057	61746572
205468	6f6d6173
205065	70706572
204d	6f6f
204c65	617665
204a656e	6e61
20486f	70706572
2047	72
2046726f	67
2044	72
204368	6c6f65
20	51
756c	7473
756374	616e746c79
7175	697272656c
6f72	6473
6c65	7473
68	6f
6564	73
6164	73
61	63746c79
54	65646479
5374	6179
4d72	73
48	617665
46	6f
42	6164
2079	6573746572646179
207669736974	696e67
2076	696374
2074756e	65
2073756e	6c69676874
207374	65726e
20736d696c65	79
207368	69727473
2073636174746572	696e67
2072657363	756564
2072656d696e64	6572
2072	696e6773
2070726f74	6563746564
206e61696c	73
206d697373	696f6e
206c6179	696e67
20696e76	6974696e67
206865726f	6573
20676f6f64	6e69676874
2066726f7374	696e67
206669726566	69676874
20647269	766573
2064726167	676564
206469	76696e67
2064	6965
20637562	6573
20636f766572	73
20636f6e74	61696e
206368	616e67696e67
2062757a7a	696e67
2062616c616e	636564
20616e6e	6f79
20526f62	657274
20526f	6c6c6965
205072696e	63657373
204d65	67
204d6172	6965
204c	6f7665
2048	69707079
2047	6972
204576657279	646179
2045	6c657068616e74
2041	6d
756d	626c65
7565	656e
7374	6570
7269	616e
6e	696573
6a616d	6173
69	6262
616e	6e61
54	77656574
5374	65
4c	756e61
41	63686f6f
2077697a	617264
2077696e	73
2077	6f756e64
2076696c6c6167	657273
207573	75616c
207472	75
2074696d	6572
207469636b6574	73
20737572726f756e64	6564
2073746f	6c65
2073706f7274	73
20736869766572	6564
20736164	6e657373
2073	656e7365
20726f636b6574	73
2072656c	756374616e746c79
207265636f7264	696e67
207072657474	696572
2070656e6775	696e73
207065	7070657273
207061636b	696e67
2070	61757365
206d61736b	73
20696e74726f64	7563
2068656c70	657273
2066726f	7a65
2066697265	6d656e
20666967757265	73
206578706c6f7265	7273
206578	6163746c79
2064656d616e64	6564
2064	616d
20636f6d70	616e79
2063	6f7573
2063	616c
20626568	617669
206265	616473
2062617265	6c79
206261636b	77617264
206170706c617564	6564
206163746976	6974696573
2061	63686965
2053	7175697272656c
2051	7565656e
2050	6f
204a	696c6c79
2047	6574
20427567	6779
72	616e6365
6972	6d
64	616d
62	6c
616e	6965
55	68
53	6f6d6574
52	75
4f	7572
4f	6f7073
4d	6172
44	617665
42	757a7a
2077686f	7365
2077686174	65766572
207761726e	696e6773
2076696374	6f7279
2076	696e6573
2076	656e74
20756e	69746564
20756e	66
20747275	6c79
207472617665	6c6c
207465	61736564
20737472	75636b
20737072696e6b	6c6573
20737061726b	6c6573
207370	696e73
207370	6964657273
20736e6f7762616c6c	73
207365706172	61746564
207365	76656e
2072657175657374	6564
20726570	6c79
20726566	6c65
207072696e6365	73736573
2070726563	696f7573
207065	6173
2070617373706f7274	73
207061	6a616d6173
206d6973	736573
206c656164	696e67
2069746368	79
20687567	67696e67
20677579	73
2067726f7570	73
206772616e64	6d6f74686572
20676c	6173736573
2064	6970706564
20637261	636b6564
20636f6d706c	61696e6564
20636c	69636b
206361	75736564
2063	61757365
20626c6f636b	696e67
20626974	696e67
2061727269	7665
20616e79	74696d65
2059	6573746572646179
2054	7572746c65
2054	617261
20536e6f77	6d616e
2053	757265
2052	6162626974
204c	696b65
204a657373	696361
20486f	6f74
20476972	61666665
2047	7265656e
20467269656e64	73
20466f	7879
2045	6e
20436865	7373
2042	79
2042	61727279
75636b	696c79
72	696e6b
6964	696e67
6375	7365
6172	746572
616e	6573
556e	666f7274756e6174656c79
53	696c6c79
4578	63757365
41	6e
2077726170	73
2077	6f6f66
2077	6964
20746875	64
207468	726f
207377	6974
20736e	617463686564
20736d	6172746572
207269	70
20707572	726564
20706f6c696365	6d616e
20706f636b6574	73
20706c616e6574	73
20706174	69656e6365
206d61	696c6564
206b6e6f636b	73
206b69636b	73
206974656d	73
20696e637265	61736564
2068616e64	66756c
2068616c6c	776179
2068	7573
2067726f776c	696e67
20676f74	74656e
20666f726769	76696e67
20666c6167	73
20666c	7574746572
2066617363696e	61746564
2066	69726d
20646973636f766572	696e67
2063756464	6c65
20636f6d706c65	746564
20626f776c	73
20626f756e6365	73
2062656c6c	73
20626568	6176696e67
2057	6f6f
20556e	636c65
20537061726b	6c65
205368	61646f77
205072	696e6365
204f	616b
204c	656e61
204a	6f79
2048	6f6c6c79
2042726f776e	6965
20426f756e	6379
204265	68696e64
2042	656361757365
756e	65
7468	6f756768
74	756365
6e	6965
6c	6179
696767	6965
6964	6f
66	696564
65	6168
63	616b6573
62	6c79
62	6965
6162	656c6c61
50	65
4c	696c6c79
48	6f6c64
48	656e7279
4368	61726c6965
43	6172
3d	3d
2077696767	6c6564
20776964	656e6564
2074756e6e656c	73
20747269636b	79
207468726f	6174
207461736b	73
2073757065726865726f	6573
207374617274	6c6564
20736872	696e6b696e67
2073656573	6177
2073	69646573
207275	696e
207175617272656c	696e67
20706f77	657273
20706f70	73
20706f	737369626c65
20706572	63686564
207065	65726564
2070	6f7574
206d6f74	696f6e
206c6574	74756365
20696d70726f	766564
20666f6c64	696e67
206669726566	6c79
20666172	74686572
2064697265	6374696f6e
2064656c69766572	696e67
2064	656e74
2064	6172
206375727461696e	73
2063757269	6f73697479
2063756464	6c79
20636f726e	657273
206368697270	696e67
206368	6f70
2062757a7a	6564
20627261	6e64
20626f	64696573
20626563	6f6d696e67
2062617365	6d656e74
2062	6f6f
2062	616e6b
206176	6f
20616972706c	616e65
2057	616e74
205374	6179
205374	6172
204f	6c6c79
204b	6179
20486f77	65766572
2047	696e61
2042697264	6965
79	6f6e64
7574	7479
757374	6f6d
756666	696e
73746570	73
7365	656b
7265	79
7261	70
7175	6964
6e	6b
6974	656c79
696c65	79
64	6965
6177	6e
616b	6572
536f6d6574	696d6573
53	75
52	756e
4f	72
4d	616e6479
4c	6f6c61
4c	697374656e
4a	65727279
42	6967
41	68
3f	27
2079656c6c	73
20776f72	72696573
207768697370	657273
2076616e	696c6c61
20756e74	696564
2074776972	6c
207377	6f6f70
2073757266	616365
2073746179	73
207374616e64	73
20736f6d65	626f6479
20736f	6172696e67
2073697475	6174696f6e
2073637572	72696564
2073636172	766573
207361	6e6b
20726f636b	696e67
20726964	6573
2070756d70	6b696e73
2070726f6d	69736573
20706c	656e7479
2070617468	73
206f62736572	766564
206e6f	736573
206e6170	73
206e	696e65
206c697374656e	73
206c69	71756964
206a6f	6b6564
20687573	62616e64
20686f6d65	776f726b
2067726f776c	73
2067726f77	73
20677265	6574
2067696767	6c696e67
206661	6374
206576657279	646179
20646f74	73
20636f6e74	726f
20636f6d706c6574	656c79
2063686f696365	73
206368617365	73
206368	75636b
2063	7573746f6d
2063	656e74
206265	796f6e64
20626174746572	696573
2062	7572
205768	697374
2057	696e6b
20556e	666f7274756e6174656c79
2050697070	61
2050	7574
2050	7570
2050	696e65
2050	616d
204e6f74	68696e67
204e	696365
204d	6f757365
204a	6f6c6c79
2046	69736879
20437261	62
e280	94
7574	757265
756d	626c6564
75	7a7a79
70	697465
6f756e	6365
6f72	646572
6f6e67	65
6c65	65
6976	69
6775	696e67
66	6c79
66	6174686572
65	6666
626c	696e6773
59	756d6d79
59	656168
5370	696b65
5275	6279
5175	61636b
4d	6167676965
477261	6e647061
47	72656174
46	696e65
20776973	68696e67
2077657265	6e
207573	75616c6c79
20747261	63746f72
207377656574	73
2073756666	65726564
20737465	616479
20737065	616b696e67
207370	6f6e6765
20736f	62626564
20736c	616d
207369	626c696e6773
2073656e64	696e67
20726f	736573
207265666c65	6374696f6e
2072616e	676572
2072	69736b
2070726f706572	6c79
207072616374	6963696e67
20706f696e	7479
20706f	73746572
206e657374	73
206e65	6974686572
206d6f6d	6d696573
206d6172	6b6564
206d	65727279
206c6f	73696e67
206c61	70
20696d6167	6573
2067	7269
20666f6f74	7374657073
206661	756c74
2066	7574757265
20656e74	697265
20646f6c7068	696e73
2064656e74	697374
206465	616c
206372656174	696e67
20636f6e66	6964656e74
2063686566	73
206368	697073
2063616c	6d6564
206272616365	6c657473
206261636b	7761726473
206172	6775696e67
206163636f6d706c	697368
2061	7374
205375	7a6965
2053	6c
2050	617773
204f	7572
204f	6c
204e	69636b
204d6f6e	73746572
204d	756666696e
2048	7572
2046	6f72
2046	6974
20456e	6a6f79
2045	78
20436869636b	79
20436865	77
2042	6967676965
20	0a20
78	6965
7374	79
7365	7175
73657175	656e6365
7269	786965
70	6572
6c6f77	657273
6c6564	6765
6572	6379
65	6564
65	616c
62	726963
6174	63686573
616e67	6c6564
616c	7068
5a	6f6f6d
57	686565
5468	6f7365
537465	7665
50	697070
4f	7574
4d	696c6c79
4c	756c75
4c	65
4b	61746965
4368	69727079
416e6e	6965
3f22	2c
20776f726b	657273
207761746572	696e67
2077616e646572	696e67
2077616974	6572
2076656e74	75726564
20757365	73
207477696e6b	6c696e67
207469636b	6c6564
207468	697264
2073747564	656e74
207374726f6e67	657374
207374726f	6b6564
2073746172	696e67
207374	6f6f6c
20737175	69736879
20737072	616e67
20736e6f77	6d656e
2073696e67	6572
2073686f76656c	73
20726f74	74696e67
20726577617264	6564
207265706c	61636564
2072656d656d626572	696e67
207265667265	73686564
20726563	6f72646572
2072656164	73
207265616368	696e67
207265	7061
207261696e626f77	73
2072	6973696e67
2070726574656e64	73
20706f7572	696e67
20706f74	696f6e
20706565	6b696e67
2070617374	72696573
2070617274	6963
20706164	64
206e6170	6b696e73
206d6f76	696573
206d697474656e	73
206d	6f6f
206c6f6c6c69706f70	73
206b6e6f77	6c65646765
206b6e65	6573
20686f77	65766572
20686f6e	6b6564
206865	6176
206775657374	73
20666f7265	68656164
20666c6176	6f72
20666972656669676874	657273
206661	62726963
206472756d	73
206469	766564
206465736572	7665
20636f6e	73657175656e6365
20636f6d66	6f72746564
20636f	636f6f6e
20636865656b	73
206368	6174
206265	6c6c79
20626174	68696e67
206173	696465
206172726f77	73
2061677265	6573
205a	6565
2059	61776e
2057697468	6f7574
205477656574	6965
205374	656c6c61
20536f66	6961
2053	77
2053	6f727279
2053	6179
20526f62	6f
2050	75
204d	6978
204a6f	6a6f
2044	697a7a79
2042	69727468646179
20416e6e	65
2041	756e74
2041	62696761696c
20	20
7a	6573
757374	6564
7572	7279
6a6f79	6564
696e6b	6c65
696c65	73
66	616c6c
656e74	6c79
65	656e
6374	696f6e73
63	6c
56	657279
53	75736965
53	756e6e79
53	6e
52	6f7365
50	61756c
48	61727279
47	6574
446f67	6779
44	6f6c6c79
20776f62	626c79
2077	6f77
20756e	70
20746f7563	686573
207468	6f726e
207465	6172696e67
2074	697373
2074	616e676c6564
207377	6f726473
2073757070	6f72746564
207374	61696e
2073686f7274	73
20736174	6973
207361696c	73
20726f6c6c	73
2072657061	69726564
207261696e	73
2070726179	6572
20706f6c	6172
20706c6179	657273
20706572666f726d	6564
20706174	746564
2070617373	696e67
2070	6563
206f7574	646f
206f726e616d656e74	73
206e6f74	6573
206d696e6572	616c73
206d696e64	6564
206d616368	696e6573
206c69636b	696e67
20696e74726f647563	6564
20696e746572657374	6564
20696e636c75	646564
206865736974	61746564
2067	726f7373
20666f726769	76656e
20666c	616d6573
20666974	73
20656e74	72616e6365
20656c	626f77
2064726f	7070696e67
20646573	657274
206465636f72	6174696e67
20636f7573	696e
20636f6e73657175656e6365	73
20636f6e	6e
20636c6f7365	73
20636875636b	6c6564
206368	6f6f
2063656c656272	6174696e67
20627261	76657279
20626567	696e
206265	616d
2062617468	73
206261636b7061636b	73
2062	756e6368
205a	6970706572
205a	69676779
2056	697669
20536f66	7479
205265	67
2050	68
204f	7879
204e	75747479
204c	6175
204a	6f6e6573
204a	616e6965
204a	616d6965
20487572	726963616e65
20476f6f64	627965
2046	69646f
2044	617261
2042	657468
2042	656c6c65
79	6f75
76	726f6f6d
75	7269
746572	73
73	68696e67
7272	72
726f6d	697365
6f6f6b	73
6f	6479
6e64	79
6e	6f
6e	65617468
6c6c	65
6861	7573746564
68	69
67	657273
6368	79
6365	73
63	6965
6272	757368
616c6c6f77	65656e
6162	656c
53	6f6d65
526f	6172
4d	696e65
4d	696c6c
4d	696b65
4d	6179
4a	756d70
477261	6365
466f	6c6c6f77
44	616e6e79
43	6f
4265	6570
42	756e6e79
42	656172
41	6c6578
2079	756d
2077696e	6b6564
207768697374	6c6573
2076	6f776564
20756e70	61636b6564
20756e	73
2074776972	6c696e67
20746f	6173746572
207461626c65	73
2073757070	6c696573
207374756d	626c65
20737465	6572
207374	756e67
207374	6577
207374	656d
2073717565	616b6564
20737072656164	696e67
20736f	66746572
20736e6565	7a696e67
20736b	69727473
2073696e67	6c65
20736577	6564
20726f	636b6564
2072656c6965	66
2072	756d626c65
20706c616e	6e696e67
20706967	6779
20706164	646c65
206f766572	6a6f796564
206f7574646f	6f7273
206f	7070
206d757368726f6f6d	73
206d	6f6f64
206c6f6164	696e67
206c656e64	696e67
206c65616e	696e67
206c65	617374
2068756d616e	73
2068656176	696572
20677269	70
206772616e64	666174686572
2067686f7374	73
20666f72676574	73
2066696c6c	696e67
20666172	74
2066616972	696573
20646f6c6c	6172
2064657465726d	696e6174696f6e
206461726b	6e657373
20646172	6c696e67
20636f6e74726f	6c
20636c6f776e	73
20616e67656c	73
20616c	6f7564
2057	6f
205472	75636b
20546f	6f74
2054	6f70
205370	69726974
205368	69766572
2053	63
205275	6479
2050	696e6b
204a61636b	79
2048	6f72
2044	696e61
204265	6570
76	696e
757269	6f7573
7468	73
73	6d
6f	737369626c65
6f	6b65
69766572	73697479
6973	696f6e73
6464	696e67
63	69746564
6262	6c6564
617574	696f7573
56	726f6f6d
54	616b65
53	6164
50	656e6e79
4d696c6c	6965
4c	696e61
4b	696d
4b	656570
46	6f72
45	6c6c6965
42	616279
207772	697374
207765	65
20756e646572	6e65617468
207477	656574
20746f77656c	73
207469676874	6572
2074657374	6564
2074616c	656e7473
2073776f6f70	6564
2073776974	63686564
20737572726f756e64	696e6773
2073756e	73637265656e
20736c616d	6d6564
20736b	756e6b
2073686970	73
207361	6c65
2073	79
20726f77	73
207269	7065
2072657370	6f6e73
207265	6173
20707269	636b
2070726179	657273
20706572666f726d	696e67
20706172746963	756c6172
206f626a656374	73
206e6f	6464696e67
206e65636b6c616365	73
206e65	617265
206d6f64656c	73
206d6573	6d6572
206d6174746572	73
206d6167	706965
206c6f	736573
206a6f696e	696e67
20696e737472	756d
20696d70	6f737369626c65
20686f7065	66756c
20686f6e657374	79
206775	696465
206772616365	66756c6c79
20666f726b	73
20666c65	6173
2066617274	68657374
206578	68617573746564
206572	617365
20646973	6f62
2064697265	6374696f6e73
20646563	6973696f6e73
2064616e63	657273
2064	656e
20637573746f6d	6572
20637572	6c79
206372	756d62
20636f756e74	73
20636f62776562	73
20636172	7473
2063616e	73
2062756d70	73
206272656174	686564
206272	75
2061766f	6964
20616e6e6f79	6564
20616464	696e67
20616374	697665
205a	65726f
205477	696e6b6c65
205468	6f7365
2054	7279
2054	69707079
20536164	6c79
20536164	6965
2053	65
204d	61746368
204c	696e61
204a	756c6965
204a	75
204a	6f6e
204a	656666
2046726f	737479
2046	6c65
20446964	69
2043	726f
2043	6f77
2042	7269616e
757265	6e
756c70	74757265
7265	7665727365
72	6f7073
6f6f	7368
6f6c	696e65
6974	73
696e64	726f7073
6570	74
656c	6961
6464	6965
63	63
6262	6965
617261	63
616d70	6f6c696e65
6164	696e67
6164	6573
61	7572656e
5368	72696e6b
50697070	696e
47	696e61
45	76656e
42	6f77
42	65747479
207a6f6f6d	73
207969656c64	6564
207761726d	6572
207669736974	6f7273
20756e73	757265
20756e	77
2075	6e64
207472757374	696e67
207472	616d706f6c696e65
2074697373	7565
207377656174	79
2073757266	696e67
207374726f	6c6c
20737175617265	73
2073706974	73
20737061726b	73
207370	6174
20736e	75636b
20736c6f77	6564
20736c	6974686572
207369676e	6564
2073656c	66
20736372	617463686573
207363	756c7074757265
2073	656e73
207275	696e696e67
20726f62	626572
2072656173	6f6e
207265	766572
207261696e	79
207261	696e64726f7073
2072	75737479
207072696e	74696e67
2070726576656e74	6564
20706f	73
20706c	61696e
2070	696e73
206f	6363
206d	61746572
206c6f7564	657374
206c6f6f70	73
206c69676874	6572
206c69	6573
206b6579	73
206a6f696e	73
206a61636b6574	73
2068656164	696e67
20676c	756564
2067617a	696e67
2066726f776e	73
2066726f776e	696e67
20666c	69676874
20666c	617070696e67
206665	766572
2066616e	73
2065	76
20647261676f6e	666c79
20646f	64
206465	66
2064616d	616765
206372756d62	73
20636f756e747279	73696465
20636f6d7065746974	696f6e
20636f6d62	6564
206368	61726163
20627579	696e67
20626c696e	6b696e67
20626164	6765
2062	756e
2062	756d7079
2062	61636b6564
206164	756c7473
206163686965	7665
2061	696d6564
205768697374	6c65
205468616e6b	73
2054	6f7973
2054	616d
2052	69636b
2050	65726379
2050	656e
204d65	67616e
204d	696e74
204c	61736572
2048	616c6c6f7765656e
2044617665	79
2042	616c6c79
2042	6161
2041	64616d
2031	30
20	6963696e67
756e	6f
756d70	68
756d62	6c696e67
756767	6c6573
7564	69656e6365
726f6e	617574
706965	6365
6f73	697465
6f72	696e67
6f68	6e79
6f62	6f6479
6c6c	656e
6c6179	696e67
697373	61
696f	6c6574
6967	657273
66	6f756e64
6574	7379
656e64	79
636572	696573
617265	6e
616e	73
616e	6564
616d70	696f6e
616c	6564
61636865	6c
54	696e61
50	7574
50	616e6479
4b	617465
4a6f65	79
4a	617a7a
48	75727279
46	726f
44	61766964
43	6865
42	757a7a79
42	6f7973
2e27	22
27	2e22
20796f7572	73656c766573
20776f756e64	73
20776f62	626c6564
2077697265	73
20776970	6573
2077616b65	73
207477697374	73
207477697374	696e67
207477	696365
2074726176656c6c	6564
20746f7373	6564
2074616c6b	73
2074	6970706564
2074	696e67
2074	6967657273
207377	657074
2073746f	7070696e67
207371756565	7a696e67
20736f6c	7574
20736f	616b696e67
20736c	697070696e67
20736865	6c766573
207368	6f776e
20736577	696e67
207365656b	6572
20736372	7562
2073616c	7479
2073	696c6c
207275	6262696e67
207265766572	736564
2072656d696e64	73
20707269636b	6c79
2070726573	736573
20706c65	6173757265
20706563	6b6564
207061696e74	6272757368
2070616464	6c6564
206f79	7374657273
206f7574	66
206f7070	6f73697465
206f6363	6173
206e	757a7a
206d61746572	69
206d6173746572	7069656365
206d	756e6368
206c696674	696e67
206c656164	73
206c65	6170
206c	6f776572
206b6e6f636b	696e67
20696e	7370
20696d6167	696e696e67
20686964	6573
206861	6c766573
2067726f	636572696573
20676f	62626c6564
20666f72	6d
2066696e	73
2066	72656564
20656e64	73
206475636b	6c696e67
20646f6e	6b6579
20646f63746f72	73
20637572696f7573	6c79
20637265616d	73
206368	616d70696f6e
2063	6f7474
2063	6f72
2063	617574696f7573
20626f77	73
20626c	6f776e
20626568617669	6f7572
20626172	73
2062616e64	61676573
20617374	726f6e617574
206173	686573
20616e	676572
206164	756c74
206163636f6d706c697368	6d656e74
206163	6865
206162	696c
2061	756469656e6365
2061	6666
20576f6f	6c6c79
205765	61706f6e
2057	616b65
2055	70
205472	757374
2054	7269786965
2054	6961
20536e	7567676c6573
20536e	6170
204f6c	69766572
204f	74686572
204c	697374656e
2049	6e6479
2048	6f6c64
20477261	636965
2047	726179
2045	6c6c65
2045	64
2043	616e6479
204272	756e6f
20426c7565	79
2042	616c6c
20416c	6f6e67
7768	6174
77	6f6f
77	697365
7573	696e67
757274	6c6573
7572	72
75	6465
72	7570
72	696e
7074	6f70
70	6974
6f776e	79
6f73	656e
6c73	61
6c	656e
6b65	6c6c79
6974	756465
6974	63686573
696465	79
696368	61
69636861	656c
6963	69
686f	70706572
6665	726565
636b	79
6368	6f
6368	696e67
6365	7074
626572	74
62	7574
6162	6c79
61	766572
5468	6f6d6173
50	6174
4f	70
4e	69636b
4c	75636b696c79
4c	697a7a79
4a6f	7368
4a	6573736965
45	6c6c79
44	617973
436c	617261
416c	77617973
41	756e74
41	6d
2e2e	2e
21e2809d	2e
21	e28099
207772	697474656e
207765616c	7468
20776173	74696e67
2076696465	6f73
207477696e6b	6c6564
207472656d	626c6564
2074726565	686f757365
20746f70	73
2074617374	696e67
207461	7070696e67
2074	79
2074	7572746c6573
2074	6964
207377696d6d	6572
207375727072	6973696e67
2073757266	626f617264
207374726f	6b65
207374726970	73
2073746f	6c656e
207370656564	696e67
207370	696365
20736f7572	6365
20736c	6564
2073656173	6f6e73
207363	6f726564
2073	776179
20727562	73
20726f626f74	73
20726f62	696e
2072657065	6174696e67
2072656d696e64	696e67
20726567726574	746564
207265636f6d6d656e64	6564
207265	6665726565
20726163	636f6f6e
2072	617973
2072	6174686572
20707572	72
20706c65	61646564
20706c	75636b6564
2070696765	6f6e73
20706170	61
2070616e	63616b6573
206f6e	696f6e73
206e6577	666f756e64
206e65617265	7374
206e	696262
206d61726b	657273
206d	696c6573
206c696674	73
206c61	70746f70
206b697474656e	73
206a6f75726e6579	73
20696e7370	69726564
20696e64	656564
20696e636c75	64696e67
20686964	6572
206865616c	7468
206775617264	69616e
206772617373	686f70706572
20676f616c	6965
2067617264656e	6572
20667269656e6473686970	73
20666c	6970706564
20666c	6970
206669726d	6c79
20666967	75726564
206665	617374
2066616d696c	696172
206578706c6f7265	72
206576	696c
206566666f7274	73
2065	63686f
2065	61726e
20647269766572	73
20647269	66746564
2064657369676e	6564
20646563	6973696f6e
206368	6f73656e
2063616d70	696e67
206275726e	73
2062756e	6e696573
2062727573	68696e67
20626563	6f6d6573
2062616e	676564
20616d	6f756e74
206167	65
206166746572	7761726473
20616374	696f6e
2059	6574
2059	656c6c
2057	656e6479
205477	6f
2054	616e6b
205370	696e
2053	6b656c6c79
2052	756666
2052	61
20506f	6f72
2050	61746368
204d	616d
204b	65
204a61636b	6965
204973	6162656c6c61
20486f72	7379
2046	697368
2044	75737479
20436f	70706572
20436c	61
2041	636f726e
20	6f756368
75	657373
746f	6564
7468	7572
73	61
7269	636b
72	74687572
72	696c79
706563	74696e67
6f726b	79
6f70	6573
6d	61746573
6d	61746368
6b65	6e64
6a	69
6974	696f6e
696c	696172
696767	6c6573
696262	6974
69	656c
69	62626c6573
68	6f67
68	697665
66	6f726d
6573	70697465
63686965	766f7573
63	6f7065
6179	65
616e	7465726e
616d	696c696172
616d	62
616c6c	6f776564
616c	696e67
5a	617261
5375	7a79
53	6f7570
52	6962626974
5065	6f706c65
4c	696b65
4a	756c6965
4a	6f6e
4a	616d6965
47	75657373
436f	636f
43	696e6479
42	696c6c
42	6565
42	61727279
416c	7269676874
4166746572	7761726473
3f	2122
207768	696d70
20776565	6b656e64
207765	656473
20756e66	616d696c696172
20747562	6573
2074726f75	626c6573
20746f	74
2074697265	73
20746872	6f776e
2074686f726e	73
2074656d	706572
20746561	706f74
207377	6170
207377	616c6c6f776564
207374756666	696e67
2073717565	616b
2073706f6f6e	66756c
207370696365	73
20736f6c7574	696f6e
20736d	6173686564
20736c6f77	6572
20736861726b	73
207368	6f6f
207368	616479
2073656e73	6174696f6e
207361746973	66696564
2073616e64	706974
20726573706f6e73	69626c65
20726573	706563746564
2072657065	617473
207265	6374
2072	757374
2070756e697368	6d656e74
20706f7574	6564
20706c6179	726f6f6d
20706c6179	686f757365
20706174	63686573
206f766572	636f6d65
206f6e	77617264
206e656174	6c79
206d6f6f6e	6c69676874
206d6f6f	6564
206d6973	63686965766f7573
206d696c6c	6572
206d6573	736573
206d	616b6572
206c6f77	65726564
206c616e6775	61676573
206c	756d70
206c	616e7465726e
206b6e6f74	73
206a6f79	66756c
20696e7669746174696f6e	73
206865646765	686f67
2068616972637574	73
2068	6f7572
20666f72	6365
20666c	6f776e
206576657279	626f6479
20656e746875736961	736d
20656e636f75	726167
206472657373	6572
2064726177	6e
206469736f62	6579
2064657369676e	73
2064	756d70
2063726f7373	696e67
20636f6c6f72	6564
20636f6c64	6572
20636f	616368
20636c65616e	6572
206368	6172
206361	77
206275	736573
206272656174	68696e67
20626f7474	6c6573
20626f74686572	6564
2062656c6c	696573
20626565	68697665
206261636b	73
206175746f6d6f62696c65	73
2061727269	766573
2061706f6c6f67	69736564
2061	696d
2059656c6c	6f77
2057	6f6f66
2057	696c6c79
20537465	707079
205374	726574
20536d	6f6b65
205368	6f77
2052	6961
205075	707079
2050	757272
2050	697a7a61
2050	696e
2050	696c6c
204c	696f6e
204c	69616d
204b6179	6c61
204a	6179
2046	6f726b79
204578	6369746564
20436c61	697265
20436c	6f7564
204368	61
2043	44
20426c	6f6f6d
2042	69
2042	65747379
20416c	74686f756768
2041	62626965
7a	69
757368	726f6f6d
7572	72656e646572
756d	6d696573
756c	66
75	696e67
7468	6174
74	6f636b
74	6865
7365	7373
7269	6572
7269	65
72	6967
7070	6c65
7070	696573
6f72	746572
6f72	6b696e67
6f6d	62
6f	6c6c656e
6d	65726564
697a	6f6e
6976	697479
696e	6974656c79
696c6c	6564
69676874	79
6967	68696e67
6964	6479
69	6b79
66	7573
6572	6d
656c	61
65	7a69
62	61
61746572	70696c6c6172
6173	686573
61726d	656e
616e6e61	68
616e	6574
6167	6963
6166	79
6163	6c6573
61	696c6579
5768	696368
55	6e646572
54	7279
5368	6172696e67
52	6179
50	696e6b79
4d6172	6965
4c	656e61
48	6f70
46726564	6479
44	616e
42	6f756e6365
41	626279
207772	696e6b
20776f62	626c65
20776970	696e67
2077696e	6e657273
207765	7074
207761746572	66616c6c
207761	6b696e67
20756e69666f726d	73
2074	756d6d696573
2074	696e
207377696d73	756974
20737765	6570
207377	6f6c6c656e
2073747265616d	657273
2073746f6d	70
207374616d70	6564
207374	697463686573
20737175	6177
20737072696e67	696e67
207370696c6c	73
20736f6c	76696e67
20736e696666	73
20736d656c6c	696e67
20736c	617070696e67
20736572	76
20736563	757265
207363726577	73
2073637261746368	696e67
207363	656e
20726573	756c7473
2072656374	616e676c65
207265616c	697a696e67
20717565	656e73
2070757270	6f7365
20707572	7273
2070726f62	61626c79
20706f6b65	73
20706c616e74	696e67
2070696e6368	696e67
20706172	746564
207061636b	61676573
206e6f74	6963696e67
206e	6170706564
206d6f746f726379	636c6573
206d6f6d	6d61
206d696e64	696e67
206d696e	7473
206d617373	61676573
206c696272	617269616e
206c6172	676572
206c6162656c	73
206c61	636573
206c	656e74
206c	616d62
20696e73697374	696e67
20696e73656374	73
20696e	63686573
20686f72	697a6f6e
206865616c	696e67
206865	69676874
2068	6f6f
2067726f	616e6564
2067617370	73
2067	6f6f
20666f72676574	74696e67
20666f6f6c	6564
20666c7574746572	6564
206578657263	69736573
20656e636f7572616765	6d656e74
20656e63	6f756e74
20646f6f72	776179
20646973706c6179	6564
2064697363757373	6564
20646566	696e6974656c79
206465	6564
2064616e6365	73
2064	6970
206372656174	6976697479
20637261	6674
20636f72	7265
20636f6e6e	6563746564
20636f6c6f7572	6564
20636f	7379
20636c	69636b6564
20636972	637573
206368656170	6572
20636865	657273
2063656e74	6572
2063617265	73
20626f74686572	696e67
20626f72726f77	6564
20626568617669	6f72
20626567696e	6e696e67
2062656570	6564
206265	61766572
2062	6f6d62
20616d	6f6e67
206165726f706c	616e6573
2061646d6972	6174696f6e
2057	6967676c6573
2057	656c636f6d65
20556e	6976657273697479
2054696d	65
2054	69676572
2054	696479
2054	65
2054	616b65
205370	6f6f6e
205370	69646579
205275	667573
2052	696368
2052	61696e
2052	616368656c
204f	696e6b
204e	6f626f6479
204e	6962626c6573
204e	656172
204d656c	69737361
204d65	6f776e79
204d	757368726f6f6d
204d	6f70
204d	6967687479
204d	616e
204c6f75	697365
204c65	616679
204a6f	6479
204a656e	6e6965
204a	656d
204772	616e6e79
204672616e6b	6965
20466c	6f7261
2046	697265
2045	6c7361
2043726f	636f
20437261	626279
20436f	636f61
204368	697270
2043	6f6d6574
2042	756d7079
20	696c6c
20	32
79656172	73
79	6c
7768	696c65
766572	73
7573	68696e67
757270	6c65
756d7068	726579
7564	726579
7373	79
726967	756564
7269	766572
7261	62
72	6973
6f756e	636564
6f6e	6e61
6f6d	70
6e74	696c
697474	6564
6974	6572
696e61	6c64
696d70	6c79
6963	6970
69	76696e67
69	626279
6775	657373
6578	69
657274	61696e
6572	6b
6572	696f7573
656e64	696e67
656c	696e67
6374	6172
6279	6573
626f	6174
6265	6570
62	69
62	616765
6179	61
6174	7572
6174	7479
61726d	6572
6172	7479
6170	617961
616e74	6861
616e	7768696c65
616e	636564
6163	696e67
61	6973
61	6374
54	6f6279
54	696c6c79
53	6c6f77
5175	69636b
50	72
50	6970
50	617061
4c	697a
4a	6f6c6c79
496e	7374656164
44	65616c
4265	68696e64
42	616e67
3d3d	3d3d
2d	2d
2c	27
20796f75	6e676572
2079	656c70
20777261	7070696e67
207772	69746572
20776f727279	696e67
2077697468	696e
207768	6f6f7368
207768	616c6573
207765	696768696e67
207761	646564
2077	6967
2077	69646572
207669736974	73
2076657374	73
2074726176656c6c	696e67
20746f77	617264
20746f	6164
20746970	746f6564
207468726f756768	6f7574
2074686f75676874	73
20746170	6564
2074616c656e74	6564
207461	70706564
2074	696573
20737472656574	73
2073746972	73
20737465726e	6c79
207374	756e
207374	696e6773
207374	616c6c
20736e696666	6c6564
20736e696666	696e67
2073686f70	73
207368	61706564
207368	616c6c
20736574	73
207365616c	73
2073656167756c6c	73
2073637572	7279
207363	726170
207361	76
2073	696d706c79
20726f	6473
207269736b	73
2072657475726e	696e67
207265	617070
2072	6f7474656e
20706f7572	73
20706f73	73657373
20706f6c	6974656c79
20706c	7567
2070656e	6e696573
2070617374656c	73
2070616e	69636b6564
2070	756666
206f776e	657273
206f757466	697473
206e656564	6c6573
206e65	63746172
206d6f6e	746873
206d65616e	696e67
206d61726b	6572
206b	696e6773
2069676e6f72	696e67
20686973	73696e67
2068616e6473	6f6d65
206775657373	696e67
206772617373	79
20677261	6262696e67
20676f6f64	62796573
20676c	697474
20676c	61726564
2067696767	6c6573
2067656d	73
20676172	62616765
2067	756c70
2067	6f6e6e61
20666f	637573
20666c6f	617473
20666c6170	73
20666973686572	6d656e
2066696c6d	73
206661726d	657273
20656e636f75726167	696e67
206564	676573
2065	617365
20647269	7070696e67
20646f6c6c	686f757365
2064657374726f79	696e67
2064656d616e64	696e67
2064656c6179	6564
2064616e	67657273
2064	6172696e67
20637265	6174696f6e73
20637261636b	657273
20636f77	62
20636f70	73
20636f6e	73
20636f6e	636572
20636f6d6d	6f6e
20636c617373	6d61746573
20636c	756573
20636c	7565
20636861726163	74657273
206368	616e676573
2063656e74	7265
2063617574696f7573	6c79
20636174657270696c6c6172	73
206361	6665
2063	6f7567
