0	00
1	01
2	02
3	03
4	04
5	05
6	06
7	07
8	08
9	09
10	0a
11	0b
12	0c
13	0d
14	0e
15	0f
16	10
17	11
18	12
19	13
20	14
21	15
22	16
23	17
24	18
25	19
26	1a
27	1b
28	1c
29	1d
30	1e
31	1f
32	20
33	21
34	22
35	23
36	24
37	25
38	26
39	27
40	28
41	29
42	2a
43	2b
44	2c
45	2d
46	2e
47	2f
48	30
49	31
50	32
51	33
52	34
53	35
54	36
55	37
56	38
57	39
58	3a
59	3b
60	3c
61	3d
62	3e
63	3f
64	40
65	41
66	42
67	43
68	44
69	45
70	46
71	47
72	48
73	49
74	4a
75	4b
76	4c
77	4d
78	4e
79	4f
80	50
81	51
82	52
83	53
84	54
85	55
86	56
87	57
88	58
89	59
90	5a
91	5b
92	5c
93	5d
94	5e
95	5f
96	60
97	61
98	62
99	63
100	64
101	65
102	66
103	67
104	68
105	69
106	6a
107	6b
108	6c
109	6d
110	6e
111	6f
112	70
113	71
114	72
115	73
116	74
117	75
118	76
119	77
120	78
121	79
122	7a
123	7b
124	7c
125	7d
126	7e
127	7f
128	80
129	81
130	82
131	83
132	84
133	85
134	86
135	87
136	88
137	89
138	8a
139	8b
140	8c
141	8d
142	8e
143	8f
144	90
145	91
146	92
147	93
148	94
149	95
150	96
151	97
152	98
153	99
154	9a
155	9b
156	9c
157	9d
158	9e
159	9f
160	a0
161	a1
162	a2
163	a3
164	a4
165	a5
166	a6
167	a7
168	a8
169	a9
170	aa
171	ab
172	ac
173	ad
174	ae
175	af
176	b0
177	b1
178	b2
179	b3
180	b4
181	b5
182	b6
183	b7
184	b8
185	b9
186	ba
187	bb
188	bc
189	bd
190	be
191	bf
192	c0
193	c1
194	c2
195	c3
196	c4
197	c5
198	c6
199	c7
200	c8
201	c9
202	ca
203	cb
204	cc
205	cd
206	ce
207	cf
208	d0
209	d1
210	d2
211	d3
212	d4
213	d5
214	d6
215	d7
216	d8
217	d9
218	da
219	db
220	dc
221	dd
222	de
223	df
224	e0
225	e1
226	e2
227	e3
228	e4
229	e5
230	e6
231	e7
232	e8
233	e9
234	ea
235	eb
236	ec
237	ed
238	ee
239	ef
240	f0
241	f1
242	f2
243	f3
244	f4
245	f5
246	f6
247	f7
248	f8
249	f9
250	fa
251	fb
252	fc
253	fd
254	fe
255	ff
256	3c7c656e646f66746578747c3e
257	2074
258	6865
259	2061
260	2073
261	2077
262	20746865
263	6e64
264	6564
265	2062
266	20746f
267	20616e64
268	2068
269	2066
270	2054
271	696e
272	207761
273	6974
274	7265
275	6f75
276	206c
277	2064
278	2063
279	2070
280	6179
281	206d
282	20776173
283	6572
284	20546865
285	6f6d
286	206865
287	6973
288	206e
289	696d
290	6f6e
291	6172
292	207361
293	6c6c
294	6964
295	206861
296	2067
297	6174
298	2053
299	696e67
300	6f74
301	656e
302	616e
303	6c65
304	6f72
305	6972
306	616d
307	6574
308	2048
309	206974
310	207468
311	6967
312	2054686579
313	20706c
314	20696e
315	204865
316	696c
317	2022
318	6f77
319	766572
320	7269
321	2075
322	20706c6179
323	7574
324	697468
325	2073616964
326	206265
327	20646179
328	2077697468
329	7070
330	4f6e
331	206f
332	2079
333	6b6564
334	6f6f
335	2072
336	20686572
337	6365
338	2054696d
339	6c64
340	20686973
341	2049
342	20536865
343	207374
344	6b65
345	2065
346	20626967
347	6e74
348	636b
349	76657279
350	20796f75
351	7374
352	7665
353	656e64
354	756e
355	2068617070
356	206f6e
357	616c6c
358	7269656e64
359	20667269656e64
360	2074686579
361	696c79
362	204c
363	207765
364	20686164
365	207570
366	206c69
367	686572
368	206e6f74
369	2077616e74
370	697474
371	206f66
372	6164
373	2042
374	20646f
375	7365
376	206861707079
377	656e74
378	2076657279
379	6573
380	20736177
381	204d
382	4f6e65
383	2773
384	2074686174
385	6f756c64
386	6974746c65
387	20666f72
388	206d6f6d
389	206c6974746c65
390	20736f
391	207368
392	20736865
393	696d65
394	6368
395	206e616d
396	2074696d65
397	206b
398	206e65
399	6f756e64
400	2e22
401	207468657265
402	206e616d6564
403	20626f
404	20736d
405	2077657265
406	2077616e746564
407	204c696c79
408	697264
409	20667269656e6473
410	6f7574
411	20627574
412	766564
413	20546f6d
414	546865
415	2122
416	6874
417	2062697264
418	656c
419	20616e
420	616b65
421	616c
422	20746f6f
423	6f6d65
424	696465
425	2077656e74
426	4f6e6365
427	207768
428	2068656c
429	20616c6c
430	204974
431	7567
432	2068656c70
433	7565
434	206973
435	2041
436	206c6f6f
437	2075706f6e
438	206c6f
439	746572
440	7279
441	20746f79
442	6f7265
443	696e64
444	2066756e
445	676574
446	696c6c
447	616d65
448	206173
449	206a
450	7261
451	676574686572
452	206174
453	20636174
454	20646964
455	207265
456	20746f676574686572
457	7572
458	61636b
459	207365
460	6c79
461	20747265
462	20646f67
463	6f6f64
464	20636f756c64
465	746564
466	6963
467	2063616e
468	2062616c6c
469	20676972
470	617264
471	207468656972
472	61726b
473	206769726c
474	20706c61796564
475	6d79
476	6563
477	2068696d
478	20676f
479	20726f
480	776179
481	3f22
482	686564
483	206c65
484	206b6e
485	61696e
486	206f7574
487	68656e
488	206672
489	20617265
490	2774
491	756d
492	20626f79
493	207468656d
494	20736164
495	756c
496	6178
497	2074726565
498	6f74686572
499	6f7567
500	2068617665
501	206c6f766564
502	206d616e
503	206c6f6f6b6564
504	20636c
505	20666f756e64
506	207370
507	2073746172
508	20537565
509	6f6e65
510	207363
511	6f776e
512	206261636b
513	68696e67
514	617265
515	204d6178
516	20626563
517	73696465
518	206c696b65
519	66756c
520	206d65
521	6f70
522	6f6e67
523	207061726b
524	20776f756c64
525	69676874
526	206c696b6564
527	726f756e64
528	206661
529	204f6e65
530	656c74
531	20427574
532	206c61
533	20636172
534	2066656c74
535	206d616b65
536	2057
537	656c6c
538	2053616d
539	2061736b6564
540	61726564
541	6f6d6574
542	596f75
543	696365
544	6167
545	2073746172746564
546	206e6577
547	2063616d65
548	20736565
549	6f75676874
550	6f757365
551	206e6f
552	2042656e
553	20616c
554	696c6564
555	206167
556	206f74686572
557	20676f6f64
558	20736f6d6574
559	6f62
560	20736d616c6c
561	706f74
562	206272
563	20736d696c6564
564	7373
565	616465
566	72696564
567	696e6773
568	20736179
569	2066696e64
570	20776f72
571	206578
572	2061776179
573	2066726f6d
574	206d616465
575	2074686f75676874
576	2053706f74
577	20686f6d65
578	20736f6d657468696e67
579	20636f
580	656e6564
581	20706c6179696e67
582	7479
583	2077686174
584	20707574
585	2077616c
586	206576657279
587	206d75
588	616368
589	6961
590	7563
591	6965
592	6f6f6b
593	2046
594	20646f776e
595	696c65
596	2072616e
597	6e79
598	20616761696e
599	6464
600	617665
601	20746f7973
602	61726e
603	207072
604	20736361726564
605	6b696e67
606	206c617567
607	204a
608	20746f6f6b
609	20736f6d65
610	6966
611	6162
612	20686f757365
613	20666c
614	2061726f756e64
615	757265
616	20626f78
617	207377
618	697368
619	6570
620	206c6561726e
621	20796f7572
622	6f7564
623	726574
624	69636b
625	2073756e
626	206c69766564
627	207468696e6773
628	2077696c6c
629	20596f75
630	207468656e
631	20626c
632	6577
633	206d79
634	75636b
635	6173
636	207768656e
637	70706564
638	206162
639	2c22
640	7573
641	20676574
642	616e6b
643	54696d
644	5468
645	206368
646	206c6f74
647	6f7468
648	6170
649	756379
650	756d70
651	207472696564
652	2077686f
653	204d6961
654	697374
655	206665
656	20676f74
657	757374
658	206b6e6f77
659	69746564
660	2061626f7574
661	20696e74
662	2073617973
663	206d616e79
664	616c6c79
665	6e646572
666	206b6e6577
667	20726564
668	697665
669	2070726574
670	4c696c79
671	20646563
672	6175
673	20616e79
674	2044
675	697365
676	6f7573
677	616365
678	20706963
679	61757365
680	206d6f7265
681	66746572
682	2063617265
683	7175
684	2062657374
685	206f70
686	20626563616d65
687	20426f62
688	204c756379
689	e280
690	20706f
691	6665
692	77617973
693	2062656361757365
694	697465
695	206c6561726e6564
696	206f757473696465
697	207761746572
698	20657863
699	20687567
700	20616c77617973
701	206c6f6f6b
702	20626f7468
703	20726f6f6d
704	20696e746f
705	20756e
706	206c617567686564
707	20536f
708	69646564
709	20416e64
710	2073686f77
711	20677265
712	20656174
713	2064656369646564
714	20686f
715	616e74
716	2076
717	757270
718	657273
719	207065
720	756464
721	2045
722	204d6f6d
723	6e6e
724	206a756d70
725	206f6e65
726	206c6f6e67
727	2074686973
728	2072756e
729	596573
730	2066617374
731	206e696365
732	2065786369746564
733	206b65
734	546f6d
735	20646164
736	206665656c
737	20746f6c64
738	54686579
739	20736b
740	20616d
741	206d6f
742	6f7572
743	20696e73696465
744	6c6577
745	207472
746	20736c
747	20726f636b
748	20736f72
749	756c6c
750	696e79
751	2074616b65
752	75727072
753	20707265747479
754	6e6e61
755	2065616368
756	20677261
757	2067617665
758	207375727072
759	696e6b
760	206d756368
761	696d616c
762	5768
763	20616e696d616c
764	20737472
765	20686f77
766	207468616e
767	206c6574
768	206e656564
769	726f
770	427574
771	617261
772	76656e
773	20746f77
774	206f6c64
775	20756e646572
776	676564
777	20736f727279
778	2043
779	657373
780	2077616c6b6564
781	206f72
782	20636c65
783	6674
784	207461
785	616e64
786	6f67
787	6765
788	2068616e64
789	206b696e64
790	69736564
791	757274
792	2066697368
793	6666
794	207465
795	20636c6f
796	75726e
797	20486973
798	20776174
799	20686967
800	76696e67
801	20416d79
802	617365
803	20616e696d616c73
804	706c
805	2068617070656e6564
806	205765
807	207573
808	20736e
809	206a757374
810	20736b79
811	68657265
812	206c697374
813	63686564
814	20666c6f77
815	20696465
816	206e656172
817	726f6d
818	20747279
819	20666f6f64
820	206469646e
821	2069646561
822	696e65
823	20656e
824	677279
825	20626574
826	61626c65
827	20666c6577
828	206669
829	20697473
830	656369
831	6578
832	207368617265
833	2063616b65
834	617465
835	5468616e6b
836	7265616d
837	206966
838	206361726566756c
839	20626574746572
840	2073746f72
841	206865617264
842	2064616e
843	656369616c
844	207370656369616c
845	706563
846	207477
847	2062656172
848	205468
849	206c6f7473
850	2077696e64
851	696f6e
852	6c66
853	626572
854	20646f6e
855	6d6f7265
856	20616e796d6f7265
857	20636c65616e
858	206772
859	4d6f6d
860	206e65766572
861	20666f
862	756464656e
863	20627567
864	206275
865	6f706c65
866	205468656e
867	2074616c
868	20636f6d
869	206279
870	2068617264
871	20666c79
872	20656e64
873	206d6167
874	756464656e6c79
875	20666f7265
876	206f766572
877	6f7274
878	20416e6e61
879	206576656e
880	726d
881	204576657279
882	207475726e
883	0a0a
884	616479
885	2070656f706c65
886	206166746572
887	2068696768
888	2066616d
889	2073616665
890	20636f6c
891	206c6f7665
892	756666
893	20626164
894	20636f6d65
895	6262
896	616b
897	2067726f756e64
898	696d62
899	2070726f7564
900	20646f6f72
901	706563746564
902	207368696e79
903	4173
904	2068757274
905	20636c696d62
906	207069636b6564
907	206f70656e6564
908	4c6574
909	2067697665
910	206c6f7564
911	20676c
912	20626c7565
913	6578706563746564
914	20756e6578706563746564
915	276d
916	20636865
917	20737572707269736564
918	20776179
919	207468616e6b6564
920	696c64
921	206375
922	205768656e
923	756d6d79
924	2063616c6c
925	2046726f6d
926	2065766572
927	20636f6c6f72
928	20626f6f6b
929	617264656e
930	2067617264656e
931	20486572
932	204b
933	6f756768
934	206d61676963
935	20666172
936	6b6179
937	4e6f
938	20696d
939	20706c616365
940	20756e74
941	207374696c6c
942	6f6f6c
943	20706172
944	20687567676564
945	2053617261
946	2050
947	206d61
948	206f6666
949	616765
950	2066616d696c79
951	20736d696c65
952	74757265
953	20496e
954	2077616c6b
955	686573
956	20756e74696c
957	206a756d706564
958	207061
959	206e6f77
960	697a
961	206b6964
962	6970
963	616e65
964	2073686f756c64
965	656d
966	207175
967	69747479
968	75666679
969	756e6e79
970	207374726f6e67
971	2073746f
972	6374
973	20666f72657374
974	6479
975	20737469636b
976	20617070
977	2073746179
978	206772656174
979	20737175
980	20647261
981	617574
982	20627261
983	2062726f
984	7874
985	206e657874
986	20747261
987	20626f6174
988	2068656c706564
989	206265617574
990	2053616c6c79
991	6c6573
992	2068617070696c79
993	6c65617365
994	206a6f
995	696573
996	20686174
997	2070696374757265
998	2073746f7279
999	206c697374656e
1000	2073686f776564
1001	6e696e67
1002	6966756c
1003	20636c6f73
1004	2062656175746966756c
1005	6c75666679
1006	2063616c6c6564
1007	6f6f6e
1008	207768696c65
1009	206b696473
1010	7468
1011	206d6574
1012	4e6f77
1013	206f70656e
1014	7074
1015	2066726f67
1016	206d6f72
1017	20746f776e
1018	2072656d
1019	43616e
1020	20736f6674
1021	2073746f70706564
1022	72656c
1023	4974
1024	20696d70
1025	206265696e67
1026	2065766572796f6e65
1027	676572
1028	4865
1029	206164
1030	626974
1031	207261696e
1032	6279
1033	2079756d6d79
1034	6162626974
1035	206361
1036	207761746368
1037	5768656e
1038	20616e677279
1039	20636f756c646e
1040	204c6574
1041	617279
1042	206d6f757365
1043	20466c75666679
1044	20726162626974
1045	76656e74
1046	726565
1047	20646f6c6c
1048	204b69747479
1049	206465
1050	20747275636b
1051	6265
1052	72657373
1053	64646564
1054	6973686564
1055	206c6f7374
1056	20736c696465
1057	206272617665
1058	207761726d
1059	20776f
1060	206c65617665
1061	20617465
1062	2067616d65
1063	205768
1064	666f7265
1065	697373
1066	20666c6f77657273
1067	2066616365
1068	2066656c6c
1069	206b656570
1070	2074776f
1071	20636f6f6b
1072	6f776c
1073	2052
1074	6f636b
1075	20707573
1076	20637279
1077	696c6c79
1078	20626564
1079	20736f6f6e
1080	54686174
1081	20677265656e
1082	207768657265
1083	206e6f697365
1084	736f
1085	67616e
1086	73656c66
1087	20736174
1088	206e6f64646564
1089	2062756e6e79
1090	20616c736f
1091	69726564
1092	e2809d
1093	20686176696e67
1094	4869
1095	20666978
1096	206265666f7265
1097	20686f6c65
1098	206b657074
1099	646179
1100	e2809c
1101	57686174
1102	656172
1103	2079656c6c
1104	206361746368
1105	4c6f6f6b
1106	20757365
1107	626c65
1108	617a
1109	697272656c
1110	207061696e
1111	69727374
1112	2068656172
1113	2068616e6473
1114	5468656e
1115	2073746f7265
1116	2066696e
1117	206578706c
1118	42656e
1119	2075736564
1120	20746872
1121	20737175697272656c
1122	206d6f6d6d79
1123	2073696e67
1124	2066756e6e79
1125	204e6f77
1126	20637261
1127	206579
1128	207469726564
1129	756368
1130	20676f696e67
1131	206269726473
1132	2077616974
1133	206c6f6f6b696e67
1134	20627265
1135	61796265
1136	6f79
1137	206b6974
1138	75676874
1139	7468696e67
1140	656574
1141	20666176
1142	206f7572
1143	616e6765
1144	20646966
1145	6c6564
1146	6c656570
1147	2073756e6e79
1148	206d65616e
1149	2043616e
1150	2070756c6c
1151	207772
1152	656d626572
1153	616972
1154	207061727479
1155	20696365
1156	20747269
1157	20706f6e64
1158	20776f726b
1159	20627573
1160	20666c6f
1161	6368656e
1162	206b69746368656e
1163	20686173
1164	207468696e6b
1165	5765
1166	2073616e64
1167	20776f726b6564
1168	206d657373
1169	6163
1170	20446f
1171	206472
1172	2068656164
1173	6f726e
1174	6f68
1175	206f7468657273
1176	74696e67
1177	756974
1178	6e67
1179	2065796573
1180	206d6f72616c
1181	206661766f72
1182	20736f756e64
1183	206661766f72697465
1184	207265616c
1185	206f6b6179
1186	20626568
1187	207a
1188	20e2809c
1189	6c6c6f77
1190	726577
1191	696f7573
1192	20736861726564
1193	617468
1194	6f686e
1195	2074616c6b
1196	2072656d656d626572
1197	7a79
1198	6a6f79
1199	20616476656e74
1200	6d61
1201	2061736b
1202	656c6c6f
1203	48656c6c6f
1204	20706965
1205	206d6f6e
1206	20636f6e
1207	2063757269
1208	2079617264
1209	20766f
1210	207269
1211	207269676874
1212	20636f6c64
1213	696d6573
1214	20696d706f7274
1215	20626c6f636b
1216	20637572696f7573
1217	20637574
1218	2047
1219	20646973
1220	6c6c79
1221	20656e6a6f79
1222	206d6f7665
1223	2072657374
1224	206f776e
1225	2068696c6c
1226	20666f6c6c6f77
1227	206d616b696e67
1228	72656564
1229	207377656574
1230	20686f70
1231	4174
1232	20666c6f776572
1233	20746f70
1234	20646972
1235	206669727374
1236	20627269676874
1237	2073686f
1238	204a61636b
1239	446f6e
1240	206c616479
1241	2064726177
1242	20696d706f7274616e74
1243	6b656e
1244	6f756e74
1245	2074616c6c
1246	2077617463686564
1247	20626567616e
1248	2072616365
1249	696564
1250	207468696e67
1251	20636c61
1252	207461696c
1253	73746572
1254	2062656c
1255	4166746572
1256	66657265
1257	20736c656570
1258	206475636b
1259	576f77
1260	207069636b
1261	20626167
1262	2064696666657265
1263	20666f7267
1264	206e69676874
1265	20686964
1266	656374
1267	206461726b
1268	20616772656564
1269	20666c6f6f72
1270	206772617373
1271	2068657265
1272	20686f74
1273	207461626c65
1274	2073746f70
1275	2068616972
1276	717565
1277	2068756e
1278	2074617374
1279	206c6561766573
1280	20736f6e67
1281	2054686973
1282	2073686f7574
1283	6172696e67
1284	20766f696365
1285	207377696e67
1286	206e6565646564
1287	20776f727279
1288	207072696e
1289	2079656c6c6f77
1290	2072656164
1291	206472657373
1292	2077616c6b696e67
1293	20646966666572656e74
1294	69676e
1295	2074656c6c
1296	207275
1297	576879
1298	207472656573
1299	20706170
1300	20706c65617365
1301	20616476656e74757265
1302	20446164
1303	204d72
1304	2064656c
1305	207475726e6564
1306	20636c6f736572
1307	2046696e
1308	4d6178
1309	20636f6c6f7273
1310	e28099
1311	636f
1312	53756464656e6c79
1313	206661726d
1314	2063617273
1315	207375727072697365
1316	206c61756768
1317	2068756e677279
1318	20646f6573
1319	697379
1320	6163686564
1321	6f6f6d
1322	2053756464656e6c79
1323	207069656365
1324	206c696f6e
1325	20776574
1326	2054696d6d79
1327	707079
1328	627965
1329	626f
1330	69656e74
1331	537565
1332	206372696564
1333	53616d
1334	2070726f6d
1335	2070726574656e64
1336	20667269656e646c79
1337	696c61
1338	65726564
1339	20626c6f636b73
1340	20616e6f74686572
1341	416e6e61
1342	20747261696e
1343	2064616e6365
1344	20776f6f64
1345	2066756c6c
1346	20626568696e64
1347	2062726f6b656e
1348	20746f756368
1349	6166
1350	20636c696d626564
1351	2064616e63
1352	204a616e65
1353	206170706c65
1354	20627574746572
1355	636b6564
1356	20676f6e65
1357	62626564
1358	7768657265
1359	536f
1360	7368
1361	2054686174
1362	20737465
1363	20616d617a
1364	536865
1365	206665656c696e67
1366	2072756e6e696e67
1367	2066616972
1368	204173
1369	20736d656c6c
1370	6176
1371	2068656c70696e67
1372	20676f6f64627965
1373	20616e74
1374	207265616479
1375	207061706572
1376	20706572
1377	206c697374656e6564
1378	2072656163686564
1379	61746572
1380	696b65
1381	207377696d
1382	206f6e6c79
1383	616279
1384	69636564
1385	20686f6c64
1386	206372
1387	53617261
1388	204f
1389	207265706c
1390	206163
1391	20426f626f
1392	20726f6c6c
1393	20637265616d
1394	20707573686564
1395	20636c6f7365
1396	20736c6f77
1397	20636f6f6c
1398	206669676874
1399	2077616c6c
1400	726564
1401	20736974
1402	7065
1403	617368
1404	206d757374
1405	206c69676874
1406	20676c6164
1407	20776167
1408	2066697265
1409	20416c6c
1410	206c657373
1411	20647269
1412	69656c64
1413	20646f6e65
1414	20706c616e
1415	2074696e79
1416	20776f6e646572
1417	206f776c
1418	206672756974
1419	206d6f6d656e74
1420	207468726f756768
1421	6b6579
1422	20737475636b
1423	20647265616d
1424	6f7474
1425	2077696e646f77
1426	496e
1427	2073656573
1428	20747279696e67
1429	206265656e
1430	20626172
1431	6174686572
1432	207265616368
1433	206578706c6f7265
1434	206275696c64
1435	206172
1436	616d6573
1437	2077697365
1438	2062616279
1439	2064696e
1440	2068696465
1441	204d6f6d6d79
1442	206a6f696e
1443	207468616e6b
1444	206c6f6f6b73
1445	20776973686564
1446	2070656e
1447	20626974
1448	20636c6f7564
1449	2045766572796f6e65
1450	206e657374
1451	20646f696e67
1452	207363617279
1453	20627579
1454	2073686f75746564
1455	2066616c6c
1456	20636f6d696e67
1457	616e6479
1458	20626c6577
1459	20616972
1460	616d70
1461	207365656e
1462	617679
1463	4d6961
1464	207265706c696564
1465	6f6e6579
1466	2062757474657266
1467	207472656174
1468	206368696c64
1469	2070657266
1470	2068656c64
1471	206c656674
1472	206272616e
1473	7068
1474	61697379
1475	2077696e
1476	61736b
1477	20717569636b
1478	20756e6465727374
1479	206d6174
1480	656c79
1481	4f6b6179
1482	6f726d
1483	6e646d61
1484	2066696c6c
1485	2067726162626564
1486	20637570
1487	20626f6f6b73
1488	206c616e64
1489	206469727479
1490	20736e6f77
1491	2070756c6c6564
1492	2064726f
1493	20626967676572
1494	20776879
1495	20736f6d6574696d6573
1496	206d69676874
1497	697a6564
1498	2072656d656d6265726564
1499	20636f6c6f7266756c
1500	207475726e73
1501	206e616d65
1502	2063617374
1503	2062726f6b65
1504	20636f756e74
1505	20686f70706564
1506	20626f7474
1507	7570
1508	206368616972
1509	2073706c
1510	2073757265
1511	6174696f6e
1512	6f7570
1513	2070696e6b
1514	20636c6170706564
1515	646572
1516	75636b79
1517	696379
1518	206a6f62
1519	277265
1520	207468726565
1521	20737461796564
1522	205468657265
1523	20676966
1524	2067616d6573
1525	4f68
1526	6f757468
1527	206d6f757468
1528	746f6e
1529	726f6f6d
1530	204166746572
1531	6f776572
1532	207761766564
1533	20616e797468696e67
1534	207061696e74
1535	206c6573736f6e
1536	6565
1537	20776f6f6473
1538	20736574
1539	2067726f77
1540	20776169746564
1541	206e6f7469636564
1542	20636f6e74
1543	6978
1544	2073706f74
1545	20656e6a6f796564
1546	20706f74
1547	2062616c6c6f6f6e
1548	207069637475726573
1549	20627574746572666c79
1550	20616c6f6e65
1551	207768697465
1552	20706c616e74
1553	206865617679
1554	20626565
1555	54686973
1556	207469676874
1557	617274
1558	207377616d
1559	20736561
1560	486572
1561	75646479
1562	2062726f74686572
1563	207468726577
1564	2067656e74
1565	222e
1566	20717569636b6c79
1567	20666f6c6c6f776564
1568	206d697373
1569	2064656570
1570	206c696b6573
1571	6473
1572	53706f74
1573	426f62
1574	20636f6f6b696573
1575	206d6172
1576	20776f726c64
1577	206a75
1578	696e73
1579	2065766572797768657265
1580	6f6c6c79
1581	20636c6f74
1582	6173757265
1583	207075
1584	20636c6f74686573
1585	2079656172
1586	6f756e
1587	4c756379
1588	617065
1589	6175676874
1590	6465
1591	6c63
1592	206c656166
1593	6973746572
1594	20706174
1595	7a65
1596	726f7373
1597	2077726f6e67
1598	636c65
1599	2077656172
1600	204461697379
1601	72696573
1602	20636173746c65
1603	206d756d
1604	2077656c6c
1605	206e6170
1606	6172656e74
1607	204a6f686e
1608	6c657373
1609	6e6572
1610	6d616e
1611	20726f756e64
1612	20717569
1613	756564
1614	206d616b6573
1615	616e67
1616	206d6978
1617	207175696574
1618	2062726f75676874
1619	20706172656e74
1620	20637265
1621	20746f776572
1622	2068696d73656c66
1623	6f65
1624	206669656c64
1625	204275646479
1626	2072696465
1627	20776f6e
1628	207665
1629	20736e61636b
1630	20627574746f6e
1631	2064616e636564
1632	2077616e7473
1633	2057686174
1634	20666f72676f74
1635	20666173746572
1636	206d7573
1637	20627265616b
1638	6f73
1639	2061726d
1640	756c6c79
1641	206b6579
1642	446f
1643	2077697368
1644	204c696c61
1645	2064656c6963
1646	20686974
1647	746879
1648	2074616c6b6564
1649	2064726167
1650	2067696674
1651	206265616368
1652	6767
1653	2073686172696e67
1654	207369676e
1655	726f77
1656	66756c6c79
1657	20636f6d70
1658	63657373
1659	20736973746572
1660	207269766572
1661	726f74
1662	2066696e6973686564
1663	6c657068
1664	20706f6c
1665	656e6365
1666	20647279
1667	2062696b65
1668	207261
1669	46726f6d
1670	207368696e
1671	206c6567
1672	6379
1673	2064616e676572
1674	61726473
1675	20766973
1676	206b696e67
1677	2064696e6e6572
1678	206272616e6368
1679	20626f74746c65
1680	207265616c6c79
1681	20756e6465727374616e64
1682	766573
1683	206d6f6e6b6579
1684	70706572
1685	20667572
1686	72656e
1687	20647261676f6e
1688	20496e73696465
1689	616e6365
1690	20626f72
1691	697474656e
1692	2072656c
1693	20546f
1694	4a6f686e
1695	206d6f6e73746572
1696	20706967
1697	20626c61636b
1698	20656d
1699	204174
1700	757368
1701	20636f6e74696e
1702	65646479
1703	20736e616b65
1704	206769
1705	2066696c6c6564
1706	206661697279
1707	486973
1708	20666f78
1709	20746f646179
1710	20737072
1711	20726f636b73
1712	20706f696e
1713	696d69
1714	416d79
1715	20736d617274
1716	20736f6d656f6e65
1717	2066616e
1718	206775
1719	2077656c63
1720	206c6574746572
1721	20617474
1722	20636f77
1723	617374
1724	20776865
1725	2073696465
1726	76656c
1727	697474696e67
1728	20776f7272696564
1729	20656174696e67
1730	206361726566756c6c79
1731	63746f72
1732	4a757374
1733	206d75736963
1734	2073616e67
1735	2070726f6d69736564
1736	736573
1737	20706172656e7473
1738	2065766572797468696e67
1739	20626f776c
1740	5768696c65
1741	20796573
1742	20656c
1743	656164
1744	20706965636573
1745	206d61696c
1746	207669736974
1747	20706574
1748	2070756464
1749	2066726565
1750	2062726f776e
1751	2042696c6c79
1752	7a7a
1753	2062697465
1754	206368696c6472656e
1755	204d61796265
1756	61746564
1757	2073696c6c79
1758	20636f6e74696e756564
1759	2073686f70
1760	20726f6164
1761	7473
1762	20726573
1763	20626f756e
1764	2068617070656e
1765	20736f7570
1766	20656c7365
1767	7374656164
1768	2074616c6b696e67
1769	20656767
1770	20536f6f6e
1771	206a6172
1772	20666c79696e67
1773	206d7564
1774	20717565
1775	2ee2809d
1776	20736d696c6573
1777	2070657266656374
1778	46696e
1779	207468726f77
1780	207265616c697a6564
1781	20456d
1782	656c6c61
1783	20776167676564
1784	206d6f766564
1785	2063726162
1786	2073697474696e67
1787	206c61756768696e67
1788	206472696e6b
1789	206d6f74686572
1790	20656e6f756768
1791	20726f7065
1792	205361726168
1793	676c79
1794	207368696e696e67
1795	20636c6f736564
1796	20616d617a696e67
1797	636b6574
1798	2062617468
1799	205a
1800	6f7264
1801	20736563
1802	20706177
1803	206b697465
1804	206275636b
1805	20737472616e6765
1806	20736d6f
1807	204d696d69
1808	207361696c
1809	756e6368
1810	20776f726473
1811	20656172
1812	66697368
1813	20776974686f7574
1814	2064616e6765726f7573
1815	206f72616e6765
1816	2077656c636f6d65
1817	20737475
1818	2070617373
1819	202d
1820	20736563726574
1821	4d61796265
1822	7070696e67
1823	206365
1824	666f7274
1825	206f776e6572
1826	206c6f6e
1827	2063616e6479
1828	207768697374
1829	207461737479
1830	2073686f6573
1831	20637279696e67
1832	2073746f6e65
1833	207374616e64
1834	206261726b6564
1835	206c6f6e656c79
1836	206c6976696e67
1837	75736564
1838	69766572
1839	206865616c
1840	69736573
1841	207361636b
1842	20707265
1843	63686573
1844	2070617374
1845	2070757270
1846	21e2809d
1847	206d6f726e696e67
1848	20686967686572
1849	696368
1850	61726d
1851	2070757368
1852	2062656c6965
1853	20426c
1854	2073637265616d
1855	206772616e646d61
1856	616d61
1857	506c65617365
1858	2073747265
1859	204a656e
1860	207068
1861	69736b
1862	20707572706c65
1863	20626c616e6b
1864	6779
1865	61746f
1866	72616374
1867	69626c65
1868	6579
1869	626f617264
1870	207368656c6c
1871	6c657068616e74
1872	63686f6f6c
1873	207377696e6773
1874	20636175676874
1875	204368
1876	6c6c6965
1877	6c6c61
1878	2066696e616c6c79
1879	20626c616e6b6574
1880	6f6e73
1881	6d65
1882	2067657474696e67
1883	2061736b73
1884	20726f6c6c6564
1885	207363686f6f6c
1886	206d6164
1887	2064656c6963696f7573
1888	4d6f6d6d79
1889	2074726f75
1890	736574
1891	656f
1892	2074656163
1893	61736564
1894	20746f6d
1895	20707564646c65
1896	2070696c65
1897	206d696e65
1898	636b73
1899	697265
1900	20626174
1901	206170706c6573
1902	206661726d6572
1903	696768
1904	20776f7265
1905	2073616d65
1906	2068657273656c66
1907	69736b657273
1908	20646f6c6c73
1909	6c646572
1910	207472656173757265
1911	7562
1912	6272
1913	61736b6574
1914	2063757465
1915	2077696e6773
1916	2073696e67696e67
1917	2063726179
1918	2067656e746c65
1919	20546f6d6d79
1920	2070657273
1921	206261736b6574
1922	204a6f65
1923	20666974
1924	2062616c6c73
1925	20706c616e65
1926	2064726f70706564
1927	207965617273
1928	206d6f6e6579
1929	206a65
1930	2072756e73
1931	20636172726f74
1932	206c616b65
1933	20656c657068616e74
1934	2063686565
1935	20636f726e
1936	2062656e
1937	0a20
1938	7468646179
1939	69727468646179
1940	20636f6174
1941	20686f706564
1942	20636f7572
1943	207374617274
1944	206272696e67
1945	2073656172
1946	2064617973
1947	617567687479
1948	20636f75727365
1949	2074656163686572
1950	206e617567687479
1951	20776f6b65
1952	61746f72
1953	2061727269
1954	20666f7265766572
1955	20646f63746f72
1956	20426c7565
1957	696e6564
1958	46696e616c6c79
1959	2075676c79
1960	206d6f7374
1961	206c756e6368
1962	756d7079
1963	206a75696365
1964	207465646479
1965	2070726f6d697365
1966	2070696c6c
1967	206d696e
1968	206a6f79
1969	2062757368
1970	20576869736b657273
1971	617270
1972	2073656564
1973	207370696e
1974	206f62
1975	20686964696e67
1976	206269727468646179
1977	205468616e6b
1978	2042656c6c61
1979	6f7365
1980	697274
1981	20726f62
1982	2062616e64
1983	206c656d
1984	69746368
1985	2076696c6c
1986	61696c
1987	20746f7563
1988	20477261
1989	6f6c
1990	20777261
1991	61706573
1992	276c6c
1993	20776172
1994	20737472656574
1995	207368617270
1996	696c6b
1997	6970706564
1998	2066656e6365
1999	2046726564
2000	7377
2001	617373
2002	2067726577
2003	20616e7377
2004	204c656f
2005	20656173
2006	20636f6f6b6965
2007	6d6564
2008	4a61636b
2009	206d696c6b
2010	20626f77
2011	207465616368
2012	2073706f6f6e
2013	6675736564
2014	207468696e6b73
2015	2063617264
2016	2062656c6f6e67
2017	20736861706573
2018	616c65
2019	20736879
2020	20706f70
2021	626f77
2022	20736872
2023	696572
2024	206272656164
2025	69646765
2026	20726f636b6574
2027	20706f776572
2028	206d61726b
2029	20696e63
2030	2062656c69657665
2031	7379
2032	62616c6c
2033	20746f7563686564
2034	20736c6f776c79
2035	206372656174
2036	2063726177
2037	20626f6e65
2038	7363
2039	206865617274
2040	2062656e6368
2041	65727279
2042	206c617465
2043	2061626c65
2044	2070726f62
2045	206d61676963616c
2046	2061727269766564
2047	6c696e67
2048	65746572
2049	20616d617a6564
2050	6f6f7365
2051	656d79
2052	20726f626f74
2053	20706f636b6574
2054	2074726970
2055	2067726179
2056	2064697274
2057	206275636b6574
2058	2062656c6c
2059	7572746c65
2060	206b697373
2061	20636f6c6c
2062	206361727279
2063	2062757379
2064	2073686f6f6b
2065	206e7574
2066	206e756d
2067	2063686565726564
2068	2073656174
2069	206e6f7365
2070	756e67
2071	206665656c73
2072	20666577
2073	6c656d
2074	207477696e73
2075	20636f696e
2076	207a6f6f6d
2077	2076696c6c616765
2078	2070726f626c656d
2079	206772756d7079
2080	6561726564
2081	2073746f726d
2082	206669786564
2083	617070
2084	20736f756e6473
2085	20737567
2086	206e65636b
2087	6f7374
2088	206c697665
2089	206b697474656e
2090	4f4b
2091	2073706f
2092	2070617469656e74
2093	20776f6e64657266756c
2094	2073746f72696573
2095	20796f756e67
2096	6b696e
2097	207368616b65
2098	756e61
2099	2068756765
2100	696767
2101	2077696465
2102	20737061726b
2103	20636865657365
2104	20746f7761726473
2105	2072756465
2106	2064697374
2107	20776865656c
2108	207261696e626f77
2109	476f6f64
2110	20636f766572
2111	2063617274
2112	2074616b696e67
2113	207075707079
2114	206769616e74
2115	2077617665
2116	666f727461626c65
2117	2077686973746c65
2118	6f75726e
2119	4c696c61
2120	20747265617473
2121	206469
2122	20646573
2123	697270
2124	6570656e64
2125	20747572746c65
2126	206a6f75726e
2127	20737472696e67
2128	20736f6e6773
2129	206d656574
2130	207570736574
2131	20686f72
2132	20647269766572
2133	6f7068
2134	62626c65
2135	20776f726d
2136	20646973617070
2137	61646f77
2138	20636972
2139	53757265
2140	2067726162
2141	20416e6e
2142	20737563
2143	20686f6c64696e67
2144	20686f6e6579
2145	2073616c
2146	206d6f6f6e
2147	206c696665
2148	204d6f6d6f
2149	2062756773
2150	656e73
2151	4f66
2152	20696e76
2153	204a757374
2154	4265
2155	206c6179
2156	206669676874696e67
2157	696c696e67
2158	20736f7572
2159	20726563
2160	206d697374
2161	2070617468
2162	2062616e
2163	6f756e7461696e
2164	697361
2165	20736d6f6f7468
2166	6f7273
2167	656c6c79
2168	204e
2169	696665
2170	20726164
2171	206c75636b79
2172	206a6577
2173	204f6e
2174	206e6574
2175	206a6577656c
2176	20626f7373
2177	626c6564
2178	616c6d
2179	20736d656c6c79
2180	2068756773
2181	204d61726b
2182	207468696e
2183	20627269
2184	6f6e657374
2185	2073616e6477
2186	2052656d79
2187	756e74
2188	6f7665
2189	5374
2190	2077696c64
2191	206e6f69736573
2192	2062616e616e
2193	756c6172
2194	206e6f7465
2195	20686f6e657374
2196	20456d6d61
2197	20736572
2198	207072696e63657373
2199	20636c6f7468
2200	206261
2201	206d6973736564
2202	206a6f6b65
2203	206265616b
2204	207365656b
2205	207065616365
2206	7370
2207	6e6f74
2208	6c6f776572
2209	207461737465
2210	207368656c66
2211	206c616e646564
2212	20636f75
2213	2063617665
2214	69676572
2215	20736e6f776d616e
2216	206d6564
2217	20646f6773
2218	2063616e6e6f74
2219	206163726f7373
2220	697a7a79
2221	2046696e616c6c79
2222	657274
2223	2073656c
2224	2063726f7373
2225	61746566756c
2226	617572
2227	2070617274
2228	204d6f6c6c79
2229	657374
2230	2073706c6173
2231	2073756464656e6c79
2232	206a656c6c79
2233	206475636b73
2234	2064726f7665
2235	206472697665
2236	206f7267616e
2237	206d61796265
2238	20696e7374656164
2239	2066616e6379
2240	2068656c7066756c
2241	2063686577
2242	20616374
2243	20666f6f74
2244	546f
2245	2073746570706564
2246	206c656d6f6e
2247	20616476656e7475726573
2248	2073746570
2249	20677261746566756c
2250	20657870
2251	69616e
2252	207369636b
2253	206f76656e
2254	657265
2255	4c61746572
2256	206c696e65
2257	205370
2258	20446f67
2259	72656164
2260	2064697368
2261	2069676e
2262	6f707079
2263	207a6f6f
2264	207761736e
2265	486579
2266	20776f726b696e67
2267	2077617368
2268	20737065
2269	20676c6f77
2270	20666c65
2271	6f7065
2272	6f6f6d79
2273	2073656c66697368
2274	206368616e6765
2275	206176
2276	6c6574
2277	697479
2278	2070757a7a
2279	206a6f67
2280	20636f6e6675736564
2281	2063686f
2282	207072616374
2283	697272
2284	696479
2285	6572657374
2286	206c6164
2287	206865616c746879
2288	206461646479
2289	207772697465
2290	2074616b6573
2291	20696e746572657374
2292	20636170
2293	20626f75676874
2294	207765616b
2295	2070616e
2296	206c617374
2297	20666f7267697665
2298	20666f72676574
2299	20617368
2300	69646572
2301	206d65737379
2302	207374617273
2303	207368697274
2304	2077686f6c65
2305	20746561
2306	20736c6964
2307	20636f6d6573
2308	2070686f6e65
2309	20626f6f74
2310	636f6c
2311	207761746368696e67
2312	20737469636b73
2313	2070726f74
2314	206c6164646572
2315	77617264
2316	207465616d
2317	2073617665
2318	20686f7065
2319	20636861736564
2320	20616e796f6e65
2321	70656374
2322	206d7973746572
2323	206c696674
2324	20636c65766572
2325	2070696c6c6f77
2326	204f6c6c6965
2327	746f
2328	697a65
2329	2066656174686572
2330	2073706c617368
2331	2065617379
2332	616d6564
2333	20656c646572
2334	6f726b
2335	20656c6465726c79
2336	6f63
2337	53616c6c79
2338	207365656d6564
2339	20706f7572
2340	204c697361
2341	65766572
2342	62626c6573
2343	206d696e64
2344	206c656773
2345	2066696e697368
2346	20706c616e7473
2347	2063616c6d
2348	20616c6f6e67
2349	697a7a
2350	2074696479
2351	20706572736f6e
2352	206261726b
2353	2076616c
2354	20726574
2355	20707269
2356	2068756d
2357	756c74
2358	6974696e67
2359	69727079
2360	61696e6564
2361	536f6f6e
2362	2074617065
2363	207361766564
2364	207375
2365	20686f727365
2366	6c6c6f
2367	436f6d65
2368	207368656570
2369	2072657475726e
2370	20436174
2371	3fe2809d
2372	2070726574656e646564
2373	2070696e
2374	206c6f6e676572
2375	206661636573
2376	206d616368
2377	206c6f636b
2378	206c61746572
2379	20696e746572657374696e67
2380	75616c6c79
2381	64656e
2382	20776f6c66
2383	204461646479
2384	20636f7a79
2385	696f6e73
2386	2073637265616d6564
2387	20656d70
2388	20636c6f756473
2389	6f636b6564
2390	2077616974696e67
2391	2073757070
2392	2072696e67
2393	20656d707479
2394	20656167
2395	204275
2396	626f78
2397	20776f6e6465726564
2398	20746965
2399	206d697374616b65
2400	20626f756e6365
2401	20436f6d65
2402	20656e74
2403	20736c65657079
2404	2072696368
2405	205456
2406	207374726574
2407	20706f6f6c
2408	20626f737379
2409	2073756368
2410	206472616e6b
2411	2074686f756768
2412	20737069646572
2413	2066616b65
2414	20636869636b
2415	206272757368
2416	756e6b
2417	6f726d616c
2418	657468
2419	20546f676574686572
2420	70696c6c
2421	70696c6c6172
2422	206e6f726d616c
2423	206275696c64696e67
2424	207377696d6d
2425	207375676172
2426	2073747261
2427	206f6e746f
2428	204475636b79
2429	6c656272
2430	206c6172
2431	20676f6174
2432	2042656e6e79
2433	2063656c656272
2434	2057697468
2435	4b69747479
2436	20717565656e
2437	2068696464656e
2438	20436869727079
2439	207072696e74
2440	207061636b
2441	206c6177
2442	206769766573
2443	207370726179
2444	206d616368696e65
2445	20637261796f6e73
2446	206b69636b
2447	20676174686572
2448	20667275697473
2449	2064726577
2450	2063686572
2451	75727365
2452	206c6f76656c79
2453	206a756d70696e67
2454	6f6e74
2455	697a7a61
2456	20706f696e746564
2457	206368656572
2458	2063616765
2459	697070
2460	657270696c6c6172
2461	206578706c6f72
2462	20636174657270696c6c6172
2463	2061726d73
2464	2077696e67
2465	20676c7565
2466	204d79
2467	207370696379
2468	207072696e6365
2469	2066726f6e74
2470	20456c6c61
2471	207377696d6d696e67
2472	2070656e63
2473	656b
2474	2076616e
2475	2074726f75626c65
2476	2070656e63696c
2477	205468656972
2478	204772616e646d61
2479	206c61726765
2480	2066696e67
2481	2066696c
2482	656c70
2483	416e64
2484	20746f77656c
2485	206d6174746572
2486	20636c65616e6564
2487	61636564
2488	20736561726368
2489	206e756d626572
2490	206170706561726564
2491	204c756e61
2492	20696379
2493	6f6f70
2494	2077726170
2495	2070757473
2496	206d697272
2497	206d656c
2498	206675727279
2499	204d616d61
2500	20476f
2501	79617264
2502	2070726179
2503	206a6f75726e6579
2504	2067656e746c79
2505	206261636b79617264
2506	2054696e79
2507	205374
2508	6d656e74
2509	20736d656c6c6564
2510	206e6561726279
2511	206d6972726f72
2512	6f6f66
2513	2077616e64
2514	20706f77657266756c
2515	2066656172
2516	20446f676779
2517	796d
2518	6e6564
2519	6c6576
2520	646765
2521	20696d6167
2522	2067756e
2523	20636972636c65
2524	657279
2525	20736d696c696e67
2526	2070697a7a61
2527	206d61746368
2528	20636f756368
2529	20576879
2530	6f6e6573
2531	617370
2532	20706c61636573
2533	20637269
2534	204272
2535	6f73617572
2536	69636b6564
2537	53746f70
2538	2064696e6f73617572
2539	206170
2540	204a696d
2541	766f7573
2542	6973736f7273
2543	61756768746572
2544	48656c70
2545	206e65696768
2546	20636c617373
2547	206166
2548	20536f6d6574
2549	204a696c6c
2550	207472757374
2551	206e6569676862
2552	2063617272696564
2553	204a65727279
2554	7061
2555	6f72726f77
2556	67657374
2557	20776f6d
2558	20706c617465
2559	206c617a79
2560	20666c6167
2561	696e61
2562	20776f6d616e
2563	207175657374
2564	206a656570
2565	20687572
2566	20617368616d6564
2567	2079656c6c6564
2568	207472696573
2569	2074727565
2570	2074656172
2571	2073636973736f7273
2572	206c616d70
2573	2067617465
2574	20737572
2575	20676c617373
2576	20667269676874
2577	2064616e63696e67
2578	2062616c
2579	69717565
2580	626279
2581	4d79
2582	20756e69717565
2583	2073686970
2584	2073616e6477696368
2585	206472756d
2586	206461756768746572
2587	20627269646765
2588	204966
2589	20746f6d6f72726f77
2590	2073746972
2591	20736f636b
2592	2070726f74656374
2593	2064657374
2594	2042756e6e79
2595	2077656172696e67
2596	20737072696e67
2597	20727562
2598	2068656c6c6f
2599	72616964
2600	207765697264
2601	206e6572
2602	2069676e6f72
2603	20676f6573
2604	20656d62
2605	206561676572
2606	20616672616964
2607	656e73697665
2608	2074656e74
2609	20657870656e73697665
2610	20616e7473
2611	6974746572
2612	6970706572
2613	2074657374
2614	20736166
2615	20706f6f72
2616	206368617365
2617	206e6572766f7573
2618	20667269676874656e6564
2619	756767
2620	20426f626279
2621	207468657365
2622	2073756363657373
2623	20726567
2624	20696d7072657373
2625	6d6572
2626	6177
2627	20756e6b
2628	2073746f6f64
2629	72617373
2630	617272617373
2631	757465
2632	2073706c6173686564
2633	20736f6170
2634	20706f7461746f
2635	2070756d70
2636	206c6f766573
2637	20696e63726564
2638	20656d62617272617373
2639	20486f77
2640	76656e7475616c6c79
2641	636564
2642	20736f6c
2643	20736861726b
2644	20676f6c64
2645	2066656574
2646	2064697a7a79
2647	20626f72696e67
2648	2062616b65
2649	6e6f776e
2650	696666
2651	2070757a7a6c65
2652	206e6f7468696e67
2653	20696e6372656469626c65
2654	204265
2655	7765
2656	6e657373
2657	61726c
2658	20776973
2659	20756e6b6e6f776e
2660	207465657468
2661	206d61736b
2662	20646967
2663	204d617279
2664	6f6e64
2665	6e647061
2666	20646973636f
2667	206372656174697665
2668	75706964
2669	20776970
2670	2075736566756c
2671	207374726177
2672	2070726573
2673	206b6e6f636b6564
2674	2067656e
2675	75616c
2676	697370
2677	2072657370656374
2678	206465636f72
2679	2067696767
2680	6265727279
2681	20706179
2682	20526578
2683	7261746564
2684	637265616d
2685	616e79
2686	2073636172
2687	206c656164
2688	206d7973746572696f7573
2689	206d61726368
2690	20636c6f736574
2691	20636c6f636b
2692	207768697370
2693	2064697367
2694	20737475706964
2695	20737175617265
2696	20676f6f7365
2697	2066616d6f7573
2698	2063686f636f6c
2699	207768616c65
2700	20706f6c697465
2701	20616e73776572
2702	67657461626c65
2703	636f6d
2704	61697273
2705	546f6d6d79
2706	446164
2707	20766567657461626c65
2708	20736f6c64
2709	20706561636566756c
2710	206b69636b6564
2711	2067656e6572
2712	20506c65617365
2713	2042697264
2714	6f7465
2715	65727269
2716	61646f
2717	20746f6d61746f
2718	20736e61636b73
2719	20666f6f6c
2720	20657363
2721	20636f726e6572
2722	2063616e64
2723	207374756479
2724	2070617773
2725	2063726f776e
2726	2062616c64
2727	20446f6e
2728	6f726d6f7573
2729	666963
2730	207377616e
2731	20737465616b
2732	2072656c6965
2733	206e6f697379
2734	20646966666963
2735	2062616e616e61
2736	6c766573
2737	20736861646f77
2738	206d65646963
2739	206d656173757265
2740	206a616d
2741	2064697367757374
2742	20646966666963756c74
2743	2063686f636f6c617465
2744	726f62
2745	6f776564
2746	657261
2747	656469656e74
2748	20796f67
2749	20776f756c646e
2750	207761676f6e
2751	206d6f6d73
2752	206d65646963696e65
2753	2066656564
2754	20647567
2755	2042656172
2756	2033
2757	20746869636b
2758	20737175617368
2759	2073686f65
2760	2073636f
2761	20726f756768
2762	206d757368
2763	2064697367757374696e67
2764	206272616e63686573
2765	20626c6f77
2766	7573747261746564
2767	6d62
2768	2070726573656e74
2769	2042726f776e
2770	726f6265
2771	726f79
2772	706573
2773	207061696e746564
2774	206d6f756e7461696e
2775	20686172
2776	20656e6f726d6f7573
2777	2065676773
2778	20536f6d6574696d6573
2779	207465727269
2780	20706572666f726d
2781	206f62656469656e74
2782	206d6973
2783	2064657374726f79
2784	2064656164
2785	20416e6479
2786	756365
2787	20756e64657273746f6f64
2788	2073776f7264
2789	207370616365
2790	207363617265
2791	2073616c6164
2792	20727567
2793	206d69786564
2794	206275726e
2795	205065
2796	2073656c6c
2797	20686f726e
2798	2066727573747261746564
2799	6f727279
2800	656e6e79
2801	6369656e74
2802	20737465616c
2803	2067656e65726f7573
2804	20636c6179
2805	6967686564
2806	6173736573
2807	20746f7567
2808	20746173746564
2809	207374756666
2810	20726f6172
2811	206d6f74
2812	206c6162
2813	2067726f7570
2814	20616e6369656e74
2815	7265656e
2816	54696d6d79
2817	20737072656164
2818	206b6e696665
2819	20666f6f6c697368
2820	706c65
2821	20746f756768
2822	2070756d706b696e
2823	206d757368726f6f6d
2824	20627265617468
2825	206261726e
2826	636f726e
2827	207469636b
2828	2072617265
2829	206865726f
2830	20636f7665726564
2831	20626974746572
2832	756e676c65
2833	756d65
2834	20736d616c6c6572
2835	20636c6170
2836	20626f726564
2837	757375616c
2838	20746175676874
2839	207469676572
2840	206a756e676c65
2841	20636c656172
2842	206265616e
2843	20496e7374656164
2844	207363617266
2845	206d6f76696e67
2846	206d656c6f6e
2847	2068616e67
2848	616b696e67
2849	20796f757273656c66
2850	2077616b65
2851	2072656c6965766564
2852	20706562626c65
2853	206f7264
2854	206e757473
2855	20646973636f766572
2856	20536f6d65
2857	546f676574686572
2858	207768696368
2859	207465727269626c65
2860	207374616e64696e67
2861	20726566
2862	206d61726b6574
2863	20636f70
2864	20756e757375616c
2865	206a6f696e6564
2866	206578706c6f72696e67
2867	2063726f
2868	2061646d
2869	7569746172
2870	696e616c
2871	6174746572
2872	2074686f7567687466756c
2873	20677569746172
2874	2064726177696e67
2875	2061736c656570
2876	20696e64
2877	706f7274
2878	6c616e64
2879	2073756e66
2880	207061737461
2881	2061736b696e67
2882	66746564
2883	206d756666
2884	20636f6d62
2885	616c6f7573
2886	48657265
2887	2073706f696c6564
2888	207365616c
2889	2073717565
2890	206a65616c6f7573
2891	2057696c6c
2892	756d7379
2893	6967696e616c
2894	616d6f6e64
2895	496e73696465
2896	2076617365
2897	20686179
2898	20666f6c64
2899	206368656170
2900	20636172726f7473
2901	2074726f75626c6564
2902	206865617273
2903	20666174
2904	20656e67
2905	206469616d6f6e64
2906	2064756c6c
2907	20636f7374
2908	20636f6e65
2909	206265636f6d65
2910	6f70617264
2911	6972737479
2912	6964656e74
2913	207370656e74
2914	2068617473
2915	20506f707079
2916	2027
2917	756c62
2918	616c6b
2919	207365656473
2920	20616464
2921	204a656e6e79
2922	2073756974
2923	206861726d
2924	206172726f77
2925	696c74
2926	65726365
2927	417265
2928	207477697374
2929	207468616e6b66756c
2930	2073756e666c6f776572
2931	207374616d70
2932	20706f70636f726e
2933	206f726967696e616c
2934	206861697279
2935	20666965726365
2936	20636f6c6c656374
2937	20626172626572
2938	2062756c62
2939	2053616d6d79
2940	20416c
2941	726167
2942	636f6d666f727461626c65
2943	20746f6f6c
2944	2073747269
2945	2072656c6178
2946	20656d626172726173736564
2947	20636c756d7379
2948	20636869636b656e
2949	2063757368
2950	6f746f
2951	6c69676874
2952	2077726f7465
2953	20756e636f6d666f727461626c65
2954	2074756e
2955	2066696e65
2956	20626c6f6f6d
2957	686f7374
2958	657272696573
2959	536f727279
2960	2074656d
2961	20736e6565
2962	2070696765
2963	206d61696c626f78
2964	206578616d
2965	2064726f70
2966	2062657272696573
2967	79616c
2968	69616e74
2969	6570656e64656e74
2970	64696c65
2971	636f64696c65
2972	2069736c616e64
2973	2066726f776e
2974	2066696e64696e67
2975	2062616c616e6365
2976	204d616e79
2977	7869626c65
2978	616c73
2979	207768656174
2980	206d6967687479
2981	206c6f79616c
2982	206c6f7365
2983	20626568617665
2984	2061636f726e
2985	20456d696c79
2986	6365616e
2987	6170706564
2988	2074686972737479
2989	2073686f6f74
2990	206f6365616e
2991	206775657373
2992	2067686f7374
2993	206578636974696e67
2994	20656e67696e65
2995	20637261796f6e
2996	20636c6f776e
2997	73656c766573
2998	61746368
2999	5768657265
3000	2073636174746572
3001	206d6170
3002	206b6e6f77696e67
3003	20696e646570656e64656e74
3004	20656e64696e67
3005	78696f7573
3006	616e676c65
3007	2072656d696e64
3008	207072697a65
3009	206f7267616e697a6564
3010	206c6966746564
3011	20637261776c
3012	20626f6479
3013	2062656573
3014	2062617468726f6f6d
3015	696e657373
3016	6775
3017	20776f7264
3018	2074696564
3019	2063726f636f64696c65
3020	2063617473
3021	20616e78696f7573
3022	2055
3023	7469
3024	696c6c61
3025	696f
3026	646c65
3027	20747269636b
3028	20707261637469636564
3029	20706c617966756c
3030	206d6963
3031	206a7567
3032	20636f6d666f727461626c65
3033	206368657374
3034	204576656e
3035	676c
3036	486f77
3037	20796f757273
3038	207265636f7264
3039	20726570
3040	207069636b73
3041	206d6f746f72
3042	206c656f70617264
3043	20656e76656c
3044	2063656c656272617465
3045	747469
3046	6e6574
3047	6865747469
3048	61676865747469
3049	2070726f
3050	206a6f6c6c79
3051	20676c6f6f6d79
3052	6c616365
3053	207374756262
3054	20726176656e
3055	206e65636b6c616365
3056	206c697a
3057	20666c617368
3058	20627562626c6573
3059	7368696e65
3060	726179
3061	676c6173736573
3062	616e676564
3063	2073756e676c6173736573
3064	2073746174
3065	20737061676865747469
3066	207365617263686564
3067	20726174
3068	20686f7365
3069	20666973
3070	20646570656e64
3071	206272696c6c
3072	206272616365
3073	616e7473
3074	4d6f6c6c79
3075	207072756e
3076	20666c657869626c65
3077	20657363617065
3078	206272696c6c69616e74
3079	20626f7973
3080	2061756e74
3081	4d616d61
3082	20746f617374
3083	2073747562626f726e
3084	20706967656f6e
3085	20616476656e747572
3086	6c7068
3087	20756e6c
3088	2066726167
3089	206372617a79
3090	2062616c6c6f6f6e73
3091	2061766f63
3092	6e6963
3093	686970
3094	4966
3095	207261636564
3096	20706f77
3097	206572
3098	696761746f72
3099	67726f756e64
3100	207a6970
3101	207370696c6c
3102	20706f6c696365
3103	207069636e6963
3104	206861726d6c657373
3105	20667269656e6473686970
3106	20656e76
3107	20637261776c6564
3108	20636f756e746564
3109	20626f74746f6d
3110	20616476656e7475726f7573
3111	205768696c65
3112	6976
3113	636964656e74
3114	4a616e65
3115	20766567657461626c6573
3116	207573696e67
3117	20747269636b73
3118	20706570706572
3119	2066726167696c65
3120	206578706c61696e6564
3121	2064656c69766572
3122	20636c65616e696e67
3123	206368616e676564
3124	206275696c74
3125	20626f617264
3126	2062656c74
3127	2072616674
3128	20706972
3129	20656e76656c6f7065
3130	20646f6c7068
3131	20646570656e6461626c65
3132	61676573
3133	2073706f74746564
3134	2073656e64
3135	206e61706b696e
3136	206d61676e6574
3137	206c697a617264
3138	2069676e6f72616e74
3139	206672616d65
3140	206368657373
3141	20616c6c696761746f72
3142	4d65
3143	2073756e7368696e65
3144	20737461747565
3145	207363616c65
3146	2073696c
3147	20726f7365
3148	20706173736564
3149	206e65656473
3150	206d65616e74
3151	206c6f75646572
3152	206b6e6565
3153	2063686f6f7365
3154	20626174746572
3155	206174746963
3156	5468656972
3157	207765616c
3158	2073746f6e6573
3159	2073686f7773
3160	20736869766572
3161	206e6f7379
3162	206d6f76
3163	20696d7072657373697665
3164	2068756d626c65
3165	20636f6d706574
3166	2053756e6e79
3167	6f757273
3168	4d756d
3169	2074656d706c65
3170	2074656c6c73
3171	2073747265746368
3172	20736372
3173	736572
3174	696d70
3175	666565
3176	66666565
3177	20726164696f
3178	206c6f67
3179	206b6e69676874
3180	2064656166
3181	20637261636b
3182	20636172656c657373
3183	206163636964656e74
3184	204e6f
3185	776f726b
3186	6974686572
3187	20746167
3188	20737765
3189	20706f70756c6172
3190	2070616e7473
3191	206b6973736564
3192	20686f6f70
3193	20646f7665
3194	696e6b79
3195	6964646c65
3196	657261626c65
3197	207761766573
3198	2073746f7665
3199	207374616765
3200	20736967686564
3201	207072657373
3202	206e65696768626f72
3203	206d6973657261626c65
3204	20647261776572
3205	20636875
3206	756d706574
3207	756c75
3208	6c6c6970
3209	6c6c69706f70
3210	63746f70
3211	4576657279
3212	20776173686564
3213	2077616e646572
3214	20747269616e676c65
3215	207472756d706574
3216	2074616b656e
3217	20736c6970706564
3218	207361696c6f72
3219	206d756666696e
3220	206c6f6c6c69706f70
3221	20686f7070696e67
3222	20676f72
3223	20636875626279
3224	2062696e
3225	20616e67
3226	79696e67
3227	6f6e79
3228	696e617279
3229	61736572
3230	207275696e6564
3231	20706172726f74
3232	206f6e6573
3233	206d617a65
3234	206d6964646c65
3235	206a656c6c7966697368
3236	2066696e676572
3237	2063757368696f6e
3238	20596f7572
3239	6f6d6573
3240	6e656c
3241	6d627265
3242	6d6f7374
3243	6c697665
3244	2077616c6b73
3245	20756d627265
3246	20666967
3247	20636f6d706c
3248	20636f66666565
3249	205472
3250	6961626c65
3251	207961726e
3252	207769746368
3253	207361696c6564
3254	20676f72696c6c61
3255	20666f6c646572
3256	2066696c746879
3257	2064656c6963617465
3258	20636162
3259	63746f707573
3260	2074726176656c
3261	20746875
3262	2073686f7265
3263	20726f6f66
3264	20706f75726564
3265	206d696c6c
3266	206c6f636b6564
3267	206a61636b
3268	206775617264
3269	20656e76696f7573
3270	206465736b
3271	20616e737765726564
3272	72616374697665
3273	636f61
3274	20706f7374
3275	2070656e6e79
3276	2068617070696e657373
3277	20636865657266756c
3278	20636162696e
3279	2062726163656c6574
3280	20616c6d6f7374
3281	756e64
3282	6d6574
3283	20736d6f6b65
3284	20736572696f7573
3285	2072656c6961626c65
3286	206c6f6164
3287	20696e7669746564
3288	206875727473
3289	20676172
3290	2064656c69676874
3291	2062617365
3292	2061747472616374697665
3293	7061636b
3294	657874
3295	61707079
3296	20756d6272656c6c61
3297	2074756e6e656c
3298	20736179696e67
3299	2068656c6d6574
3300	20666f7277617264
3301	757468
3302	62657273
3303	616666
3304	207765616c746879
3305	207368656c6c73
3306	2073637265656e
3307	2072657475726e6564
3308	20726567756c6172
3309	207061696e74696e67
3310	206861727368
3311	20667269646765
3312	2064656572
3313	20636f6d7065746974
3314	206372696573
3315	20636f6f
3316	2062656c6f6e676564
3317	75746f6d
3318	75746f6d6f62
3319	75746f6d6f62696c65
3320	75726b6579
3321	637574
3322	636c6573
3323	5468657265
3324	476f
3325	20736f6c7665
3326	207368616465
3327	2070657273697374
3328	206f7264696e617279
3329	206e6963656c79
3330	206d6f70
3331	206c6f74696f6e
3332	20686f75736573
3333	2068697665
3334	20676976696e67
3335	20666f7572
3336	205368
3337	77656574
3338	7365756d
3339	2071756172
3340	206f63746f707573
3341	206e6f64
3342	206c696272
3343	206a61636b6574
3344	206665617266756c
3345	2063617270
3346	657465
3347	617a7a
3348	20776f6f6c
3349	20737570706f7274
3350	207375636365737366756c
3351	207371756565
3352	206d757365756d
3353	20646f756768
3354	20627562626c65
3355	20626f72726f77
3356	206175746f6d6f62696c65
3357	696c7479
3358	67696e67
3359	207475726b6579
3360	2074616e6b
3361	206c6976656c79
3362	206c6f77
3363	206775696c7479
3364	2067657473
3365	20646f6c7068696e
3366	20637570626f617264
3367	20626f786573
3368	20546f646179
3369	757262
3370	20796574
3371	20706f77646572
3372	206e6f6473
3373	206b6e6f74
3374	207374726f6e676572
3375	20736e696666
3376	2073686f77696e67
3377	207268
3378	207175617272656c
3379	206d6f766965
3380	206c6f75646c79
3381	2068656c7073
3382	2068656c706c657373
3383	20666c6173686c69676874
3384	20666c757465
3385	2063657265
3386	20626564726f6f6d
3387	20616c657274
3388	616e676572
3389	57686f
3390	20776973686573
3391	207472756e6b
3392	2074696d6573
3393	207370656564
3394	207368696e65
3395	206d696c64
3396	20686f6d6573
3397	2067656d
3398	20666f726b
3399	20666967757265
3400	2064697374757262
3401	2063697479
3402	616e7574
3403	2073636f6f74
3404	20726570616972
3405	20726164697368
3406	2070657273697374656e74
3407	207065616368
3408	206c69636b6564
3409	20676172616765
3410	20666c75666679
3411	20657261736572
3412	20616e67656c
3413	204a616b65
3414	6f696e
3415	6c657661746f72
3416	6573646179
3417	20776865656c73
3418	207472757468
3419	20736c65
3420	206d6f646572
3421	20656c657661746f72
3422	20636f636f61
3423	20636172706574
3424	204d697373
3425	7465726e
3426	616d657261
3427	2074697265
3428	20737065616b
3429	206c65616e
3430	2067796d
3431	2063657265616c
3432	2063616d657261
3433	756c6966
3434	726e
3435	207370656e64
3436	206d6f6465726e
3437	2067726f776e
3438	20647265616d73
3439	20646563696465
3440	20637265617465
3441	20626f617473
3442	204c756c75
3443	69726f6e
3444	62657272696573
3445	617469656e74
3446	61726d696e67
3447	5361726168
3448	2074776967
3449	20736c656570696e67
3450	20736869656c64
3451	2070656e6775
3452	20696d70617469656e74
3453	2068616972637574
3454	206561727468
3455	20636f6f6b6564
3456	206368657272696573
3457	206361756c6966
3458	2062696767657374
3459	6f7261626c65
3460	69726974
3461	617373696f6e
3462	20746f77657273
3463	20746170
3464	2073746174696f6e
3465	2073706c6974
3466	20736b6970706564
3467	206c696272617279
3468	2068616c66
3469	20636861726d696e67
3470	20526f7365
3471	6a656374
3472	6173696e67
3473	2076696e65
3474	2074726179
3475	20736b6970
3476	2073696e6b
3477	20706f6c65
3478	206c6974
3479	20677261706573
3480	20666f727468
3481	2061636365
3482	7879
3483	656e7365
3484	646f6d
3485	426f626f
3486	42696c6c79
3487	20776869737065726564
3488	207765656b
3489	2072657065
3490	206c6561726e696e67
3491	20686172646572
3492	2068617070656e696e67
3493	2064697665
3494	2063616374
3495	2061766f6361646f
3496	7a7a79
3497	2077726170706564
3498	2073617573
3499	206f6666696365
3500	206c79696e67
3501	206a75646765
3502	206372656174757265
3503	20636f6d7065746974697665
3504	20636163747573
3505	2061646f7261626c65
3506	7965
3507	756c616e6365
3508	726963
3509	6f74746572
3510	696566
3511	62756c616e6365
3512	466c75666679
3513	2077617973
3514	20756e636c65
3515	2073747261776265727279
3516	20736f7274
3517	20706f696e74696e67
3518	206f72646572
3519	206772616365
3520	20636f6d70617373696f6e
3521	206361756c69666c6f776572
3522	20626f756e636564
3523	20616d62756c616e6365
3524	206f74746572
3525	206564
3526	7a6564
3527	776173
3528	776173686572
3529	696374
3530	67656e
3531	617473
3532	20746f726e
3533	206d61727279
3534	206b6e6f7773
3535	206772616e647061
3536	20666f756e7461696e
3537	2064697368776173686572
3538	206368616c6b
3539	2062617272656c
3540	74656e
3541	6c6570686f6e65
3542	207a6970706572
3543	207468756e646572
3544	2074656c6570686f6e65
3545	206a6577656c7279
3546	20666973686572
3547	2064657369676e
3548	20536e
3549	20526f62
3550	656c6c6967
3551	2077616666
3552	207469636b6574
3553	20736c657074
3554	20736b696e
3555	2073657474
3556	20696e74656c6c6967
3557	20676966746564
3558	20666174686572
3559	206576656e7475616c6c79
3560	20636c7562
3561	205065746572
3562	6f70686965
3563	6973746564
3564	656479
3565	207768656e65766572
3566	207468696e6b696e67
3567	20736872696d70
3568	2073687574
3569	207175657374696f6e
3570	206a6574
3571	2068657262
3572	2067617370
3573	2069726f6e
3574	72696c6c
3575	6f6279
3576	61676564
3577	4a696d
3578	2074726970706564
3579	20737472616e676572
3580	207370756e
3581	20736872696e6b
3582	20726573746c657373
3583	206c6564
3584	20657863697465
3585	206465746572
3586	20636f756e74696e67
3587	20636f6d706c61696e
3588	2062756c6c
3589	20446f6c6c79
3590	6f706c
3591	65726f706c
3592	656c657279
3593	61636865
3594	4d756d6d79
3595	207765696768
3596	2076616c7565
3597	207468656d73656c766573
3598	2071756974
3599	20706f656d
3600	206d6f6c65
3601	20636f6d70617373696f6e617465
3602	2063617365
3603	206165726f706c
3604	73706974
3605	73706974616c
3606	72616765
3607	61746573
3608	47697665
3609	2076616c75
3610	207468696566
3611	20736f6172
3612	207061747465726e
3613	207075727365
3614	206d756c65
3615	20686f73706974616c
3616	206761746865726564
3617	206469736170706f696e
3618	2064657465726d
3619	20636f7374756d65
3620	20636f62
3621	6b656570
3622	20796f67757274
3623	207368617065
3624	206e6565646c65
3625	20676c6f7665
3626	206269726463
3627	6f6c64
3628	6e616d
3629	6573736965
3630	2077696665
3631	207369676874
3632	20706c617967726f756e64
3633	2063726962
3634	2063656c657279
3635	206269726463616765
3636	2042757a7a
3637	7374616c
3638	64656c
3639	6174696e67
3640	3f222e
3641	20746f65
3642	2073747265616d
3643	207370696c6c6564
3644	2070686f746f
3645	2070656172
3646	206d6f746f726379
3647	206d6f64656c
3648	206b6e6f62
3649	20696e74656c6c6967656e74
3650	2065617273
3651	206465636f72617465
3652	206372797374616c
3653	204a696d6d79
3654	20706972617465
3655	206e756d62657273
3656	206e75727365
3657	20676f6c66
3658	206665617468657273
3659	20636f6d707574
3660	20636f616c
3661	20616e6368
3662	206178
3663	696577
3664	656e74696f6e
3665	2077616c6c73
3666	2076616c7561626c65
3667	2076696577
3668	20747261696c
3669	20706974
3670	2070616c
3671	206d65616e73
3672	206c6175676873
3673	20676967676c6564
3674	2065646765
3675	20656974686572
3676	206469736170706f696e746564
3677	206261736562616c6c
3678	20616e63686f72
3679	205465646479
3680	204b696d
3681	6f7279
3682	6e616d656e74
3683	6661
3684	6176696e67
3685	21222e
3686	207465617273
3687	207370696e6e696e67
3688	20736f6c64696572
3689	207361756365
3690	2070616c65
3691	206f726e616d656e74
3692	206f696c
3693	2068616d
3694	20656e63
3695	2050657465
3696	7573686564
3697	756d626572
3698	626f6479
3699	616d706f6f
3700	4d72
3701	2073776561746572
3702	2070696e65
3703	206c696d65
3704	2068616e646c65
3705	206669736865726d616e
3706	20637269636b6574
3707	205370696b65
3708	204c6974746c65
3709	7572696e67
3710	71756974
3711	717569746f
3712	6973696f6e
3713	20737069726974
3714	2073686f636b6564
3715	20736166656c79
3716	2070726570
3717	20706565
3718	206d7567
3719	2068756e74
3720	20686f6f6b
3721	20666c6561
3722	20627573686573
3723	2062696b6573
3724	20617865
3725	20546f6279
3726	2042696c6c
3727	776562
3728	73706170
3729	20796177
3730	2077697265
3731	2070616c616365
3732	20706f72
3733	206d697474656e
3734	206a75696379
3735	20686f74656c
3736	2068697070
3737	20636f62776562
3738	2063616e646c65
3739	2063757274
3740	2050656f706c65
3741	75726368
3742	75706572
3743	73717569746f
3744	68656164
3745	61636874
3746	2076696465
3747	207374616666
3748	207370656172
3749	20726f6465
3750	206e657773706170
3751	206d6f73717569746f
3752	206d697373696c65
3753	206c65617368
3754	20657965
3755	206375727461696e
3756	20636f6c6c6172
3757	20636f696e73
3758	2062616e616e6173
3759	2062756d70
3760	206165726f706c616e65
3761	206164646564
3762	20466f
3763	6b6565706572
3764	207961636874
3765	207769706564
3766	207374756d
3767	207363726577
3768	2073616c74
3769	20726f64
3770	2070726f76
3771	207061696e746572
3772	206d617474
3773	2068616c6c
3774	2064757374
3775	20636f6f6c6572
3776	20636f6d7075746572
3777	20627574746f6e73
3778	20616c61726d
3779	75746573
3780	726f6e
3781	64657374
3782	616974
3783	207461736b
3784	2073757266
3785	207375636365
3786	20736c69646573
3787	2073686f7274
3788	20706172616465
3789	20706c65
3790	206f616b
3791	206e61696c
3792	206d65616c
3793	206d6167617a
3794	206c6162656c
3795	20697473656c66
3796	2064697374616e74
3797	20636f6d706c6574
3798	20617661696c
3799	204f4b
3800	7265776f726b
3801	706172
3802	6f70746572
3803	69636f70746572
3804	657263
3805	6174656c79
3806	2074726170
3807	20736f6661
3808	207375706572
3809	20727562626564
3810	20706f6c697368
3811	2070656e6775696e
3812	206d696e75746573
3813	206d616e61676564
3814	2068656c69636f70746572
3815	20677261636566756c
3816	2066697265776f726b
3817	20666f67
3818	206469736170706561726564
3819	2063757073
3820	206361626c65
3821	2062616773
3822	204d756d
3823	20756e6c6f636b
3824	20737461636b
3825	2073636f6f746572
3826	2072696262
3827	2070726574656e64696e67
3828	207061636b6564
3829	206c6965
3830	2067656172
3831	2066616c6c73
3832	2064726976696e67
3833	20647265616d6564
3834	20636f6d6574
3835	20617661696c61626c65
3836	20436c
3837	7567676564
3838	74696d65
3839	726f7068
3840	6c63616e
3841	20766f6c63616e
3842	2073756363656564
3843	20737461726564
3844	20706170657273
3845	2070756e
3846	206d6f746f726379636c65
3847	206c6967687473
3848	206469617279
3849	20636875726368
3850	2054727565
3851	205477656574
3852	2045766572797768657265
3853	75636574
3854	75656c
3855	726f70686f6e65
3856	69616e6f
3857	2ce2809d
3858	20737061726b6c79
3859	207365706172
3860	20706f726368
3861	20666175636574
3862	206578657263
3863	20636865727279
3864	206275636b6c65
3865	2062616e64616765
3866	2047697665
3867	20426f756e
3868	7269676572
3869	726967657261746f72
3870	68747562
3871	61666665
3872	2764
3873	20766f6c63616e6f
3874	2076656e64
3875	207669
3876	2074686f7365
3877	207370656c6c
3878	207368616d706f6f
3879	20727562626572
3880	20726964
3881	2072616b65
3882	206d6574616c
3883	206d6561646f77
3884	206d616b657570
3885	206b696e646e657373
3886	206875727279
3887	20686970706f
3888	2067726f776c
3889	2064657465726d696e6564
3890	2064657373
3891	2062617468747562
3892	75736961
3893	73747269
3894	6f6d6564
3895	6875736961
3896	63696e67
3897	616b6564
3898	4973
3899	2073696c766572
3900	207365727665
3901	20726f6c6c696e67
3902	207175657374696f6e73
3903	207069636b696e67
3904	207069616e6f
3905	206f7267616e697a65
3906	206f6674656e
3907	206d696e6572
3908	206d61747472657373
3909	206d656c74
3910	20656e746875736961
3911	20636f6c6f7572
3912	20636861696e
3913	2063616d70
3914	2062726f7468657273
3915	2050697070
3916	2050616e6479
3917	6c746572
3918	6173706f6f6e
3919	57656c6c
3920	536565
3921	2074656173706f6f6e
3922	2074756d6d79
3923	207377696e67696e67
3924	20726566726967657261746f72
3925	206f626a656374
3926	206e6f74696365
3927	206e6577737061706572
3928	206d6f64657374
3929	20676173706564
3930	20676173
3931	206578706c61696e
3932	20647265616d696e67
3933	20646973617070656172
3934	2062617474657279
3935	204c6565
3936	696c6f74
3937	61726f6f
3938	616e6761726f6f
3939	57616974
3940	2074726f7068
3941	207365656d
3942	2072657363
3943	206f73747269
3944	206e6574776f726b
3945	206d6963726f70686f6e65
3946	206c6963
3947	206b616e6761726f6f
3948	2067756d
3949	206372616e65
3950	206967
3951	7a6167
3952	6c6f6f
3953	69677a6167
3954	64726f6265
3955	61727279
3956	2077696e746572
3957	2077617264726f6265
3958	2076656e646f72
3959	2074616c6c6572
3960	20736b697274
3961	2073617573616765
3962	2072696365
3963	2072697365
3964	206f6b
3965	206e6f76656c
3966	206d75737461636865
3967	206d6167617a696e65
3968	206c6963656e7365
3969	206b6e6f636b
3970	2069676c6f6f
3971	2068756d616e
3972	2066616c6c696e67
3973	20656e636f75
3974	20636c696d62696e67
3975	20626c696e
3976	6c65766973696f6e
3977	4f756368
3978	427965
3979	416c
3980	2077616c6c6574
3981	2074726f706879
3982	207368656c746572
3983	2073796d
3984	20726577617264
3985	20696e6b
3986	2068617465
3987	20666c6f7572
3988	20617267
3989	205a6f6f6d79
3990	204a6f
3991	726963616e65
3992	6f636572
3993	696e6f636572
3994	626f6c
3995	20766964656f
3996	207665696c
3997	20746872656164
3998	2074656c65766973696f6e
3999	2073796d626f6c
4000	20726167
4001	207072756e6573
4002	206c756d626572
4003	206a6f75726e616c
4004	2062757279
4005	20626f6f6b736865
4006	737461697273
4007	706c6179
4008	6c65746f6e
4009	6b656c65746f6e
4010	697065
4011	696e6f6365726f73
4012	20747261696e73
4013	2073747564
4014	20737472657463686564
4015	207374657073
4016	207265616c69736564
4017	206d6564616c
4018	206d6179
4019	20696d70726f
4020	20686f757273
4021	20646973636f7665726564
4022	20646973706c6179
4023	2063617264626f617264
4024	20626f6f6b7368656c66
4025	2062656e74
4026	20617474616368
4027	7665727365
4028	7265616479
4029	65747479
4030	6163686573
4031	2073776565746965
4032	20736b656c65746f6e
4033	206d617468
4034	206c656e64
4035	2069746368
4036	20696e73
4037	20666f75676874
4038	20636f6f6b696e67
4039	20636f7264
4040	2062656566
4041	2062696379
4042	20616c7265616479
4043	616964
4044	5265
4045	4c6974746c65
4046	20756e69766572
4047	2073756767657374
4048	207268696e6f6365726f73
4049	206d617263686564
4050	206a6f6b6573
4051	20696e7365
4052	20687574
4053	206772617065
4054	2066726f6773
4055	2064657373657274
4056	20636173746c6573
4057	206261746865
4058	756265
4059	616e6775
4060	616b79
4061	2077656570
4062	20756e7061636b
4063	207572
4064	2074756265
4065	207377756e67
4066	20737175697272656c73
4067	206f737472696368
4068	206f666665726564
4069	20647261696e
4070	206261736b657462616c6c
4071	2046726f
4072	756d6d6572
4073	6f6d65746572
4074	2076696f6c
4075	2073756e736574
4076	20737461697273
4077	207072616374696365
4078	207061636b616765
4079	2070696c6f74
4080	2068616d6d6572
4081	2064726177696e6773
4082	20626c61636b626f617264
4083	2062696379636c65
4084	204c6f6f6b
4085	204269726479
4086	726d6f6d65746572
4087	6e676572
4088	69756d
4089	2076696f6c696e
4090	20746f696c65
4091	2074656c6c696e67
4092	20736e6170
4093	20726f74
4094	207065616e7574
4095	20706173747279
4096	206f70656e73
4097	206f79
4098	206e656174
4099	206d656d
4100	206d617463686573
4101	206c616e6775
4102	20696e73656374
4103	20656e6a6f79696e67
4104	20627269636b
4105	206170726f6e
4106	20616761696e7374
4107	204d756d6d79
4108	73746963
4109	6c696573
4110	63746f7279
4111	477261
4112	207065656b6564
4113	206f6e696f6e
4114	206c6970
4115	20686f6c6473
4116	2068617070696572
4117	20666c616d65
4118	20666163746f7279
4119	20656e74687573696173746963
4120	206561726c79
4121	20626c6f757365
4122	2062617468726f6265
4123	6174757265
4124	20747261636b
4125	2073686f76656c
4126	207368656574
4127	20736f6e
4128	2070726576656e74
4129	20706f6b65
4130	206f6e6365
4131	20667265657a
4132	2066617374657374
4133	206578636974656d656e74
4134	20636865636b
4135	206163636964656e74616c6c79
4136	205a6970
4137	2054696e61
4138	2048657265
4139	20e280
4140	206f77
4141	75726564
4142	756e647279
4143	696e6174696f6e
4144	66617374
4145	636b6579
4146	20746f696c6574
4147	20746f6f7468
4148	20736e65
4149	20726573746f7265
4150	2072656164696e67
4151	2070696e6368
4152	2070697065
4153	206c61756e647279
4154	2068756e746572
4155	20686f636b6579
4156	2068616e67696e67
4157	2066696e67657273
4158	2063616c6c696e67
4159	204a6f686e6e79
4160	6e6579
4161	696e6573
4162	207a6f6f6d6564
4163	20747275636b73
4164	20736b756c6c
4165	20726f6f74
4166	20706c61796572
4167	207061746368
4168	206a756e6b
4169	206578657263697365
4170	206469736167
4171	20536e6f77
4172	706c616365
4173	6973746f6c
4174	6865726f
4175	61706f6e
4176	20746865726d6f6d65746572
4177	2074686561746572
4178	20737572707269736573
4179	2073757065726865726f
4180	207374756d626c6564
4181	20737461626c65
4182	207368616b696e67
4183	2070726573736564
4184	2070617373706f7274
4185	20706f6e79
4186	206b6e65
4187	2066696c6d
4188	2066697665
4189	2064697374616e6365
4190	20636f6d706c657465
4191	2063656c6c
4192	20627265616b66617374
4193	69656e6365
4194	6368616e
4195	20736561726368696e67
4196	20706f70706564
4197	20706973746f6c
4198	206f617473
4199	206c656d6f6e73
4200	206c61776e
4201	206675656c
4202	20456c6c6965
4203	636f6d65
4204	617a6f72
4205	4a696c6c
4206	2073746f6d
4207	206d696e6572616c
4208	206c697374656e696e67
4209	206a756d7073
4210	20666f6f7462616c6c
4211	2066697265706c616365
4212	2063686173696e67
4213	20626c696e6b6564
4214	2061646d697265
4215	206168656164
4216	204d7273
4217	2044616e
4218	756d62
4219	69657374
4220	6963686573
4221	66666963
4222	616469756d
4223	61756c
4224	20776166666c65
4225	2074656e
4226	2073746972726564
4227	207374616469756d
4228	2073616e64776963686573
4229	207265737065637466756c
4230	206d69786572
4231	2067617a
4232	20646f6f7273
4233	20636162696e6574
4234	2063756464
4235	6375
4236	446964
4237	20737562
4238	207065726d
4239	206c656176696e67
4240	20676f616c
4241	206772696c6c
4242	20667265657a6572
4243	20616e79776179
4244	20616c6c6f776564
4245	20616c697665
4246	204a617a7a
4247	73746976
4248	73746976616c
4249	6368616e6963
4250	63617365
4251	5368
4252	207472617368
4253	20737769746368
4254	20726f61726564
4255	206e6174696f6e
4256	206d6f6e6b657973
4257	206d656368616e6963
4258	206d756d6d79
4259	206865646765
4260	2068616e676572
4261	2067726f77696e67
4262	20666f7267617665
4263	20666c6f6f64
4264	20666573746976616c
4265	206261726b696e67
4266	2062696c6c
4267	20536f70686965
4268	2050697070696e
4269	204f72
4270	20426f756e6365
4271	20426967
4272	787967656e
4273	4a6f65
4274	20746970
4275	2073706f6b65
4276	2073756d6d6572
4277	2072657665727365
4278	207065656b
4279	206d656174
4280	204265747479
4281	20416c696365
4282	7761726473
4283	617061
4284	2077686970
4285	2072756c6573
4286	206d696e74
4287	206d657373616765
4288	206c616e6775616765
4289	20687572726963616e65
4290	20646f65736e
4291	2063686f7365
4292	206265727279
4293	72656e646572
4294	6c656e64
4295	696d6e6579
4296	696769
4297	656d656e74
4298	626f6f6b
4299	2076657374
4300	20756e697465
4301	207374726970
4302	20737472756767
4303	20737469636b657273
4304	2073656e74
4305	20706f696e74
4306	206e6f7465626f6f6b
4307	206d656e
4308	206c617779
4309	2068656c706572
4310	2067697261666665
4311	20636972636c6573
4312	206368696d6e6579
4313	20637572
4314	206167726565
4315	6c61
4316	696e6365
4317	2073706f7274
4318	20736e6966666564
4319	20706c616e6574
4320	206e6174757265
4321	206d656f776564
4322	206c6f6f70
4323	206c65616b
4324	20696d6167696e65
4325	20656e6572
4326	20616363657074
4327	79656172
4328	6b69
4329	69736f6e
4330	6967676c79
4331	617269616e
4332	616d626572
4333	4f77
4334	4a696d6d79
4335	2074696768746c79
4336	20736c6970
4337	2072656d61696e
4338	2072656675736564
4339	207261696c
4340	2070616972
4341	206f7973746572
4342	206d7573696369616e
4343	20696e76697465
4344	20636c617373726f6f6d
4345	20636172696e67
4346	206361726473
4347	2042757a7a79
4348	76696365
4349	726f64
4350	6e69676874
4351	6c6964
4352	656d656d626572
4353	456d
4354	2077696e646f7773
4355	2073746f7073
4356	207365706172617465
4357	20726962626f6e
4358	2072617a6f72
4359	20707573686573
4360	2070616e6963
4361	206f62736572
4362	206d697374616b6573
4363	206d656574696e67
4364	206c657474657273
4365	20686f6c6573
4366	20676c6f77696e67
4367	2063756265
4368	20616972706f7274
4369	2053616e6479
4370	204d6172
4371	6c69646179
4372	6c656e646172
4373	616e6461
4374	2077696e65
4375	2074776972
4376	20737562776179
4377	20736c6170
4378	2073756464656e
4379	20726163
4380	2070726f75646c79
4381	2070726f626c656d73
4382	20706f707079
4383	20706c6561736564
4384	206c65616e6564
4385	20696e74726f64
4386	20686f6c69646179
4387	2068616e646564
4388	206772616273
4389	206661766f7572
4390	206368616d626572
4391	2063616c656e646172
4392	206272656174
4393	73736573
4394	6e6573646179
4395	65646e6573646179
4396	20796f6761
4397	2077697065
4398	2074726166666963
4399	207377616d70
4400	2073746f6d616368
4401	207374616972
4402	20736e65657a65
4403	20726573697374
4404	206d61696c6d616e
4405	20696e637265
4406	2066696e6473
4407	206661766f7572697465
4408	20667265
4409	2064656c6179
4410	20636f7773
4411	20636172746f6f6e
4412	20626f6f7473
4413	20626c75656265727279
4414	2062696c6c626f617264
4415	2062656c6f6e6773
4416	2062656574
4417	20436f
4418	7465
4419	696f6e617279
4420	696374696f6e617279
4421	68746572
4422	6562
4423	63617374
4424	207969656c64
4425	20776561706f6e
4426	207761726e
4427	20737472617762657272696573
4428	2073616e6463617374
4429	2070616765
4430	206e617679
4431	206d696e757465
4432	206c6177796572
4433	206c61756768746572
4434	206b696e6473
4435	20696d70726f7665
4436	206361727279696e67
4437	2062656570
4438	20617274
4439	2061626f7665
4440	20506f6c6c79
4441	204f77
4442	20417265
4443	6f6c61
4444	20746f6d61746f6573
4445	2073616e64626f78
4446	2073697a65
4447	2064696374696f6e617279
4448	20636f6d666f7274
4449	20636f70706572
4450	206170706c
4451	20616476696365
4452	205a6f6f6d
4453	6c6f77
4454	656361757365
4455	636572
4456	6179616b
4457	6173746963
4458	616c6c6579
4459	207472616465
4460	207465617365
4461	2072656d696e646564
4462	2072656d6f7665
4463	2070756c6c73
4464	20707564646c6573
4465	20707261796564
4466	20706564
4467	206b6179616b
4468	2066726f776e6564
4469	20627574746572666c696573
4470	20626565746c65
4471	205275
4472	2047696769
4473	20456c6c79
4474	6f6c6f67
4475	6c75
4476	65627261
4477	617564
4478	2076616c6c6579
4479	2073706f696c
4480	207361646c79
4481	20706f6b6564
4482	206e616d6573
4483	2068656174
4484	20666f7274
4485	2066696c65
4486	20656e65726779
4487	2064616e636572
4488	20636c696666
4489	206272696768746c79
4490	2061706f6c6f67
4491	2050617061
4492	204361726c
4493	2059
4494	6f726573
4495	69746174696f6e
4496	697070657279
4497	20746f6f6c73
4498	2073686f6e65
4499	207072696365
4500	20706c616e6573
4501	206f787967656e
4502	20667265657a65
4503	20666c696573
4504	206665656c696e6773
4505	2063726f73736564
4506	20626f6f6b63617365
4507	20616e797768657265
4508	205768657265
4509	596f7572
4510	207a65627261
4511	207761726e6564
4512	20746f726e61646f
4513	20747562
4514	2073757272656e646572
4515	2073717565657a65
4516	20736c697070657279
4517	207368616b6573
4518	20736176696e67
4519	20726573637565
4520	2070726f76696465
4521	206b6e65656c
4522	20657874
4523	206576656e74
4524	2064656172
4525	20636f756e747279
4526	20636861697273
4527	206365696c696e67
4528	2063616e65
4529	205765646e6573646179
4530	20426573736965
4531	75736965
4532	6e61
4533	696d6564
4534	6368616972
4535	207761737465
4536	2073616e64636173746c65
4537	207265706c616365
4538	20727573686564
4539	206f6c697665
4540	206e6f626f6479
4541	206c696f6e73
4542	206c69766573
4543	206c6964
4544	20696e636c75
4545	696e617269616e
4546	6874726179
4547	65746572696e617269616e
4548	656c636f6d65
4549	4e657874
4550	20736f66746c79
4551	20726570656174
4552	207261697365
4553	20706f69736f6e
4554	207061676573
4555	206c696768746e696e67
4556	206c657474696e67
4557	206b656570696e67
4558	2067726f
4559	20657863697465646c79
4560	2064617265
4561	206177
4562	20467265646479
4563	2042696e6b79
4564	2056
4565	6f726765
4566	68657374
4567	656f726765
4568	656572
4569	4d617279
4570	20736f756e646564
4571	20726567726574
4572	20706c6173746963
4573	206f6c646572
4574	206d797374657279
4575	206672657368
4576	20636f7572616765
4577	2062656c6965766564
4578	2061736874726179
4579	206170706c617564
4580	20537061726b
4581	676779
4582	65726f
4583	61726c6965
4584	617070696e67
4585	596179
4586	207665746572696e617269616e
4587	207472656d
4588	20736f6d657768657265
4589	2073686f757473
4590	2073656173
4591	2072657665
4592	206d656173
4593	206d617373
4594	20696d6167696e6564
4595	206761696e
4596	206578747261
4597	2064656c696768746564
4598	20636f6c6f757266756c
4599	2063686f696365
4600	20636869636b656e73
4601	2063686f726573
4602	20627265616b73
4603	20626c6f77696e67
4604	2061726d6368616972
4605	20576967676c79
4606	205061756c
4607	204e657874
4608	20476f64
4609	6b79
4610	696e64656572
4611	617572616e74
4612	5975636b
4613	4461697379
4614	20737567676573746564
4615	20737461727473
4616	20736f636b73
4617	20736d656c6c73
4618	20736b696c6c
4619	20736574746c65
4620	2072657374617572616e74
4621	207265696e64656572
4622	2072656365
4623	207261696e6564
4624	2070726570617265
4625	207069746368
4626	20636f6e74656e74
4627	206172677565
4628	204772616e647061
4629	6e6f6f6e
4630	6c6578
4631	636f6c69
4632	63636f6c69
4633	57696c6c
4634	5175
4635	416e6e
4636	20736e65657a6564
4637	20726f6f6d73
4638	2072657665616c
4639	206d7973656c66
4640	206c61736572
4641	2061667465726e6f6f6e
4642	20466c
4643	6865617274
4644	6563746564
4645	2077656174686572
4646	20747261636b73
4647	207468726f7773
4648	207072696e7473
4649	206865616473
4650	20646973686573
4651	20556e646572
4652	7461696e
4653	7065656479
4654	6f676e
4655	676965
4656	207368727567676564
4657	207265636f676e
4658	207175697a
4659	2070657266756d65
4660	2070616e6461
4661	206d656e74696f6e
4662	20696e7669746174696f6e
4663	2068617070656e73
4664	20666c6f6174
4665	20656174656e
4666	20636865776564
4667	20576f756c64
4668	20537465
4669	205375
4670	20456e64
4671	20426f77
4672	766574
4673	73636f7065
4674	73697479
4675	726f73636f7065
4676	63757373
4677	2077726974696e67
4678	207468726f77696e67
4679	20746178
4680	2073776565746865617274
4681	20737479
4682	2073706f7473
4683	2073686f776572
4684	2073696768
4685	2070757a7a6c6573
4686	2070757368696e67
4687	2069676e6f7265
4688	206772616e64
4689	20676967676c65
4690	20656e646564
4691	2064697363757373
4692	2062656e64
4693	20526f
4694	204d65
4695	20486f707079
4696	2078
4697	656e7279
4698	61636174696f6e
4699	4e6f74
4700	207661636174696f6e
4701	20746f7572
4702	2074617869
4703	20736869766572696e67
4704	2073756666
4705	2068656e
4706	20666f6c6c6f77696e67
4707	20656e746572
4708	206368616e6365
4709	2062756d706564
4710	20626f756e63696e67
4711	206261726b73
4712	204c696c6c79
4713	756374757265
4714	717565616b79
4715	616e61
4716	4d61726b
4717	207468616e6b73
4718	20737472756374757265
4719	20736f696c
4720	20726964696e67
4721	206c656d6f6e616465
4722	20696e736973746564
4723	20666978696e67
4724	2064656d
4725	20636f617473
4726	206361726564
4727	2062656c6f77
4728	206265616e73
4729	204d696b65
4730	75726e6974
4731	75726e6974757265
4732	69666f726d
4733	6861707079
4734	61636b6564
4735	207961776e6564
4736	20756e69666f726d
4737	20737469636b6572
4738	20737465616d
4739	2073686f756c646572
4740	20736577
4741	2073636f6c64
4742	2070756e697368
4743	207072696e746564
4744	20706c61636564
4745	206d616c6c
4746	20696d70726573736564
4747	2068756e67
4748	20686f70696e67
4749	206675726e6974757265
4750	20657870656374
4751	20646565706572
4752	20626567
4753	20556e
4754	756767616765
4755	6c6f6f6b
4756	696b69
4757	686963
4758	6167676965
4759	4368
4760	416c6c
4761	207665686963
4762	20756e6861707079
4763	2074727573746564
4764	207370616465
4765	206f70657261
4766	206d697373696e67
4767	2064657374726f796564
4768	206361707461696e
4769	2062726f63636f6c69
4770	7265656b
4771	696e6b696e67
4772	697070696e67
4773	616e676573
4774	5265616479
4775	4461646479
4776	20776569676874
4777	20737061726b6c6564
4778	2072616e6368
4779	206c756767616765
4780	206a6f67676564
4781	206578706572
4782	20636c6177
4783	20636865656b
4784	2063616e646c6573
4785	20637265656b
4786	206275726e6564
4787	6f7474656e
4788	6f6d6d
4789	6f6d6d656e64
4790	6c6f6f6b696e67
4791	6c70
4792	656374757265
4793	6174696f6e73
4794	61736973
4795	61726e74
4796	222c
4797	2076616e6973686564
4798	20736361747465726564
4799	2073636f7265
4800	207265636f6d6d656e64
4801	207061727473
4802	20706f7274
4803	206d6963726f73636f7065
4804	206c6561726e74
4805	206c656374757265
4806	206a61696c
4807	2068696c6c73
4808	20636865636b6564
4809	206272696768746572
4810	205768656e65766572
4811	205072
4812	2048617665
4813	204576656e7475616c6c79
4814	6e6365
4815	656374696e67
4816	636f6e64
4817	57656c636f6d65
4818	4265666f7265
4819	4275646479
4820	416c696365
4821	2077686973746c6564
4822	2077696767
4823	2076726f6f6d
4824	20737469636b79
4825	20737465656c
4826	207365636f6e64
4827	206f61736973
4828	206c75636b
4829	206576656e696e67
4830	20657175
4831	206368697270
4832	20627572696564
4833	206261646c79
4834	2062616b696e67
4835	20537065656479
4836	2050656e6e79
4837	204f6c697665
4838	2048656c70
4839	20436865
4840	7765656e
4841	75746f72
4842	75636b6564
4843	7269616765
4844	2077686973706572
4845	207475746f72
4846	2073707261796564
4847	2073706c617368696e67
4848	20736f7274696e67
4849	20736972
4850	20726163696e67
4851	2072757368
4852	207072756e65
4853	20706574616c73
4854	2070616964
4855	2069676e6f726564
4856	20686f706573
4857	206865656c
4858	20656173696c79
4859	20636c617070696e67
4860	206265747765656e
4861	20536d
4862	204c6f6c61
4863	204973
4864	2046726f676779
4865	6c61696d6564
4866	686f6f64
4867	676573
4868	207472656d626c65
4869	20737570706c79
4870	20737472656e67
4871	20736e61696c
4872	206d617373616765
4873	206772616e74
4874	206578636c61696d6564
4875	206461697379
4876	20627269636b73
4877	756374
4878	72656469656e74
4879	696e6772656469656e74
4880	617269
4881	207374796c65
4882	207365617473
4883	207072696e746572
4884	20696e74726f64756365
4885	20677265656479
4886	2066726f
4887	2064656d616e64
4888	20636f756e746572
4889	20626f74686572
4890	20616c6c6f77
4891	2057686f
4892	205375736965
4893	2053717565616b79
4894	20696e6772656469656e74
4895	72696e67
4896	697a6573
4897	69706d656e74
4898	65726174696f6e
4899	5468657365
4900	20e28093
4901	207975636b79
4902	2077616773
4903	207570737461697273
4904	207468756d62
4905	20747567
4906	20737472656e677468
4907	207368696e6564
4908	2073656c6c696e67
4909	207261696e696e67
4910	207175697465
4911	20706f696e7473
4912	20706c61746573
4913	207065726d6974
4914	206a6f6767696e67
4915	2068757274696e67
4916	20666f6c6c6f7773
4917	2065717569706d656e74
4918	2052656d656d626572
4919	756573646179
4920	7269676874
4921	69646573
4922	6566
4923	4a656e6e79
4924	42656361757365
4925	20776176696e67
4926	20777265
4927	20746f6e67
4928	207465616368696e67
4929	2073686f706b6565706572
4930	20726f77
4931	206d61727269616765
4932	206d6172626c65
4933	2066616c6c656e
4934	2065616765726c79
4935	2063757474696e67
4936	20637562
4937	20636c617773
4938	2062757a7a
4939	20626561757479
4940	2062616c616e
4941	206170617274
4942	2054756573646179
4943	204b696b69
4944	200a
4945	75727072697365
4946	7175657374
4947	697474656e73
4948	656369616c6c79
4949	4d696d69
4950	42656c6c61
4951	20776f726d73
4952	2076656869636c65
4953	207374617274696e67
4954	20736f63
4955	2073636f6f70
4956	206d6f766573
4957	20696e6772656469656e7473
4958	20696e637265617365
4959	2066616d696c
4960	206578706c6f726564
4961	20656e7465726564
4962	20647572696e67
4963	20636c696d6273
4964	206265617273
4965	7370656369616c6c79
4966	7265657a65
4967	72656174
4968	70746564
4969	69636572
4970	656e7473
4971	426c
4972	207a69677a6167
4973	207761726e696e67
4974	2074756e61
4975	2073747564696564
4976	20736f63636572
4977	2070726573656e7473
4978	20707570
4979	20666f6c646564
4980	20666c6f61746564
4981	20666c6170706564
4982	20636f6e66
4983	2063616b6573
4984	20626c756562657272696573
4985	2062616b
4986	2061646d69726564
4987	204f776c
4988	2044617665
4989	6d656e
4990	61706564
4991	4772616e646d61
4992	20776f726b73
4993	2075726765
4994	20746f6e677565
4995	20736f616b
4996	20736c6170706564
4997	2073637261746368
4998	207361696c696e67
4999	2072657175657374
5000	206f7065726174696f6e
5001	206f627365727665
5002	206f68
5003	206d656e75
5004	206578616d696e65
5005	20657370656369616c6c79
5006	2064726f7073
5007	20646966666572656e6365
5008	2062726561746865
5009	20626c6f6f64
5010	2061677265
5011	2054696c6c79
5012	204e616e61
5013	2046696e6e
5014	20416c6578
5015	757274686572
5016	7468616e6b
5017	72697365
5018	6d656469
5019	6d6564696174656c79
5020	626f72
5021	5375727072697365
5022	4c656f
5023	46726564
5024	20777265636b
5025	2077617368696e67
5026	20756e6976657273697479
5027	207472617665
5028	2074696465
5029	20737472696b65
5030	2071756965746c79
5031	206f72616e676573
5032	20686172626f72
5033	2053686172696e67
5034	20536565
5035	2052756279
5036	204c697a7a79
5037	204772616365
5038	2046696e6e79
5039	7661
5040	73686564
5041	726573736573
5042	7261676564
5043	61746965
5044	20736f6c766564
5045	20736e6170706564
5046	20736b696c6c73
5047	2072656163686573
5048	2070757474696e67
5049	20706c616e746564
5050	2070696773
5051	2068696768657374
5052	206861646e
5053	20686f6e
5054	20676976656e
5055	20666f72676f7474656e
5056	2066757274686572
5057	20657870657269656e6365
5058	206174746163686564
5059	204b617465
5060	20436f636f
5061	20436861726c6965
5062	7175616b65
5063	6f6d65646179
5064	646f
5065	2e2e
5066	207a65726f
5067	20776f727468
5068	2077616e6465726564
5069	2072656566
5070	20706c616e6e6564
5071	20706561726c
5072	206d616e616765
5073	206d6973746572
5074	20696e7374
5075	20686f72736573
5076	206769667473
5077	2064726573736564
5078	206375726c6564
5079	20636f6d66
5080	206272696e6773
5081	20546f746f
5082	204d697474656e73
5083	204d696c6c79
5084	204c65
5085	2045766572797468696e67
5086	73746572646179
5087	7374657273
5088	6d6d
5089	69707079
5090	6573746572646179
5091	617463686564
5092	576f6f66
5093	456c6c61
5094	2077617465726564
5095	2074776973746564
5096	2073756e72697365
5097	2073717565657a6564
5098	207370696b65
5099	20736574746c6564
5100	20736561736f6e
5101	2072656c65617365
5102	20706c617973
5103	2070617374656c
5104	206e65696768626f7572
5105	206c69636b73
5106	20656e636f7572616765
5107	2065617274687175616b65
5108	206361746368696e67
5109	20536b79
5110	20526f73
5111	756e6174656c79
5112	65617468
5113	6374696f6e
5114	63657279
5115	52656d79
5116	45766572796f6e65
5117	277665
5118	2077656c636f6d6564
5119	2077657374
5120	20736f727473
5121	20736e756767
5122	2073686f7574696e67
5123	20736f6d65646179
5124	2073697a6573
5125	207065616e757473
5126	206e657773
5127	206d696365
5128	20696d6167696e6174696f6e
5129	206964656173
5130	20686561727473
5131	2067726f63657279
5132	20666972656d616e
5133	20656c657068616e7473
5134	20626f6e6573
5135	20617070656172
5136	20486f
5137	20427562626c6573
5138	736564
5139	6f72696573
5140	6f726564
5141	207a6f6f6b6565706572
5142	20776f727365
5143	20746f6e69676874
5144	20736f72746564
5145	20736c6964696e67
5146	2073697473
5147	2073686564
5148	2073696e6365
5149	2072656d61696e6564
5150	2070756c6c696e67
5151	207072657474
5152	206d656d6f7279
5153	20696e66
5154	20696d6d6564696174656c79
5155	20696d616765
5156	20656d6572
5157	206372617368
5158	2063616c6c73
5159	20617474656e74696f6e
5160	206163636570746564
5161	204d696c6c
5162	20476f6f64
5163	797468
5164	456d6d61
5165	426c7565
5166	207961776e
5167	20756e697665727365
5168	20756e6465727374616e64696e67
5169	20737566666572
5170	2073686f74
5171	2073636f6c646564
5172	2072756c
5173	20706f7461746f6573
5174	2070656163686573
5175	20707572
5176	206f757273
5177	206c616e6473
5178	2067726f776c6564
5179	20676c6f
5180	206669656c6473
5181	206472696564
5182	20636f6c6c656374696f6e
5183	206261636b7061636b
5184	20466f78
5185	204265666f7265
5186	2041626279
5187	757073
5188	756e646179
5189	6973696e67
5190	626c6573
5191	61646564
5192	546f646179
5193	4861
5194	2077686973746c696e67
5195	2077616767696e67
5196	207475636b6564
5197	207374726f
5198	20737465616c696e67
5199	20736565696e67
5200	207369
5201	206c756e67
5202	20676c6f766573
5203	20646973616772656564
5204	20636f6c6f757273
5205	20636c6f73656c79
5206	2063656c65627261746564
5207	20626c616e6b657473
5208	2062616b6564
5209	20536d697468
5210	2053756e646179
5211	20526564
5212	20526179
5213	2048656e7279
5214	2047656f726765
5215	6973736573
5216	697272696e67
5217	69656e
5218	207a6970706564
5219	20746f6573
5220	2073747566666564
5221	2072696e67696e67
5222	2072616262697473
5223	20706175736564
5224	206f66666572
5225	206d7573636c6573
5226	206d656c746564
5227	206c656174686572
5228	206b696e67646f6d
5229	206b69636b696e67
5230	206b6973736573
5231	2069736e
5232	20656173696572
5233	206163746564
5234	20506174
5235	204d6167676965
5236	20426f70
5237	2042616279
5238	7974686d
5239	73696e67
5240	7272
5241	696e6479
5242	57697468
5243	5065746572
5244	4c697361
5245	20776973646f6d
5246	20746173746573
5247	2073706974
5248	20736f616b6564
5249	2072756c6572
5250	2072616e67
5251	20706564616c
5252	20706562626c6573
5253	206d656d6f72696573
5254	206d65617375726564
5255	206d616d61
5256	206b69746573
5257	20696e636c756465
5258	2068697473
5259	206669726566
5260	20646f776e737461697273
5261	20627265616b696e67
5262	20626f756e6379
5263	205a69677a6167
5264	205a617261
5265	20536e6f7779
5266	2045616368
5267	6f7073
5268	69746573
5269	6963696e67
5270	65746368
5271	656570
5272	6162696573
5273	4f6b
5274	2077696e6e696e67
5275	20747769726c6564
5276	20746f7265
5277	20736e7567676c6564
5278	20736e6f7762616c6c
5279	2073686f756c646e
5280	2073686f7070696e67
5281	20726169736564
5282	20717561636b
5283	2070616c6d
5284	206c616e647363
5285	206b69747479
5286	206769726c73
5287	2066616d696c696573
5288	20656e636f757261676564
5289	206461726564
5290	20637261776c696e67
5291	20627261696e
5292	20626c65
5293	20626162696573
5294	20616c7269676874
5295	2061636f726e73
5296	2053756e
5297	20526f736965
5298	20506970
5299	204d6f
5300	204a657373
5301	204a616d6573
5302	20486f7065
5303	20466f6c6c6f77
5304	2044616e6e79
5305	20436c617261
5306	20426565
5307	697368696e67
5308	697073
5309	696473
5310	666f7274756e6174656c79
5311	656c6c65
5312	207761697473
5313	20776f62
5314	20756e6c6f636b6564
5315	207472656d62
5316	2074616c6c657374
5317	207374697272696e67
5318	20666c6f6174696e67
5319	20666c6170
5320	2063686577696e67
5321	2063617065
5322	2062727573
5323	20627265657a65
5324	205a6f65
5325	20536c6f77
5326	77616c6b
5327	756d6573
5328	6c6572
5329	6973646f6d
5330	657479
5331	646479
5332	64696e67
5333	61766964
5334	616c6c656e
5335	576f756c64
5336	20776f6f64656e
5337	207374756479696e67
5338	207369646577616c6b
5339	2072657374696e67
5340	20706c617974696d65
5341	206f70696e
5342	206e617070696e67
5343	206d617463686564
5344	206d617272696564
5345	206c697073
5346	206b6e65656c6564
5347	20696e737472
5348	2068657273
5349	2067617a6564
5350	2066697265776f726b73
5351	2065786974
5352	206368616c6c656e
5353	206269746573
5354	2062616e67
5355	20616d617a656d656e74
5356	2053757a79
5357	6f72746564
5358	69636f726e
5359	4d6f6d6f
5360	20776562
5361	2077617463686573
5362	20756e69636f726e
5363	207472656d626c696e67
5364	20737572726f756e64
5365	207374726169676874
5366	2073696c656e6365
5367	20736572766564
5368	20736166657479
5369	20736166617269
5370	2072656c61786564
5371	207265636f676e697a65
5372	2070756e6973686564
5373	20706164
5374	206f726465726564
5375	206c696e6564
5376	206772696e
5377	20666c6174
5378	20656d657267656e
5379	2064726573736573
5380	20636f7374756d6573
5381	20546f6e79
5382	20526f636b
5383	757a7a
5384	72616e6b
5385	6b696e73
5386	697a696e67
5387	686f757365
5388	61766564
5389	42697264
5390	2077696e6e6572
5391	2076697369746564
5392	2076616e697368
5393	207572676564
5394	2073697374657273
5395	20736861646f7773
5396	20736970
5397	2070697261746573
5398	2070696e63686564
5399	2070696c6573
5400	20706574746564
5401	206c69636b
5402	206c616e647363617065
5403	20696e66616e74
5404	20637265617475726573
5405	20626c656564
5406	205374657665
5407	205065616e7574
5408	204861727279
5409	205175
5410	74686572
5411	726563
5412	706c617368
5413	69727473
5414	696767696e67
5415	5468616e6b73
5416	2e27
5417	2127
5418	2077656570696e67
5419	2077656967686564
5420	20747265617375726573
5421	20736e65616b
5422	2072656365697665
5423	20706f656d73
5424	2070657473
5425	206d61726b73
5426	206c616964
5427	206c696c79
5428	206561676c65
5429	206469736167726565
5430	2062656473
5431	206265617264
5432	20617070726f
5433	7368696f6e
5434	72656369
5435	6974696573
5436	69736879
5437	5370
5438	536f70686965
5439	2077696e6b
5440	20766f69636573
5441	207477696e6b
5442	20737469746368
5443	2073706f6f6e73
5444	207370656e64696e67
5445	207369676e73
5446	2073657474696e67
5447	2072687974686d
5448	20706572666563746c79
5449	206e6f7768657265
5450	206d6f75746873
5451	206d656e74696f6e6564
5452	206c696d6573
5453	206a617a7a
5454	20696d706f7274616e6365
5455	2068757272696564
5456	206861707069657374
5457	2067757374
5458	2066617368696f6e
5459	2065736361706564
5460	206465636f726174696f6e73
5461	2064696767696e67
5462	206372756e6368
5463	2062726176656c79
5464	2061707072656369
5465	2061646d6972
5466	205468657365
5467	20526f626279
5468	205072696e
5469	204e6f74
5470	204c61746572
5471	7564646c6573
5472	7273
5473	6f72616c
5474	6f766564
5475	6973686573
5476	61636f62
5477	4a656e
5478	21222c
5479	20776166666c6573
5480	207761697374
5481	20737472616e67
5482	20736978
5483	20726f616473
5484	20726573756c74
5485	207061747465726e73
5486	206e6f6e65
5487	206d75646479
5488	206d6f6d656e7473
5489	206d6978696e67
5490	20666f726769
5491	206578706563746564
5492	20656d657267656e6379
5493	206472696e6b696e67
5494	2064697265
5495	20636172746f6f6e73
5496	20627965
5497	2062656861766564
5498	20576973646f6d
5499	204d61726961
5500	204d656c
5501	204d616e6479
5502	204a6f6579
5503	20437564646c6573
5504	20436172
5505	6f7973
5506	6f6d6173
5507	697374656e
5508	69657273
5509	68656c6c6f
5510	63686965
5511	616e746c79
5512	616e6e79
5513	59756d
5514	4861707079
5515	426f626279
5516	20766574
5517	20746872696c6c
5518	20726970706564
5519	207072657061726564
5520	2070686f74
5521	206c657473
5522	206b6e6f776e
5523	2067756573736564
5524	206665746368
5525	206472696e6b73
5526	20646973747572626564
5527	206465636f7261746564
5528	20637564646c6564
5529	2062726964
5530	20626f6f6d
5531	2061706f6c6f67697a6564
5532	2061677265656d656e74
5533	205761746368
5534	2057616c6c79
5535	20536f6d657468696e67
5536	204f7574
5537	204c697a
5538	204b696e67
5539	204a6f7368
5540	20486f70
5541	20446964
5542	20426f7468
5543	7a656e
5544	6c766574
5545	636f6f6e
5546	61727468
5547	616c6573
5548	456d696c79
5549	446f67
5550	2076656c766574
5551	20756e64657267726f756e64
5552	20737472616e67657273
5553	20737072696e6b
5554	20736f6c6469657273
5555	20736b697070696e67
5556	2073637275
5557	207265706561746564
5558	206f757273656c766573
5559	206b6e6967687473
5560	206b65657073
5561	20686573
5562	206761696e6564
5563	2066726f7a656e
5564	2064616473
5565	206372756e636879
5566	20636c656172696e67
5567	206368616c6c656e6765
5568	206275726e696e67
5569	206275696c64696e6773
5570	2062726964676573
5571	20626f776564
5572	20427567
5573	20426f
5574	7564
5575	737369626c65
5576	706c65617365
5577	656e61
5578	646564
5579	5472
5580	53616d6d79
5581	4a6f686e6e79
5582	416e6479
5583	20776967676c65
5584	20736c696365
5585	2073636172696e67
5586	20726f6f7473
5587	20726573746564
5588	2070686f746f73
5589	20707261
5590	2070696573
5591	206c696e6573
5592	206b6e656c74
5593	2066697368696e67
5594	206372616273
5595	2063726173686564
5596	20626567676564
5597	2062656174
5598	20546564
5599	20537469746368
5600	204b61746965
5601	2042726565
5602	76657374
5603	73686970
5604	697469
5605	696e6f
5606	696e696e67
5607	69766564
5608	63746c79
5609	4d6f72616c
5610	4d697373
5611	20776f6e646572696e67
5612	207761726d7468
5613	20746872656174
5614	20736f7265
5615	2073637265616d73
5616	20726f706573
5617	206f70696e696f6e
5618	206c6f6773
5619	206c696564
5620	206772696e6e6564
5621	20676f6c64656e
5622	20676f616c73
5623	20666564
5624	20636f7079
5625	20636f6c6c656374696e67
5626	20636f6c6c6563746564
5627	2062726f6f6d
5628	2062656e65617468
5629	20536f66
5630	204c6f75
5631	204672616e6b
5632	2044617265
5633	204361747479
5634	7874757265
5635	766573746967
5636	746f7279
5637	6f6d696e67
5638	6f676f
5639	616e746564
5640	616b6573
5641	476f6f64627965
5642	4475636b79
5643	436174
5644	20777269746573
5645	2074726170706564
5646	2074657874757265
5647	20737472696e6773
5648	20737061726b6c696e67
5649	20736f61726564
5650	2073686f756c64657273
5651	207065656c
5652	206f6c69766573
5653	206e6f6f6e
5654	206d756666696e73
5655	206d656f77
5656	206d61726368696e67
5657	20696e766573746967
5658	20686973746f7279
5659	206865726273
5660	20656666
5661	20647261676f6e73
5662	20646f74
5663	20636f6d6679
5664	2062727573686564
5665	20616e6e
5666	20616c69656e
5667	20537061726b79
5668	2050696e6b79
5669	204d697373696c65
5670	204d696c6c6965
5671	2048656e6e79
5672	204861707079
5673	204265696e67
5674	20416c77617973
5675	7a696e67
5676	7768
5677	75657374
5678	756b65
5679	6f736564
5680	6d6f74686572
5681	6c696572
5682	656c766574
5683	63686f6f
5684	61646f73
5685	5761746368
5686	5265616c6c79
5687	506f707079
5688	4576656e7475616c6c79
5689	20776f6e64657273
5690	207765617273
5691	20776564
5692	2074656173696e67
5693	207374656570
5694	207261646973686573
5695	2070617274696573
5696	206e65696768626f72686f6f64
5697	206d6172626c6573
5698	206c6f6f7365
5699	206974656d
5700	20696e766573746967617465
5701	206772616e746564
5702	206472617773
5703	20646f676779
5704	20626c696e6b
5705	206265616d6564
5706	2062616c616e63696e67
5707	2061766f6361646f73
5708	2061676f
5709	2054697469
5710	2053746f70
5711	2053706c617368
5712	20497473
5713	20446f646f
5714	20436869636b
5715	20416e6e6965
5716	e2809d2e
5717	756c70
5718	757279
5719	6c6f65
5720	6262696e67
5721	53616e6479
5722	4d6d6d
5723	4a616d6573
5724	42656e6e79
5725	20e28098
5726	2074726176656c6564
5727	20746865697273
5728	20737570706f736564
5729	20737469636b696e67
5730	207374616d7073
5731	207374696e67
5732	20736e616b6573
5733	207363727562626564
5734	2073637265616d696e67
5735	2073696d
5736	20726f6172696e67
5737	2072657370
5738	2072656d6f766564
5739	2070726169736564
5740	2070656e63696c73
5741	20706564616c73
5742	206d6f6e7374657273
5743	206d6173746572
5744	206c6f76696e67
5745	20696e6368
5746	206865616c6564
5747	20686561646564
5748	2067617a65
5749	206775657374
5750	206566666f7274
5751	2065617374
5752	2063726f77
5753	2063686972706564
5754	206275636b657473
5755	2062727573686573
5756	20617070726f6163686564
5757	20616e7377657273
5758	206163746976
5759	204d6f6f6e
5760	204d6f6e
5761	204d6179
5762	20417661
5763	6d617265
5764	696361
5765	68696e64
5766	617773
5767	6167756c6c
5768	556e
5769	536868
5770	4578
5771	426f6f
5772	207477696773
5773	207477696e
5774	20746872696c6c6564
5775	2074656163686573
5776	207377696d73
5777	20736c696d
5778	2073696d706c65
5779	2073656167756c6c
5780	2072657665616c6564
5781	2072656675
5782	207265636569766564
5783	20706f6c6973686564
5784	206e696768746d617265
5785	206e69636572
5786	206d656c74696e67
5787	206d61746368696e67
5788	206b696e646c79
5789	206a6f6b696e67
5790	206a6577656c73
5791	20677579
5792	2067726579
5793	2064656c697665726564
5794	20636f6e74696e7565
5795	20636f6d706c61696e696e67
5796	20617267756564
5797	2061726561
5798	20617765
5799	2056656c766574
5800	2054756e61
5801	20536f6d656f6e65
5802	20536164
5803	204a61636f62
5804	20437261
5805	20426f6f
5806	78757279
5807	7578757279
5808	6f73697479
5809	6d696573
5810	6a616d
5811	696e74
5812	696669
5813	686565
5814	617669
5815	616c6c6f77
5816	6168
5817	4f6c6c6965
5818	207a6f6f6d696e67
5819	2079656c6c696e67
5820	207768657265766572
5821	207472697073
5822	20747269636b6564
5823	20747567676564
5824	207377656574696573
5825	207374727567676c65
5826	20737061726b6c65
5827	20736e65616b6564
5828	20736c696d79
5829	2073656372657473
5830	207361666572
5831	2070726f7669646564
5832	20706f7473
5833	207061726b6564
5834	206d6f756e7461696e73
5835	206d61676e657473
5836	206b6565706572
5837	20686973736564
5838	20676c6f776564
5839	20676174686572696e67
5840	206661636564
5841	2064657374696e6174696f6e
5842	206368656572696e67
5843	2063616e64696573
5844	2063726577
5845	2062616b657279
5846	2061637475616c6c79
5847	204669727374
5848	204561727468
5849	204461766964
5850	7574746572
5851	7070657273
5852	6f756368
5853	6f7261
5854	65736f6d65
5855	4a6f
5856	2077696e6479
5857	2077656464696e67
5858	20746f756368696e67
5859	207374727567676c696e67
5860	2073747269706573
5861	2073686f6f74696e67
5862	20736372617463686564
5863	2073637572
5864	20726573746f726564
5865	2072656d6f7465
5866	207265616c697a65
5867	2072656c65
5868	2070616e73
5869	206f776e6564
5870	206c6561646572
5871	2068697474696e67
5872	2065617473
5873	206561726c696572
5874	20646973636f76657279
5875	206461726b6572
5876	20636f6e74657374
5877	20636c617073
5878	20617765736f6d65
5879	2061646d6972696e67
5880	20526f766572
5881	205265
5882	204b696473
5883	20467269656e64
5884	204475636b
5885	2044696e6f
5886	2043696e6479
5887	20596573
5888	204f6e6365
5889	756573
5890	73637265656e
5891	706965
5892	6c73
5893	69616d
5894	6861
5895	64696573
5896	616e67696e67
5897	616d6965
5898	54696e79
5899	54696d65
5900	526f62
5901	526f
5902	436c
5903	20776f726b6572
5904	2076616c756564
5905	207475726e696e67
5906	20746f7373
5907	207469636b6c65
5908	2074696d
5909	2073697475
5910	207368727567
5911	2072756c65
5912	20726566757365
5913	207265636f72646564
5914	2070726179696e67
5915	2070726f70
5916	20706f6c697368696e67
5917	206f70656e696e67
5918	206f6e7761726473
5919	206d6561737572696e67
5920	206d616e65
5921	206c6f61646564
5922	206c7578757279
5923	20696e73697374
5924	20686f726e73
5925	206865736974
5926	2068656c6d657473
5927	206861746564
5928	20666f6f6473
5929	206475737479
5930	206465736572
5931	2064656369646573
5932	2064696564
5933	2063726561746564
5934	2063617463686573
5935	20626573696465
5936	2062617265
5937	205477
5938	20537072696e67
5939	20536c6f776c79
5940	20526f636b79
5941	2058
5942	75737479
5943	756374696f6e73
5944	697373696f6e
5945	696172
5946	676f
5947	637573
5948	627567
5949	62616e64
5950	617261776179
5951	616e7461
5952	576869736b657273
5953	47656f726765
5954	2e2e2e22
5955	272e
5956	20796f757468
5957	20776173746564
5958	207377656174
5959	207374727567676c6564
5960	207370726179696e67
5961	20736967687473
5962	207369676873
5963	20736972656e
5964	2073686f636b
5965	207365656d73
5966	2073636f6f74657273
5967	207361757361676573
5968	207265636f676e697a6564
5969	2070726f6a656374
5970	20706f6b696e67
5971	2070696c6c6f7773
5972	206f6265
5973	206e65696768626f7273
5974	206c616479627567
5975	20696e737472756374696f6e73
5976	20686172646c79
5977	20666c6176
5978	2066656564696e67
5979	206665617273
5980	2066617261776179
5981	2063757473
5982	2063757368696f6e73
5983	206372656174696f6e
5984	20636f6e6573
5985	2063686566
5986	20636f756768
5987	206272696e67696e67
5988	2061707072656369617465
5989	20616972706c
5990	20517569636b
5991	204c756b65
5992	204c75636b79
5993	204c656e6e79
5994	204a6573736965
5995	20497a7a79
5996	2046696669
5997	20426c696e6b
5998	20427965
5999	20416e
6000	20416c6c79
6001	7a6965
6002	756c6965
6003	7363696e
6004	6e657273
6005	6c696374
6006	69737479
6007	69676779
6008	636f6d706c
6009	626967
6010	617973
6011	6173686564
6012	6166666573
6013	52656d656d626572
6014	4d656f77
6015	4669727374
6016	447572696e67
6017	207765656b73
6018	2077616e74696e67
6019	2077697a
6020	2076696c6c6167
6021	20747261646564
6022	20746f6464
6023	207465616d776f726b
6024	2074616c656e74
6025	207461696c73
6026	20737563636565646564
6027	2073747564656e7473
6028	2073747265746368696e67
6029	2073746179696e67
6030	20736e65616b79
6031	207363616c6573
6032	20707570696c
6033	2070726f74656374696e67
6034	2070726f706572
6035	20707265747469657374
6036	207065726d697373696f6e
6037	207065617273
6038	20706179696e67
6039	2070617469656e746c79
6040	207061696e7473
6041	206f7267616e697a696e67
6042	206f626579
6043	206f6174
6044	206e65696768626f7572686f6f64
6045	206d6573
6046	206c6561726e73
6047	206869
6048	206769726166666573
6049	2066726f7374
6050	2066617363696e
6051	206578616d696e6564
6052	20636f6e666c696374
6053	2063656c6562726174696f6e
6054	20626c6f7773
6055	20626c6f6f6d696e67
6056	20626c6f6f6d6564
6057	20626c656564696e67
6058	2062656474696d65
6059	2062616b6572
6060	206177616b65
6061	2053616e7461
6062	204b656570
6063	20476f676f
6064	2031
6065	6a6f
6066	6964657273
6067	65726e
6068	656e7479
6069	656d62657273
6070	62696761696c
6071	626f6f
6072	6173746572
6073	6161
6074	5a6f6f6d79
6075	54727565
6076	526578
6077	50657465
6078	4a616b65
6079	4577
6080	20756e746965
6081	20747769737479
6082	20746f64646c6572
6083	207374617266697368
6084	207374617265
6085	2073706c6173686573
6086	207370696b6573
6087	207370656c6c73
6088	20737061636573686970
6089	20736d616c6c657374
6090	2073636f6f706564
6091	2073696e6773
6092	20726962626f6e73
6093	2072656d656d62657273
6094	2072656c6561736564
6095	207265667265
6096	20717561636b6564
6097	2070726563
6098	207072696465
6099	207061696e74696e6773
6100	206f666669636572
6101	206d7573636c65
6102	20686f6e6b
6103	2067756e73
6104	20676c6974746572
6105	206569676874
6106	2064696e6f7361757273
6107	206372657074
6108	20636f6d706c65
6109	20636f6d6d
6110	2061706f6c6f67697a65
6111	20616374696f6e73
6112	20616374696e67
6113	206163636f6d706c
6114	205761746572
6115	2054686f6d6173
6116	20506570706572
6117	204d6f6f
6118	204c65617665
6119	204a656e6e61
6120	20486f70706572
6121	204772
6122	2046726f67
6123	204472
6124	2043686c6f65
6125	2051
6126	756c7473
6127	756374616e746c79
6128	7175697272656c
6129	6f726473
6130	6c657473
6131	686f
6132	656473
6133	616473
6134	6163746c79
6135	5465646479
6136	53746179
6137	4d7273
6138	48617665
6139	466f
6140	426164
6141	20796573746572646179
6142	207669736974696e67
6143	2076696374
6144	2074756e65
6145	2073756e6c69676874
6146	20737465726e
6147	20736d696c6579
6148	20736869727473
6149	2073636174746572696e67
6150	2072657363756564
6151	2072656d696e646572
6152	2072696e6773
6153	2070726f746563746564
6154	206e61696c73
6155	206d697373696f6e
6156	206c6179696e67
6157	20696e766974696e67
6158	206865726f6573
6159	20676f6f646e69676874
6160	2066726f7374696e67
6161	20666972656669676874
6162	20647269766573
6163	2064726167676564
6164	20646976696e67
6165	20646965
6166	206375626573
6167	20636f76657273
6168	20636f6e7461696e
6169	206368616e67696e67
6170	2062757a7a696e67
6171	2062616c616e636564
6172	20616e6e6f79
6173	20526f62657274
6174	20526f6c6c6965
6175	205072696e63657373
6176	204d6567
6177	204d61726965
6178	204c6f7665
6179	204869707079
6180	20476972
6181	204576657279646179
6182	20456c657068616e74
6183	20416d
6184	756d626c65
6185	7565656e
6186	73746570
6187	7269616e
6188	6e696573
6189	6a616d6173
6190	696262
6191	616e6e61
6192	5477656574
6193	537465
6194	4c756e61
6195	4163686f6f
6196	2077697a617264
6197	2077696e73
6198	20776f756e64
6199	2076696c6c6167657273
6200	20757375616c
6201	20747275
6202	2074696d6572
6203	207469636b657473
6204	20737572726f756e646564
6205	2073746f6c65
6206	2073706f727473
6207	207368697665726564
6208	207361646e657373
6209	2073656e7365
6210	20726f636b657473
6211	2072656c756374616e746c79
6212	207265636f7264696e67
6213	207072657474696572
6214	2070656e6775696e73
6215	2070657070657273
6216	207061636b696e67
6217	207061757365
6218	206d61736b73
6219	20696e74726f647563
6220	2068656c70657273
6221	2066726f7a65
6222	20666972656d656e
6223	2066696775726573
6224	206578706c6f72657273
6225	2065786163746c79
6226	2064656d616e646564
6227	2064616d
6228	20636f6d70616e79
6229	20636f7573
6230	2063616c
6231	20626568617669
6232	206265616473
6233	20626172656c79
6234	206261636b77617264
6235	206170706c6175646564
6236	2061637469766974696573
6237	206163686965
6238	20537175697272656c
6239	20517565656e
6240	20506f
6241	204a696c6c79
6242	20476574
6243	204275676779
6244	72616e6365
6245	69726d
6246	64616d
6247	626c
6248	616e6965
6249	5568
6250	536f6d6574
6251	5275
6252	4f7572
6253	4f6f7073
6254	4d6172
6255	44617665
6256	42757a7a
6257	2077686f7365
6258	207768617465766572
6259	207761726e696e6773
6260	20766963746f7279
6261	2076696e6573
6262	2076656e74
6263	20756e69746564
6264	20756e66
6265	207472756c79
6266	2074726176656c6c
6267	20746561736564
6268	2073747275636b
6269	20737072696e6b6c6573
6270	20737061726b6c6573
6271	207370696e73
6272	2073706964657273
6273	20736e6f7762616c6c73
6274	20736570617261746564
6275	20736576656e
6276	20726571756573746564
6277	207265706c79
6278	207265666c65
6279	207072696e636573736573
6280	2070726563696f7573
6281	2070656173
6282	2070617373706f727473
6283	2070616a616d6173
6284	206d6973736573
6285	206c656164696e67
6286	206974636879
6287	2068756767696e67
6288	2067757973
6289	2067726f757073
6290	206772616e646d6f74686572
6291	20676c6173736573
6292	20646970706564
6293	20637261636b6564
6294	20636f6d706c61696e6564
6295	20636c69636b
6296	20636175736564
6297	206361757365
6298	20626c6f636b696e67
6299	20626974696e67
6300	20617272697665
6301	20616e7974696d65
6302	20596573746572646179
6303	20547572746c65
6304	2054617261
6305	20536e6f776d616e
6306	2053757265
6307	20526162626974
6308	204c696b65
6309	204a657373696361
6310	20486f6f74
6311	2047697261666665
6312	20477265656e
6313	20467269656e6473
6314	20466f7879
6315	20456e
6316	204368657373
6317	204279
6318	204261727279
6319	75636b696c79
6320	72696e6b
6321	6964696e67
6322	63757365
6323	6172746572
6324	616e6573
6325	556e666f7274756e6174656c79
6326	53696c6c79
6327	457863757365
6328	416e
6329	207772617073
6330	20776f6f66
6331	20776964
6332	2074687564
6333	207468726f
6334	2073776974
6335	20736e617463686564
6336	20736d6172746572
6337	20726970
6338	20707572726564
6339	20706f6c6963656d616e
6340	20706f636b657473
6341	20706c616e657473
6342	2070617469656e6365
6343	206d61696c6564
6344	206b6e6f636b73
6345	206b69636b73
6346	206974656d73
6347	20696e63726561736564
6348	2068616e6466756c
6349	2068616c6c776179
6350	20687573
6351	2067726f776c696e67
6352	20676f7474656e
6353	20666f72676976696e67
6354	20666c616773
6355	20666c7574746572
6356	2066617363696e61746564
6357	206669726d
6358	20646973636f766572696e67
6359	20637564646c65
6360	20636f6d706c65746564
6361	20626f776c73
6362	20626f756e636573
6363	2062656c6c73
6364	206265686176696e67
6365	20576f6f
6366	20556e636c65
6367	20537061726b6c65
6368	20536861646f77
6369	205072696e6365
6370	204f616b
6371	204c656e61
6372	204a6f79
6373	20486f6c6c79
6374	2042726f776e6965
6375	20426f756e6379
6376	20426568696e64
6377	2042656361757365
6378	756e65
6379	74686f756768
6380	74756365
6381	6e6965
6382	6c6179
6383	6967676965
6384	69646f
6385	66696564
6386	656168
6387	63616b6573
6388	626c79
6389	626965
6390	6162656c6c61
6391	5065
6392	4c696c6c79
6393	486f6c64
6394	48656e7279
6395	436861726c6965
6396	436172
6397	3d3d
6398	20776967676c6564
6399	20776964656e6564
6400	2074756e6e656c73
6401	20747269636b79
6402	207468726f6174
6403	207461736b73
6404	2073757065726865726f6573
6405	2073746172746c6564
6406	20736872696e6b696e67
6407	20736565736177
6408	207369646573
6409	207275696e
6410	207175617272656c696e67
6411	20706f77657273
6412	20706f7073
6413	20706f737369626c65
6414	2070657263686564
6415	20706565726564
6416	20706f7574
6417	206d6f74696f6e
6418	206c657474756365
6419	20696d70726f766564
6420	20666f6c64696e67
6421	2066697265666c79
6422	2066617274686572
6423	20646972656374696f6e
6424	2064656c69766572696e67
6425	2064656e74
6426	20646172
6427	206375727461696e73
6428	20637572696f73697479
6429	20637564646c79
6430	20636f726e657273
6431	206368697270696e67
6432	2063686f70
6433	2062757a7a6564
6434	206272616e64
6435	20626f64696573
6436	206265636f6d696e67
6437	20626173656d656e74
6438	20626f6f
6439	2062616e6b
6440	2061766f
6441	20616972706c616e65
6442	2057616e74
6443	2053746179
6444	2053746172
6445	204f6c6c79
6446	204b6179
6447	20486f7765766572
6448	2047696e61
6449	20426972646965
6450	796f6e64
6451	75747479
6452	7573746f6d
6453	756666696e
6454	7374657073
6455	7365656b
6456	726579
6457	726170
6458	71756964
6459	6e6b
6460	6974656c79
6461	696c6579
6462	646965
6463	61776e
6464	616b6572
6465	536f6d6574696d6573
6466	5375
6467	52756e
6468	4f72
6469	4d616e6479
6470	4c6f6c61
6471	4c697374656e
6472	4a65727279
6473	426967
6474	4168
6475	3f27
6476	2079656c6c73
6477	20776f7272696573
6478	207768697370657273
6479	2076616e696c6c61
6480	20756e74696564
6481	20747769726c
6482	2073776f6f70
6483	2073757266616365
6484	207374617973
6485	207374616e6473
6486	20736f6d65626f6479
6487	20736f6172696e67
6488	20736974756174696f6e
6489	207363757272696564
6490	2073636172766573
6491	2073616e6b
6492	20726f636b696e67
6493	207269646573
6494	2070756d706b696e73
6495	2070726f6d69736573
6496	20706c656e7479
6497	207061746873
6498	206f62736572766564
6499	206e6f736573
6500	206e617073
6501	206e696e65
6502	206c697374656e73
6503	206c6971756964
6504	206a6f6b6564
6505	2068757362616e64
6506	20686f6d65776f726b
6507	2067726f776c73
6508	2067726f7773
6509	206772656574
6510	20676967676c696e67
6511	2066616374
6512	206576657279646179
6513	20646f7473
6514	20636f6e74726f
6515	20636f6d706c6574656c79
6516	2063686f69636573
6517	20636861736573
6518	20636875636b
6519	20637573746f6d
6520	2063656e74
6521	206265796f6e64
6522	20626174746572696573
6523	20627572
6524	205768697374
6525	2057696e6b
6526	20556e666f7274756e6174656c79
6527	205069707061
6528	20507574
6529	20507570
6530	2050696e65
6531	2050616d
6532	204e6f7468696e67
6533	204e696365
6534	204d6f757365
6535	204a6f6c6c79
6536	204669736879
6537	2043726162
6538	e28094
6539	7574757265
6540	756d626c6564
6541	757a7a79
6542	70697465
6543	6f756e6365
6544	6f72646572
6545	6f6e6765
6546	6c6565
6547	697669
6548	6775696e67
6549	666c79
6550	666174686572
6551	656666
6552	626c696e6773
6553	59756d6d79
6554	59656168
6555	5370696b65
6556	52756279
6557	517561636b
6558	4d6167676965
6559	4772616e647061
6560	4772656174
6561	46696e65
6562	2077697368696e67
6563	20776572656e
6564	20757375616c6c79
6565	2074726163746f72
6566	20737765657473
6567	207375666665726564
6568	20737465616479
6569	20737065616b696e67
6570	2073706f6e6765
6571	20736f62626564
6572	20736c616d
6573	207369626c696e6773
6574	2073656e64696e67
6575	20726f736573
6576	207265666c656374696f6e
6577	2072616e676572
6578	207269736b
6579	2070726f7065726c79
6580	2070726163746963696e67
6581	20706f696e7479
6582	20706f73746572
6583	206e65737473
6584	206e656974686572
6585	206d6f6d6d696573
6586	206d61726b6564
6587	206d65727279
6588	206c6f73696e67
6589	206c6170
6590	20696d61676573
6591	20677269
6592	20666f6f747374657073
6593	206661756c74
6594	20667574757265
6595	20656e74697265
6596	20646f6c7068696e73
6597	2064656e74697374
6598	206465616c
6599	206372656174696e67
6600	20636f6e666964656e74
6601	206368656673
6602	206368697073
6603	2063616c6d6564
6604	2062726163656c657473
6605	206261636b7761726473
6606	2061726775696e67
6607	206163636f6d706c697368
6608	20617374
6609	2053757a6965
6610	20536c
6611	2050617773
6612	204f7572
6613	204f6c
6614	204e69636b
6615	204d6f6e73746572
6616	204d756666696e
6617	20487572
6618	20466f72
6619	20466974
6620	20456e6a6f79
6621	204578
6622	20436869636b79
6623	2043686577
6624	20426967676965
6625	200a20
6626	786965
6627	737479
6628	73657175
6629	73657175656e6365
6630	7269786965
6631	706572
6632	6c6f77657273
6633	6c65646765
6634	65726379
6635	656564
6636	65616c
6637	62726963
6638	617463686573
6639	616e676c6564
6640	616c7068
6641	5a6f6f6d
6642	57686565
6643	54686f7365
6644	5374657665
6645	50697070
6646	4f7574
6647	4d696c6c79
6648	4c756c75
6649	4c65
6650	4b61746965
6651	436869727079
6652	416e6e6965
6653	3f222c
6654	20776f726b657273
6655	207761746572696e67
6656	2077616e646572696e67
6657	20776169746572
6658	2076656e7475726564
6659	2075736573
6660	207477696e6b6c696e67
6661	207469636b6c6564
6662	207468697264
6663	2073747564656e74
6664	207374726f6e67657374
6665	207374726f6b6564
6666	2073746172696e67
6667	2073746f6f6c
6668	2073717569736879
6669	20737072616e67
6670	20736e6f776d656e
6671	2073696e676572
6672	2073686f76656c73
6673	20726f7474696e67
6674	207265776172646564
6675	207265706c61636564
6676	2072656d656d626572696e67
6677	20726566726573686564
6678	207265636f72646572
6679	207265616473
6680	207265616368696e67
6681	2072657061
6682	207261696e626f7773
6683	20726973696e67
6684	2070726574656e6473
6685	20706f7572696e67
6686	20706f74696f6e
6687	207065656b696e67
6688	207061737472696573
6689	20706172746963
6690	2070616464
6691	206e61706b696e73
6692	206d6f76696573
6693	206d697474656e73
6694	206d6f6f
6695	206c6f6c6c69706f7073
6696	206b6e6f776c65646765
6697	206b6e656573
6698	20686f7765766572
6699	20686f6e6b6564
6700	2068656176
6701	20677565737473
6702	20666f726568656164
6703	20666c61766f72
6704	20666972656669676874657273
6705	20666162726963
6706	206472756d73
6707	206469766564
6708	2064657365727665
6709	20636f6e73657175656e6365
6710	20636f6d666f72746564
6711	20636f636f6f6e
6712	20636865656b73
6713	2063686174
6714	2062656c6c79
6715	2062617468696e67
6716	206173696465
6717	206172726f7773
6718	20616772656573
6719	205a6565
6720	205961776e
6721	20576974686f7574
6722	2054776565746965
6723	205374656c6c61
6724	20536f666961
6725	205377
6726	20536f727279
6727	20536179
6728	20526f626f
6729	205075
6730	204d6978
6731	204a6f6a6f
6732	2044697a7a79
6733	204269727468646179
6734	20416e6e65
6735	2041756e74
6736	204162696761696c
6737	2020
6738	7a6573
6739	7573746564
6740	75727279
6741	6a6f796564
6742	696e6b6c65
6743	696c6573
6744	66616c6c
6745	656e746c79
6746	65656e
6747	6374696f6e73
6748	636c
6749	56657279
6750	5375736965
6751	53756e6e79
6752	536e
6753	526f7365
6754	5061756c
6755	4861727279
6756	476574
6757	446f676779
6758	446f6c6c79
6759	20776f62626c79
6760	20776f77
6761	20756e70
6762	20746f7563686573
6763	2074686f726e
6764	2074656172696e67
6765	2074697373
6766	2074616e676c6564
6767	2073776f726473
6768	20737570706f72746564
6769	20737461696e
6770	2073686f727473
6771	207361746973
6772	207361696c73
6773	20726f6c6c73
6774	207265706169726564
6775	207261696e73
6776	20707261796572
6777	20706f6c6172
6778	20706c6179657273
6779	20706572666f726d6564
6780	20706174746564
6781	2070617373696e67
6782	20706563
6783	206f7574646f
6784	206f726e616d656e7473
6785	206e6f746573
6786	206d696e6572616c73
6787	206d696e646564
6788	206d616368696e6573
6789	206c69636b696e67
6790	20696e74726f6475636564
6791	20696e7465726573746564
6792	20696e636c75646564
6793	20686573697461746564
6794	2067726f7373
6795	20666f72676976656e
6796	20666c616d6573
6797	2066697473
6798	20656e7472616e6365
6799	20656c626f77
6800	2064726f7070696e67
6801	20646573657274
6802	206465636f726174696e67
6803	20636f7573696e
6804	20636f6e73657175656e636573
6805	20636f6e6e
6806	20636c6f736573
6807	20636875636b6c6564
6808	2063686f6f
6809	2063656c6562726174696e67
6810	2062726176657279
6811	20626567696e
6812	206265616d
6813	206261746873
6814	206261636b7061636b73
6815	2062756e6368
6816	205a6970706572
6817	205a69676779
6818	2056697669
6819	20536f667479
6820	20526567
6821	205068
6822	204f7879
6823	204e75747479
6824	204c6175
6825	204a6f6e6573
6826	204a616e6965
6827	204a616d6965
6828	20487572726963616e65
6829	20476f6f64627965
6830	204669646f
6831	2044617261
6832	2042657468
6833	2042656c6c65
6834	796f75
6835	76726f6f6d
6836	757269
6837	74657273
6838	7368696e67
6839	727272
6840	726f6d697365
6841	6f6f6b73
6842	6f6479
6843	6e6479
6844	6e6f
6845	6e65617468
6846	6c6c65
6847	68617573746564
6848	6869
6849	67657273
6850	636879
6851	636573
6852	636965
6853	6272757368
6854	616c6c6f7765656e
6855	6162656c
6856	536f6d65
6857	526f6172
6858	4d696e65
6859	4d696c6c
6860	4d696b65
6861	4d6179
6862	4a756d70
6863	4772616365
6864	466f6c6c6f77
6865	44616e6e79
6866	436f
6867	42656570
6868	42756e6e79
6869	42656172
6870	416c6578
6871	2079756d
6872	2077696e6b6564
6873	2077686973746c6573
6874	20766f776564
6875	20756e7061636b6564
6876	20756e73
6877	20747769726c696e67
6878	20746f6173746572
6879	207461626c6573
6880	20737570706c696573
6881	207374756d626c65
6882	207374656572
6883	207374756e67
6884	2073746577
6885	207374656d
6886	2073717565616b6564
6887	20737072656164696e67
6888	20736f66746572
6889	20736e65657a696e67
6890	20736b69727473
6891	2073696e676c65
6892	207365776564
6893	20726f636b6564
6894	2072656c696566
6895	2072756d626c65
6896	20706c616e6e696e67
6897	207069676779
6898	20706164646c65
6899	206f7665726a6f796564
6900	206f7574646f6f7273
6901	206f7070
6902	206d757368726f6f6d73
6903	206d6f6f64
6904	206c6f6164696e67
6905	206c656e64696e67
6906	206c65616e696e67
6907	206c65617374
6908	2068756d616e73
6909	2068656176696572
6910	2067726970
6911	206772616e64666174686572
6912	2067686f737473
6913	20666f7267657473
6914	2066696c6c696e67
6915	2066617274
6916	2066616972696573
6917	20646f6c6c6172
6918	2064657465726d696e6174696f6e
6919	206461726b6e657373
6920	206461726c696e67
6921	20636f6e74726f6c
6922	20636c6f776e73
6923	20616e67656c73
6924	20616c6f7564
6925	20576f
6926	20547275636b
6927	20546f6f74
6928	20546f70
6929	20537069726974
6930	20536869766572
6931	205363
6932	2052756479
6933	2050696e6b
6934	204a61636b79
6935	20486f72
6936	2044696e61
6937	2042656570
6938	76696e
6939	7572696f7573
6940	746873
6941	736d
6942	6f737369626c65
6943	6f6b65
6944	6976657273697479
6945	6973696f6e73
6946	6464696e67
6947	6369746564
6948	62626c6564
6949	617574696f7573
6950	56726f6f6d
6951	54616b65
6952	536164
6953	50656e6e79
6954	4d696c6c6965
6955	4c696e61
6956	4b696d
6957	4b656570
6958	466f72
6959	456c6c6965
6960	42616279
6961	207772697374
6962	20776565
6963	20756e6465726e65617468
6964	207477656574
6965	20746f77656c73
6966	2074696768746572
6967	20746573746564
6968	2074616c656e7473
6969	2073776f6f706564
6970	207377697463686564
6971	20737572726f756e64696e6773
6972	2073756e73637265656e
6973	20736c616d6d6564
6974	20736b756e6b
6975	207368697073
6976	2073616c65
6977	207379
6978	20726f7773
6979	2072697065
6980	20726573706f6e73
6981	2072656173
6982	20707269636b
6983	2070726179657273
6984	20706572666f726d696e67
6985	20706172746963756c6172
6986	206f626a65637473
6987	206e6f6464696e67
6988	206e65636b6c61636573
6989	206e65617265
6990	206d6f64656c73
6991	206d65736d6572
6992	206d617474657273
6993	206d6167706965
6994	206c6f736573
6995	206a6f696e696e67
6996	20696e737472756d
6997	20696d706f737369626c65
6998	20686f706566756c
6999	20686f6e65737479
7000	206775696465
7001	20677261636566756c6c79
7002	20666f726b73
7003	20666c656173
7004	206661727468657374
7005	20657868617573746564
7006	206572617365
7007	206469736f62
7008	20646972656374696f6e73
7009	206465636973696f6e73
7010	2064616e63657273
7011	2064656e
7012	20637573746f6d6572
7013	206375726c79
7014	206372756d62
7015	20636f756e7473
7016	20636f6277656273
7017	206361727473
7018	2063616e73
7019	2062756d7073
7020	206272656174686564
7021	20627275
7022	2061766f6964
7023	20616e6e6f796564
7024	20616464696e67
7025	20616374697665
7026	205a65726f
7027	205477696e6b6c65
7028	2054686f7365
7029	20547279
7030	205469707079
7031	205361646c79
7032	205361646965
7033	205365
7034	204d61746368
7035	204c696e61
7036	204a756c6965
7037	204a75
7038	204a6f6e
7039	204a656666
7040	2046726f737479
7041	20466c65
7042	2044696469
7043	2043726f
7044	20436f77
7045	20427269616e
7046	7572656e
7047	756c7074757265
7048	72657665727365
7049	726f7073
7050	6f6f7368
7051	6f6c696e65
7052	697473
7053	696e64726f7073
7054	657074
7055	656c6961
7056	64646965
7057	6363
7058	62626965
7059	61726163
7060	616d706f6c696e65
7061	6164696e67
7062	61646573
7063	617572656e
7064	536872696e6b
7065	50697070696e
7066	47696e61
7067	4576656e
7068	426f77
7069	4265747479
7070	207a6f6f6d73
7071	207969656c646564
7072	207761726d6572
7073	2076697369746f7273
7074	20756e73757265
7075	20756e77
7076	20756e64
7077	207472757374696e67
7078	207472616d706f6c696e65
7079	20746973737565
7080	20737765617479
7081	2073757266696e67
7082	207374726f6c6c
7083	2073717561726573
7084	207370697473
7085	20737061726b73
7086	2073706174
7087	20736e75636b
7088	20736c6f776564
7089	20736c6974686572
7090	207369676e6564
7091	2073656c66
7092	20736372617463686573
7093	207363756c7074757265
7094	2073656e73
7095	207275696e696e67
7096	20726f62626572
7097	20726561736f6e
7098	207265766572
7099	207261696e79
7100	207261696e64726f7073
7101	207275737479
7102	207072696e74696e67
7103	2070726576656e746564
7104	20706f73
7105	20706c61696e
7106	2070696e73
7107	206f6363
7108	206d61746572
7109	206c6f7564657374
7110	206c6f6f7073
7111	206c696768746572
7112	206c696573
7113	206b657973
7114	206a6f696e73
7115	206a61636b657473
7116	2068656164696e67
7117	20676c756564
7118	2067617a696e67
7119	2066726f776e73
7120	2066726f776e696e67
7121	20666c69676874
7122	20666c617070696e67
7123	206665766572
7124	2066616e73
7125	206576
7126	20647261676f6e666c79
7127	20646f64
7128	20646566
7129	2064616d616765
7130	206372756d6273
7131	20636f756e74727973696465
7132	20636f6d7065746974696f6e
7133	20636f6d626564
7134	20636861726163
7135	20627579696e67
7136	20626c696e6b696e67
7137	206261646765
7138	2062756e
7139	2062756d7079
7140	206261636b6564
7141	206164756c7473
7142	2061636869657665
7143	2061696d6564
7144	2057686973746c65
7145	205468616e6b73
7146	20546f7973
7147	2054616d
7148	205269636b
7149	205065726379
7150	2050656e
7151	204d6567616e
7152	204d696e74
7153	204c61736572
7154	2048616c6c6f7765656e
7155	204461766579
7156	2042616c6c79
7157	20426161
7158	204164616d
7159	203130
7160	206963696e67
7161	756e6f
7162	756d7068
7163	756d626c696e67
7164	7567676c6573
7165	756469656e6365
7166	726f6e617574
7167	7069656365
7168	6f73697465
7169	6f72696e67
7170	6f686e79
7171	6f626f6479
7172	6c6c656e
7173	6c6179696e67
7174	69737361
7175	696f6c6574
7176	6967657273
7177	666f756e64
7178	65747379
7179	656e6479
7180	636572696573
7181	6172656e
7182	616e73
7183	616e6564
7184	616d70696f6e
7185	616c6564
7186	616368656c
7187	54696e61
7188	507574
7189	50616e6479
7190	4b617465
7191	4a6f6579
7192	4a617a7a
7193	4875727279
7194	46726f
7195	4461766964
7196	436865
7197	42757a7a79
7198	426f7973
7199	2e2722
7200	272e22
7201	20796f757273656c766573
7202	20776f756e6473
7203	20776f62626c6564
7204	207769726573
7205	207769706573
7206	2077616b6573
7207	20747769737473
7208	207477697374696e67
7209	207477696365
7210	2074726176656c6c6564
7211	20746f73736564
7212	2074616c6b73
7213	20746970706564
7214	2074696e67
7215	20746967657273
7216	207377657074
7217	2073746f7070696e67
7218	2073717565657a696e67
7219	20736f6c7574
7220	20736f616b696e67
7221	20736c697070696e67
7222	207368656c766573
7223	2073686f776e
7224	20736577696e67
7225	207365656b6572
7226	207363727562
7227	2073616c7479
7228	2073696c6c
7229	2072756262696e67
7230	207265766572736564
7231	2072656d696e6473
7232	20707269636b6c79
7233	2070726573736573
7234	20706c656173757265
7235	207065636b6564
7236	207061696e746272757368
7237	20706164646c6564
7238	206f797374657273
7239	206f757466
7240	206f70706f73697465
7241	206f63636173
7242	206e757a7a
7243	206d6174657269
7244	206d61737465727069656365
7245	206d756e6368
7246	206c696674696e67
7247	206c65616473
7248	206c656170
7249	206c6f776572
7250	206b6e6f636b696e67
7251	20696e7370
7252	20696d6167696e696e67
7253	206869646573
7254	2068616c766573
7255	2067726f636572696573
7256	20676f62626c6564
7257	20666f726d
7258	2066696e73
7259	206672656564
7260	20656e6473
7261	206475636b6c696e67
7262	20646f6e6b6579
7263	20646f63746f7273
7264	20637572696f75736c79
7265	20637265616d73
7266	206368616d70696f6e
7267	20636f7474
7268	20636f72
7269	2063617574696f7573
7270	20626f7773
7271	20626c6f776e
7272	206265686176696f7572
7273	2062617273
7274	2062616e6461676573
7275	20617374726f6e617574
7276	206173686573
7277	20616e676572
7278	206164756c74
7279	206163636f6d706c6973686d656e74
7280	2061636865
7281	206162696c
7282	2061756469656e6365
7283	20616666
7284	20576f6f6c6c79
7285	20576561706f6e
7286	2057616b65
7287	205570
7288	205472757374
7289	20547269786965
7290	20546961
7291	20536e7567676c6573
7292	20536e6170
7293	204f6c69766572
7294	204f74686572
7295	204c697374656e
7296	20496e6479
7297	20486f6c64
7298	20477261636965
7299	2047726179
7300	20456c6c65
7301	204564
7302	2043616e6479
7303	204272756e6f
7304	20426c756579
7305	2042616c6c
7306	20416c6f6e67
7307	77686174
7308	776f6f
7309	77697365
7310	7573696e67
7311	7572746c6573
7312	757272
7313	756465
7314	727570
7315	72696e
7316	70746f70
7317	706974
7318	6f776e79
7319	6f73656e
7320	6c7361
7321	6c656e
7322	6b656c6c79
7323	6974756465
7324	697463686573
7325	69646579
7326	69636861
7327	69636861656c
7328	696369
7329	686f70706572
7330	6665726565
7331	636b79
7332	63686f
7333	6368696e67
7334	63657074
7335	62657274
7336	627574
7337	61626c79
7338	61766572
7339	54686f6d6173
7340	506174
7341	4f70
7342	4e69636b
7343	4c75636b696c79
7344	4c697a7a79
7345	4a6f7368
7346	4a6573736965
7347	456c6c79
7348	44617973
7349	436c617261
7350	416c77617973
7351	41756e74
7352	416d
7353	2e2e2e
7354	21e2809d2e
7355	21e28099
7356	207772697474656e
7357	207765616c7468
7358	2077617374696e67
7359	20766964656f73
7360	207477696e6b6c6564
7361	207472656d626c6564
7362	2074726565686f757365
7363	20746f7073
7364	2074617374696e67
7365	2074617070696e67
7366	207479
7367	20747572746c6573
7368	20746964
7369	207377696d6d6572
7370	2073757270726973696e67
7371	2073757266626f617264
7372	207374726f6b65
7373	20737472697073
7374	2073746f6c656e
7375	207370656564696e67
7376	207370696365
7377	20736f75726365
7378	20736c6564
7379	20736561736f6e73
7380	2073636f726564
7381	2073776179
7382	2072756273
7383	20726f626f7473
7384	20726f62696e
7385	20726570656174696e67
7386	2072656d696e64696e67
7387	20726567726574746564
7388	207265636f6d6d656e646564
7389	2072656665726565
7390	20726163636f6f6e
7391	2072617973
7392	20726174686572
7393	2070757272
7394	20706c6561646564
7395	20706c75636b6564
7396	20706967656f6e73
7397	2070617061
7398	2070616e63616b6573
7399	206f6e696f6e73
7400	206e6577666f756e64
7401	206e656172657374
7402	206e696262
7403	206d61726b657273
7404	206d696c6573
7405	206c69667473
7406	206c6170746f70
7407	206b697474656e73
7408	206a6f75726e657973
7409	20696e737069726564
7410	20696e64656564
7411	20696e636c7564696e67
7412	206869646572
7413	206865616c7468
7414	20677561726469616e
7415	206772617373686f70706572
7416	20676f616c6965
7417	2067617264656e6572
7418	20667269656e647368697073
7419	20666c6970706564
7420	20666c6970
7421	206669726d6c79
7422	2066696775726564
7423	206665617374
7424	2066616d696c696172
7425	206578706c6f726572
7426	206576696c
7427	206566666f727473
7428	206563686f
7429	206561726e
7430	2064726976657273
7431	2064726966746564
7432	2064657369676e6564
7433	206465636973696f6e
7434	2063686f73656e
7435	2063616d70696e67
7436	206275726e73
7437	2062756e6e696573
7438	206272757368696e67
7439	206265636f6d6573
7440	2062616e676564
7441	20616d6f756e74
7442	20616765
7443	2061667465727761726473
7444	20616374696f6e
7445	20596574
7446	2059656c6c
7447	2057656e6479
7448	2054776f
7449	2054616e6b
7450	205370696e
7451	20536b656c6c79
7452	2052756666
7453	205261
7454	20506f6f72
7455	205061746368
7456	204d616d
7457	204b65
7458	204a61636b6965
7459	2049736162656c6c61
7460	20486f727379
7461	2046697368
7462	204475737479
7463	20436f70706572
7464	20436c61
7465	2041636f726e
7466	206f756368
7467	75657373
7468	746f6564
7469	74687572
7470	7361
7471	7269636b
7472	7274687572
7473	72696c79
7474	70656374696e67
7475	6f726b79
7476	6f706573
7477	6d61746573
7478	6d61746368
7479	6b656e64
7480	6a69
7481	6974696f6e
7482	696c696172
7483	6967676c6573
7484	6962626974
7485	69656c
7486	6962626c6573
7487	686f67
7488	68697665
7489	666f726d
7490	657370697465
7491	63686965766f7573
7492	636f7065
7493	617965
7494	616e7465726e
7495	616d696c696172
7496	616d62
7497	616c6c6f776564
7498	616c696e67
7499	5a617261
7500	53757a79
7501	536f7570
7502	526962626974
7503	50656f706c65
7504	4c696b65
7505	4a756c6965
7506	4a6f6e
7507	4a616d6965
7508	4775657373
7509	436f636f
7510	43696e6479
7511	42696c6c
7512	426565
7513	4261727279
7514	416c7269676874
7515	41667465727761726473
7516	3f2122
7517	207768696d70
7518	207765656b656e64
7519	207765656473
7520	20756e66616d696c696172
7521	207475626573
7522	2074726f75626c6573
7523	20746f74
7524	207469726573
7525	207468726f776e
7526	2074686f726e73
7527	2074656d706572
7528	20746561706f74
7529	2073776170
7530	207377616c6c6f776564
7531	207374756666696e67
7532	2073717565616b
7533	2073706f6f6e66756c
7534	20737069636573
7535	20736f6c7574696f6e
7536	20736d6173686564
7537	20736c6f776572
7538	20736861726b73
7539	2073686f6f
7540	207368616479
7541	2073656e736174696f6e
7542	20736174697366696564
7543	2073616e64706974
7544	20726573706f6e7369626c65
7545	20726573706563746564
7546	2072657065617473
7547	2072656374
7548	2072757374
7549	2070756e6973686d656e74
7550	20706f75746564
7551	20706c6179726f6f6d
7552	20706c6179686f757365
7553	2070617463686573
7554	206f766572636f6d65
7555	206f6e77617264
7556	206e6561746c79
7557	206d6f6f6e6c69676874
7558	206d6f6f6564
7559	206d697363686965766f7573
7560	206d696c6c6572
7561	206d6573736573
7562	206d616b6572
7563	206c6f7765726564
7564	206c616e677561676573
7565	206c756d70
7566	206c616e7465726e
7567	206b6e6f7473
7568	206a6f7966756c
7569	20696e7669746174696f6e73
7570	206865646765686f67
7571	206861697263757473
7572	20686f7572
7573	20666f726365
7574	20666c6f776e
7575	206576657279626f6479
7576	20656e746875736961736d
7577	20656e636f75726167
7578	2064726573736572
7579	20647261776e
7580	206469736f626579
7581	2064657369676e73
7582	2064756d70
7583	2063726f7373696e67
7584	20636f6c6f726564
7585	20636f6c646572
7586	20636f616368
7587	20636c65616e6572
7588	2063686172
7589	20636177
7590	206275736573
7591	20627265617468696e67
7592	20626f74746c6573
7593	20626f746865726564
7594	2062656c6c696573
7595	2062656568697665
7596	206261636b73
7597	206175746f6d6f62696c6573
7598	2061727269766573
7599	2061706f6c6f6769736564
7600	2061696d
7601	2059656c6c6f77
7602	20576f6f66
7603	2057696c6c79
7604	20537465707079
7605	205374726574
7606	20536d6f6b65
7607	2053686f77
7608	20526961
7609	205075707079
7610	2050757272
7611	2050697a7a61
7612	2050696e
7613	2050696c6c
7614	204c696f6e
7615	204c69616d
7616	204b61796c61
7617	204a6179
7618	20466f726b79
7619	2045786369746564
7620	20436c61697265
7621	20436c6f7564
7622	20436861
7623	204344
7624	20426c6f6f6d
7625	204269
7626	204265747379
7627	20416c74686f756768
7628	204162626965
7629	7a69
7630	757368726f6f6d
7631	757272656e646572
7632	756d6d696573
7633	756c66
7634	75696e67
7635	74686174
7636	746f636b
7637	746865
7638	73657373
7639	72696572
7640	726965
7641	726967
7642	70706c65
7643	7070696573
7644	6f72746572
7645	6f726b696e67
7646	6f6d62
7647	6f6c6c656e
7648	6d65726564
7649	697a6f6e
7650	6976697479
7651	696e6974656c79
7652	696c6c6564
7653	6967687479
7654	696768696e67
7655	69646479
7656	696b79
7657	667573
7658	65726d
7659	656c61
7660	657a69
7661	6261
7662	6174657270696c6c6172
7663	6173686573
7664	61726d656e
7665	616e6e6168
7666	616e6574
7667	61676963
7668	616679
7669	61636c6573
7670	61696c6579
7671	5768696368
7672	556e646572
7673	547279
7674	53686172696e67
7675	526179
7676	50696e6b79
7677	4d61726965
7678	4c656e61
7679	486f70
7680	467265646479
7681	44616e
7682	426f756e6365
7683	41626279
7684	207772696e6b
7685	20776f62626c65
7686	20776970696e67
7687	2077696e6e657273
7688	2077657074
7689	20776174657266616c6c
7690	2077616b696e67
7691	20756e69666f726d73
7692	2074756d6d696573
7693	2074696e
7694	207377696d73756974
7695	207377656570
7696	2073776f6c6c656e
7697	2073747265616d657273
7698	2073746f6d70
7699	207374616d706564
7700	207374697463686573
7701	207371756177
7702	20737072696e67696e67
7703	207370696c6c73
7704	20736f6c76696e67
7705	20736e69666673
7706	20736d656c6c696e67
7707	20736c617070696e67
7708	2073657276
7709	20736563757265
7710	20736372657773
7711	2073637261746368696e67
7712	207363656e
7713	20726573756c7473
7714	2072656374616e676c65
7715	207265616c697a696e67
7716	20717565656e73
7717	20707572706f7365
7718	207075727273
7719	2070726f6261626c79
7720	20706f6b6573
7721	20706c616e74696e67
7722	2070696e6368696e67
7723	20706172746564
7724	207061636b61676573
7725	206e6f746963696e67
7726	206e6170706564
7727	206d6f746f726379636c6573
7728	206d6f6d6d61
7729	206d696e64696e67
7730	206d696e7473
7731	206d61737361676573
7732	206c696272617269616e
7733	206c6172676572
7734	206c6162656c73
7735	206c61636573
7736	206c656e74
7737	206c616d62
7738	20696e73697374696e67
7739	20696e7365637473
7740	20696e63686573
7741	20686f72697a6f6e
7742	206865616c696e67
7743	20686569676874
7744	20686f6f
7745	2067726f616e6564
7746	206761737073
7747	20676f6f
7748	20666f7267657474696e67
7749	20666f6f6c6564
7750	20666c75747465726564
7751	20657865726369736573
7752	20656e636f75726167656d656e74
7753	20656e636f756e74
7754	20646f6f72776179
7755	20646973706c61796564
7756	20646973637573736564
7757	20646566696e6974656c79
7758	2064656564
7759	2064616e636573
7760	20646970
7761	2063726561746976697479
7762	206372616674
7763	20636f727265
7764	20636f6e6e6563746564
7765	20636f6c6f75726564
7766	20636f7379
7767	20636c69636b6564
7768	20636972637573
7769	2063686561706572
7770	20636865657273
7771	2063656e746572
7772	206361726573
7773	20626f74686572696e67
7774	20626f72726f776564
7775	206265686176696f72
7776	20626567696e6e696e67
7777	20626565706564
7778	20626561766572
7779	20626f6d62
7780	20616d6f6e67
7781	206165726f706c616e6573
7782	2061646d69726174696f6e
7783	20576967676c6573
7784	2057656c636f6d65
7785	20556e6976657273697479
7786	2054696d65
7787	205469676572
7788	2054696479
7789	205465
7790	2054616b65
7791	2053706f6f6e
7792	20537069646579
7793	205275667573
7794	2052696368
7795	205261696e
7796	2052616368656c
7797	204f696e6b
7798	204e6f626f6479
7799	204e6962626c6573
7800	204e656172
7801	204d656c69737361
7802	204d656f776e79
7803	204d757368726f6f6d
7804	204d6f70
7805	204d6967687479
7806	204d616e
7807	204c6f75697365
7808	204c65616679
7809	204a6f6479
7810	204a656e6e6965
7811	204a656d
7812	204772616e6e79
7813	204672616e6b6965
7814	20466c6f7261
7815	2046697265
7816	20456c7361
7817	2043726f636f
7818	20437261626279
7819	20436f636f61
7820	204368697270
7821	20436f6d6574
7822	2042756d7079
7823	20696c6c
7824	2032
7825	7965617273
7826	796c
7827	7768696c65
7828	76657273
7829	757368696e67
7830	7572706c65
7831	756d7068726579
7832	7564726579
7833	737379
7834	726967756564
7835	7269766572
7836	726162
7837	726973
7838	6f756e636564
7839	6f6e6e61
7840	6f6d70
7841	6e74696c
7842	6974746564
7843	69746572
7844	696e616c64
7845	696d706c79
7846	69636970
7847	6976696e67
7848	69626279
7849	6775657373
7850	657869
7851	65727461696e
7852	65726b
7853	6572696f7573
7854	656e64696e67
7855	656c696e67
7856	63746172
7857	62796573
7858	626f6174
7859	62656570
7860	6269
7861	62616765
7862	617961
7863	61747572
7864	61747479
7865	61726d6572
7866	61727479
7867	6170617961
7868	616e746861
7869	616e7768696c65
7870	616e636564
7871	6163696e67
7872	616973
7873	616374
7874	546f6279
7875	54696c6c79
7876	536c6f77
7877	517569636b
7878	5072
7879	506970
7880	50617061
7881	4c697a
7882	4a6f6c6c79
7883	496e7374656164
7884	4465616c
7885	426568696e64
7886	42616e67
7887	3d3d3d3d
7888	2d2d
7889	2c27
7890	20796f756e676572
7891	2079656c70
7892	207772617070696e67
7893	20777269746572
7894	20776f727279696e67
7895	2077697468696e
7896	2077686f6f7368
7897	207768616c6573
7898	207765696768696e67
7899	207761646564
7900	20776967
7901	207769646572
7902	20766973697473
7903	207665737473
7904	2074726176656c6c696e67
7905	20746f77617264
7906	20746f6164
7907	20746970746f6564
7908	207468726f7567686f7574
7909	2074686f7567687473
7910	207461706564
7911	2074616c656e746564
7912	20746170706564
7913	2074696573
7914	2073747265657473
7915	207374697273
7916	20737465726e6c79
7917	207374756e
7918	207374696e6773
7919	207374616c6c
7920	20736e6966666c6564
7921	20736e696666696e67
7922	2073686f7073
7923	20736861706564
7924	207368616c6c
7925	2073657473
7926	207365616c73
7927	2073656167756c6c73
7928	20736375727279
7929	207363726170
7930	20736176
7931	2073696d706c79
7932	20726f6473
7933	207269736b73
7934	2072657475726e696e67
7935	207265617070
7936	20726f7474656e
7937	20706f757273
7938	20706f7373657373
7939	20706f6c6974656c79
7940	20706c7567
7941	2070656e6e696573
7942	2070617374656c73
7943	2070616e69636b6564
7944	2070756666
7945	206f776e657273
7946	206f757466697473
7947	206e6565646c6573
7948	206e6563746172
7949	206d6f6e746873
7950	206d65616e696e67
7951	206d61726b6572
7952	206b696e6773
7953	2069676e6f72696e67
7954	2068697373696e67
7955	2068616e64736f6d65
7956	206775657373696e67
7957	20677261737379
7958	206772616262696e67
7959	20676f6f6462796573
7960	20676c697474
7961	20676c61726564
7962	20676967676c6573
7963	2067656d73
7964	2067617262616765
7965	2067756c70
7966	20676f6e6e61
7967	20666f637573
7968	20666c6f617473
7969	20666c617073
7970	206669736865726d656e
7971	2066696c6d73
7972	206661726d657273
7973	20656e636f75726167696e67
7974	206564676573
7975	2065617365
7976	206472697070696e67
7977	20646f6c6c686f757365
7978	2064657374726f79696e67
7979	2064656d616e64696e67
7980	2064656c61796564
7981	2064616e67657273
7982	20646172696e67
7983	206372656174696f6e73
7984	20637261636b657273
7985	20636f7762
7986	20636f7073
7987	20636f6e73
7988	20636f6e636572
7989	20636f6d6d6f6e
7990	20636c6173736d61746573
7991	20636c756573
7992	20636c7565
7993	2063686172616374657273
7994	206368616e676573
7995	2063656e747265
7996	2063617574696f75736c79
7997	20636174657270696c6c617273
7998	2063616665
7999	20636f7567
