20	74
68	65
20	61
20	73
20	77
2074	6865
6e	64
65	64
20	62
2074	6f
2061	6e64
20	68
20	66
20	54
69	6e
2077	61
69	74
72	65
6f	75
20	6c
20	64
20	63
20	70
61	79
20	6d
207761	73
65	72
2054	6865
6f	6d
20	6865
69	73
20	6e
69	6d
6f	6e
61	72
2073	61
6c	6c
69	64
2068	61
20	67
61	74
20	53
696e	67
6f	74
65	6e
61	6e
6c	65
6f	72
69	72
61	6d
65	74
20	48
20	6974
2074	68
69	67
20546865	79
2070	6c
20	696e
2048	65
69	6c
20	22
6f	77
76	6572
72	69
20	75
20706c	6179
75	74
6974	68
207361	6964
2062	65
2064	6179
2077	697468
70	70
4f	6e
20	6f
20	79
6b	6564
6f	6f
20	72
206865	72
63	65
2054	696d
6c	64
2068	6973
20	49
2053	6865
2073	74
6b	65
20	65
2062	6967
6e	74
63	6b
766572	79
2079	6f75
73	74
76	65
65	6e64
75	6e
206861	7070
20	6f6e
61	6c6c
7269	656e64
2066	7269656e64
20746865	79
696c	79
20	4c
2077	65
206861	64
2075	70
206c	69
6865	72
206e	6f74
207761	6e74
6974	74
206f	66
61	64
20	42
2064	6f
73	65
2068617070	79
656e	74
20	76657279
65	73
207361	77
20	4d
4f6e	65
27	73
207468	6174
6f75	6c64
697474	6c65
2066	6f72
206d	6f6d
206c	6974746c65
2073	6f
2073	68
2073	6865
696d	65
63	68
206e	616d
2074	696d65
20	6b
206e	65
6f75	6e64
2e	22
20746865	7265
206e616d	6564
2062	6f
2073	6d
207765	7265
2077616e74	6564
204c	696c79
6972	64
20667269656e64	73
6f75	74
2062	7574
76	6564
2054	6f6d
54	6865
21	22
68	74
2062	697264
65	6c
2061	6e
61	6b65
61	6c
20746f	6f
6f6d	65
6964	65
2077	656e74
4f6e	6365
2077	68
206865	6c
2061	6c6c
2049	74
75	67
2068656c	70
75	65
20	6973
20	41
206c	6f6f
207570	6f6e
206c	6f
74	6572
72	79
20746f	79
6f	7265
69	6e64
2066	756e
67	6574
69	6c6c
616d	65
2061	73
20	6a
72	61
676574	686572
2061	74
2063	6174
2064	6964
20	7265
20746f	676574686572
75	72
61	636b
2073	65
6c	79
2074	7265
20646f	67
6f6f	64
2063	6f756c64
74	6564
69	63
2063	616e
2062	616c6c
2067	6972
6172	64
20746865	6972
6172	6b
20676972	6c
20706c6179	6564
6d	79
65	63
2068	696d
2067	6f
2072	6f
77	6179
3f	22
6865	64
206c	65
206b	6e
61	696e
20	6f7574
6865	6e
2066	72
2061	7265
27	74
75	6d
20626f	79
20746865	6d
207361	64
75	6c
61	78
20747265	65
6f74	686572
6f75	67
206861	7665
206c6f	766564
206d	616e
206c6f6f	6b6564
2063	6c
2066	6f756e64
2073	70
207374	6172
2053	7565
6f6e	65
2073	63
6f77	6e
2062	61636b
68	696e67
61	7265
204d	6178
206265	63
73	696465
206c69	6b65
66	756c
206d	65
6f	70
6f6e	67
2070	61726b
2077	6f756c64
6967	6874
206c69	6b6564
72	6f756e64
2066	61
20	4f6e65
656c	74
2042	7574
206c	61
2063	6172
2066	656c74
206d	616b65
20	57
65	6c6c
2053	616d
206173	6b6564
6172	6564
6f6d	6574
59	6f75
69	6365
61	67
2073746172	746564
206e65	77
2063	616d65
207365	65
6f7567	6874
6f75	7365
206e	6f
2042	656e
2061	6c
696c	6564
2061	67
20	6f74686572
2067	6f6f64
2073	6f6d6574
6f	62
20736d	616c6c
70	6f74
2062	72
20736d	696c6564
73	73
6164	65
7269	6564
696e67	73
2073	6179
2066	696e64
2077	6f72
2065	78
2061	776179
206672	6f6d
206d	616465
207468	6f75676874
2053	706f74
2068	6f6d65
20736f6d6574	68696e67
2063	6f
656e	6564
20706c6179	696e67
74	79
207768	6174
2070	7574
207761	6c
2065	76657279
206d	75
61	6368
69	61
75	63
69	65
6f6f	6b
20	46
2064	6f776e
69	6c65
2072	616e
6e	79
206167	61696e
64	64
61	7665
20746f79	73
6172	6e
2070	72
207363	61726564
6b	696e67
206c61	7567
20	4a
20746f6f	6b
2073	6f6d65
69	66
61	62
2068	6f757365
2066	6c
2061	726f756e64
75	7265
20626f	78
2073	77
6973	68
65	70
206c65	61726e
20796f75	72
6f75	64
7265	74
69	636b
2073	756e
206c69	766564
207468	696e6773
2077	696c6c
20	596f75
20746865	6e
2062	6c
65	77
206d	79
75	636b
61	73
2077	68656e
7070	6564
2061	62
2c	22
75	73
2067	6574
616e	6b
54	696d
54	68
2063	68
206c	6f74
6f74	68
61	70
7563	79
756d	70
2074	72696564
207768	6f
204d	6961
6973	74
2066	65
2067	6f74
75	7374
206b6e	6f77
6974	6564
206162	6f7574
20696e	74
20736179	73
206d616e	79
616c6c	79
6e64	6572
206b6e	6577
2072	6564
69	7665
2070	726574
4c	696c79
2064	6563
61	75
20616e	79
20	44
6973	65
6f75	73
61	6365
2070	6963
6175	7365
206d	6f7265
66	746572
2063	617265
71	75
206265	7374
206f	70
20626563	616d65
2042	6f62
204c	756379
e2	80
2070	6f
66	65
776179	73
20626563	61757365
6974	65
206c6561726e	6564
206f7574	73696465
207761	746572
206578	63
2068	7567
20616c	77617973
206c6f6f	6b
2062	6f7468
20726f	6f6d
20696e74	6f
2075	6e
206c617567	686564
2053	6f
6964	6564
2041	6e64
207368	6f77
2067	7265
2065	6174
20646563	69646564
2068	6f
616e	74
20	76
7572	70
6572	73
2070	65
75	6464
20	45
204d	6f6d
6e	6e
206a	756d70
206f6e	65
206c	6f6e67
207468	6973
2072	756e
59	6573
206661	7374
206e	696365
20657863	69746564
20	6b65
54	6f6d
2064	6164
206665	656c
20746f	6c64
546865	79
2073	6b
2061	6d
206d	6f
6f75	72
20696e	73696465
6c65	77
2074	72
2073	6c
20726f	636b
2073	6f72
75	6c6c
696e	79
2074	616b65
757270	72
2070726574	7479
6e6e	61
2065	616368
2067	7261
2067	617665
2073	75727072
696e	6b
206d75	6368
696d	616c
57	68
20616e	696d616c
207374	72
2068	6f77
207468	616e
206c	6574
206e65	6564
72	6f
42	7574
6172	61
76	656e
20746f	77
206f	6c64
2075	6e646572
67	6564
20736f72	7279
20	43
6573	73
2077616c	6b6564
20	6f72
2063	6c65
66	74
2074	61
61	6e64
6f	67
67	65
206861	6e64
206b	696e64
6973	6564
7572	74
2066	697368
66	66
2074	65
20636c	6f
7572	6e
2048	6973
207761	74
2068	6967
76	696e67
2041	6d79
61	7365
20616e696d616c	73
70	6c
2068617070	656e6564
2057	65
2075	73
2073	6e
206a	757374
20736b	79
6865	7265
206c	697374
63	686564
20666c	6f77
20	696465
206e65	6172
72	6f6d
2074	7279
2066	6f6f64
20646964	6e
20696465	61
696e	65
20	656e
67	7279
2062	6574
6162	6c65
2066	6c6577
2066	69
206974	73
6563	69
65	78
207368	617265
2063	616b65
6174	65
5468	616e6b
7265	616d
20	6966
2063617265	66756c
20626574	746572
207374	6f72
206865	617264
2064	616e
656369	616c
207370	656369616c
70	6563
2074	77
206265	6172
2054	68
206c6f74	73
2077	696e64
69	6f6e
6c	66
62	6572
2064	6f6e
6d	6f7265
20616e79	6d6f7265
20636c65	616e
2067	72
4d	6f6d
206e65	766572
2066	6f
756464	656e
2062	7567
2062	75
6f70	6c65
20546865	6e
2074	616c
2063	6f6d
2062	79
2068	617264
2066	6c79
2065	6e64
206d	6167
756464656e	6c79
2066	6f7265
206f	766572
6f72	74
2041	6e6e61
2065	76656e
72	6d
2045	76657279
2074	75726e
0a	0a
6164	79
207065	6f706c65
2061	66746572
20686967	68
2066	616d
207361	6665
20636f	6c
206c6f	7665
75	6666
2062	6164
2063	6f6d65
62	62
61	6b
2067	726f756e64
696d	62
207072	6f7564
20646f	6f72
706563	746564
207368	696e79
41	73
2068	757274
20636c	696d62
20706963	6b6564
206f70	656e6564
4c	6574
2067	697665
206c	6f7564
2067	6c
20626c	7565
6578	706563746564
20756e	6578706563746564
27	6d
2063	6865
207375727072	69736564
207761	79
207468616e	6b6564
696c	64
2063	75
2057	68656e
756d	6d79
2063	616c6c
2046	726f6d
2065	766572
20636f6c	6f72
2062	6f6f6b
617264	656e
2067	617264656e
2048	6572
20	4b
6f7567	68
206d6167	6963
2066	6172
6b	6179
4e	6f
20	696d
20706c	616365
2075	6e74
207374	696c6c
6f6f	6c
2070	6172
20687567	676564
2053	617261
20	50
206d	61
206f66	66
6167	65
2066616d	696c79
20736d	696c65
74	757265
2049	6e
2077616c	6b
6865	73
20756e74	696c
206a756d70	6564
2070	61
206e	6f77
69	7a
206b	6964
69	70
616e	65
207368	6f756c64
65	6d
20	7175
697474	79
756666	79
756e	6e79
20737472	6f6e67
207374	6f
63	74
20666f7265	7374
64	79
207374	69636b
2061	7070
207374	6179
20677265	6174
2073	7175
2064	7261
61	7574
2062	7261
206272	6f
78	74
206e65	7874
2074	7261
20626f	6174
2068656c70	6564
206265	617574
2053	616c6c79
6c65	73
2068617070	696c79
6c65	617365
206a	6f
69	6573
206861	74
20706963	74757265
2073746f72	79
206c697374	656e
2073686f77	6564
6e	696e67
69	66756c
20636c6f	73
206265617574	6966756c
6c	75666679
2063616c6c	6564
6f	6f6e
207768	696c65
206b6964	73
74	68
206d	6574
4e	6f77
206f70	656e
70	74
206672	6f67
206d	6f72
20746f77	6e
207265	6d
43	616e
20736f	6674
2073746f	70706564
7265	6c
49	74
20696d	70
206265	696e67
206576657279	6f6e65
67	6572
48	65
2061	64
62	6974
2072	61696e
62	79
2079	756d6d79
6162	626974
2063	61
20776174	6368
57	68656e
20616e	677279
20636f756c64	6e
204c	6574
6172	79
206d	6f757365
2046	6c75666679
2072	6162626974
76	656e74
7265	65
20646f	6c6c
204b	69747479
2064	65
207472	75636b
62	65
7265	7373
6464	6564
6973	686564
206c6f	7374
20736c	696465
20627261	7665
207761	726d
2077	6f
206c65	617665
206174	65
2067	616d65
2057	68
66	6f7265
6973	73
20666c6f77	657273
206661	6365
2066	656c6c
206b65	6570
207477	6f
2063	6f6f6b
6f77	6c
20	52
6f	636b
2070	7573
2063	7279
696c6c	79
2062	6564
20736f	6f6e
5468	6174
20677265	656e
2077	68657265
206e6f	697365
73	6f
67	616e
7365	6c66
207361	74
206e6f	64646564
2062	756e6e79
20616c	736f
6972	6564
e280	9d
206861	76696e67
48	69
206669	78
206265	666f7265
20686f	6c65
206b65	7074
64	6179
e280	9c
5768	6174
65	6172
2079	656c6c
20636174	6368
4c	6f6f6b
2075	7365
62	6c65
61	7a
6972	72656c
2070	61696e
6972	7374
206865	6172
2068616e64	73
546865	6e
207374	6f7265
2066	696e
206578	706c
42	656e
207573	6564
207468	72
20737175	697272656c
206d6f6d	6d79
2073	696e67
2066756e	6e79
20	4e6f77
2063	7261
2065	79
2074	69726564
75	6368
20676f	696e67
2062697264	73
207761	6974
206c6f6f	6b696e67
2062	7265
6179	6265
6f	79
206b	6974
7567	6874
74	68696e67
65	6574
206661	76
20	6f7572
616e	6765
2064	6966
6c	6564
6c65	6570
2073756e	6e79
206d65	616e
2043	616e
2070	756c6c
2077	72
656d	626572
61	6972
20706172	7479
20	696365
2074	7269
20706f	6e64
20776f72	6b
2062	7573
20666c	6f
63	68656e
206b6974	6368656e
206861	73
207468	696e6b
57	65
207361	6e64
20776f72	6b6564
206d	657373
61	63
2044	6f
2064	72
206865	6164
6f72	6e
6f	68
206f74686572	73
74	696e67
75	6974
6e	67
206579	6573
206d6f72	616c
20666176	6f72
2073	6f756e64
206661766f72	697465
207265	616c
206f	6b6179
206265	68
20	7a
20	e2809c
6c6c	6f77
7265	77
69	6f7573
207368	61726564
6174	68
6f68	6e
2074616c	6b
2072656d	656d626572
7a	79
6a	6f79
206164	76656e74
6d	61
206173	6b
656c6c	6f
48	656c6c6f
2070	6965
206d	6f6e
2063	6f6e
206375	7269
2079	617264
2076	6f
20	7269
2072	69676874
20636f	6c64
696d	6573
20696d70	6f7274
20626c	6f636b
2063757269	6f7573
2063	7574
20	47
2064	6973
6c6c	79
20656e	6a6f79
206d6f	7665
207265	7374
20	6f776e
2068	696c6c
20666f	6c6c6f77
206d61	6b696e67
7265	6564
207377	656574
2068	6f70
41	74
20666c6f77	6572
20746f	70
2064	6972
2066	69727374
206272	69676874
207368	6f
204a	61636b
44	6f6e
206c	616479
20647261	77
20696d706f7274	616e74
6b	656e
6f75	6e74
2074	616c6c
20776174	63686564
206265	67616e
2072	616365
69	6564
207468	696e67
20636c	61
207461	696c
7374	6572
206265	6c
41	66746572
6665	7265
2073	6c656570
2064	75636b
57	6f77
2070	69636b
2062	6167
20646966	66657265
20666f72	67
206e	69676874
2068	6964
6563	74
2064	61726b
206167	72656564
20666c6f	6f72
20677261	7373
206865	7265
2068	6f74
2074	61626c65
207374	6f70
206861	6972
71	7565
2068	756e
207461	7374
206c65617665	73
2073	6f6e67
205468	6973
207368	6f7574
6172	696e67
20766f	696365
207377	696e67
206e656564	6564
20776f72	7279
207072	696e
2079656c6c	6f77
207265	6164
2064	72657373
2077616c	6b696e67
2064696666657265	6e74
6967	6e
2074	656c6c
2072	75
5768	79
20747265	6573
2070	6170
2070	6c65617365
20616476656e74	757265
2044	6164
204d	72
2064	656c
207475726e	6564
20636c6f73	6572
2046	696e
4d	6178
20636f6c6f72	73
e280	99
63	6f
53	756464656e6c79
20666172	6d
20636172	73
207375727072	697365
206c617567	68
2068756e	677279
20646f	6573
6973	79
61	63686564
6f	6f6d
2053	756464656e6c79
20706965	6365
206c69	6f6e
2077	6574
2054696d	6d79
7070	79
6279	65
62	6f
69	656e74
53	7565
2063	72696564
53	616d
207072	6f6d
2070726574	656e64
20667269656e64	6c79
696c	61
6572	6564
20626c6f636b	73
20616e	6f74686572
41	6e6e61
20747261	696e
2064616e	6365
2077	6f6f64
2066	756c6c
20626568	696e64
2062726f	6b656e
20746f	756368
61	66
20636c696d62	6564
2064616e	63
204a	616e65
20617070	6c65
20627574	746572
63	6b6564
2067	6f6e65
6262	6564
77	68657265
53	6f
73	68
205468	6174
207374	65
20616d	617a
53	6865
206665656c	696e67
2072756e	6e696e67
206661	6972
2041	73
20736d	656c6c
61	76
2068656c70	696e67
20676f6f64	627965
2061	6e74
207265	616479
20706170	6572
2070	6572
206c697374	656e6564
207265	6163686564
6174	6572
69	6b65
207377	696d
206f6e	6c79
6162	79
6963	6564
20686f	6c64
2063	72
53	617261
20	4f
207265	706c
2061	63
20426f62	6f
20726f	6c6c
2063	7265616d
20707573	686564
20636c6f	7365
20736c	6f77
2063	6f6f6c
2066	69676874
207761	6c6c
72	6564
2073	6974
70	65
6173	68
206d75	7374
206c	69676874
20676c	6164
207761	67
206669	7265
2041	6c6c
206c	657373
2064	7269
6965	6c64
2064	6f6e65
20706c	616e
2074	696e79
20776f	6e646572
20	6f776c
206672	756974
206d6f6d	656e74
20746872	6f756768
6b65	79
207374	75636b
2064	7265616d
6f74	74
2077696e64	6f77
49	6e
207365	6573
20747279	696e67
206265	656e
2062	6172
6174	686572
207265	616368
206578706c	6f7265
206275	696c64
2061	72
616d	6573
2077	697365
2062	616279
2064	696e
2068	696465
204d6f6d	6d79
206a6f	696e
207468	616e6b
206c6f6f6b	73
2077	6973686564
2070	656e
2062	6974
20636c	6f7564
204576657279	6f6e65
206e65	7374
20646f	696e67
207363	617279
206275	79
2073686f7574	6564
2066	616c6c
20636f6d	696e67
616e64	79
2062	6c6577
2061	6972
616d	70
207365	656e
6176	79
4d	6961
207265706c	696564
6f6e65	79
20627574746572	66
20747265	6174
206368	696c64
20706572	66
206865	6c64
206c65	6674
206272	616e
70	68
61	697379
2077	696e
6173	6b
207175	69636b
20756e646572	7374
206d	6174
656c	79
4f	6b6179
6f72	6d
6e64	6d61
2066	696c6c
20677261	62626564
206375	70
20626f6f6b	73
206c61	6e64
20646972	7479
20736e	6f77
2070756c6c	6564
2064	726f
20626967	676572
207768	79
20736f6d6574	696d6573
206d	69676874
697a	6564
2072656d656d626572	6564
20636f6c6f72	66756c
207475726e	73
206e616d	65
206361	7374
2062726f	6b65
2063	6f756e74
20686f	70706564
2062	6f7474
75	70
206368	616972
207370	6c
2073	757265
6174	696f6e
6f75	70
2070	696e6b
20636c61	70706564
64	6572
75636b	79
6963	79
206a	6f62
27	7265
207468	726565
2073746179	6564
20546865	7265
2067	6966
2067	616d6573
4f	68
6f7574	68
206d	6f757468
74	6f6e
726f	6f6d
2041	66746572
6f77	6572
207761	766564
20616e79	7468696e67
207061696e	74
206c657373	6f6e
65	65
20776f6f64	73
2073	6574
206772	6f77
207761	69746564
206e6f74	69636564
20636f6e	74
69	78
207370	6f74
20656e6a6f79	6564
2070	6f74
2062616c6c	6f6f6e
2070696374757265	73
2062757474657266	6c79
20616c	6f6e65
207768	697465
20706c	616e74
206865	617679
206265	65
5468	6973
2074	69676874
6172	74
207377	616d
207365	61
48	6572
756464	79
206272	6f74686572
207468	726577
2067	656e74
22	2e
20717569636b	6c79
20666f6c6c6f77	6564
206d	697373
206465	6570
206c696b65	73
64	73
53	706f74
42	6f62
20636f6f6b	696573
206d	6172
20776f72	6c64
206a	75
696e	73
206576657279	7768657265
6f	6c6c79
20636c	6f74
6173	757265
2070	75
20636c6f74	686573
2079	656172
6f75	6e
4c	756379
6170	65
61	75676874
64	65
6c	63
206c65	6166
6973	746572
2070	6174
7a	65
726f	7373
207772	6f6e67
63	6c65
207765	6172
2044	61697379
7269	6573
2063617374	6c65
206d	756d
207765	6c6c
206e	6170
617265	6e74
204a	6f686e
6c65	7373
6e	6572
6d	616e
2072	6f756e64
207175	69
75	6564
206d616b65	73
616e	67
206d	6978
20717569	6574
206272	6f75676874
2070	6172656e74
2063	7265
20746f77	6572
2068696d	73656c66
6f	65
2066	69656c64
2042	75646479
2072	696465
2077	6f6e
20	7665
20736e	61636b
20627574	746f6e
2064616e63	6564
2077616e74	73
205768	6174
20666f7267	6f74
2066617374	6572
206d75	73
20627265	616b
6f	73
2061	726d
756c6c	79
206b65	79
44	6f
2077	697368
204c	696c61
2064656c	6963
2068	6974
7468	79
2074616c	6b6564
20647261	67
20676966	74
206265	616368
67	67
207368	6172696e67
2073	69676e
72	6f77
66	756c6c79
20636f6d	70
6365	7373
2073	6973746572
207269	766572
72	6f74
2066696e	6973686564
6c65	7068
20706f	6c
656e	6365
2064	7279
2062	696b65
2072	61
46	726f6d
207368	696e
206c65	67
63	79
2064616e	676572
617264	73
2076	6973
206b	696e67
2064696e	6e6572
206272616e	6368
20626f7474	6c65
207265	616c6c79
20756e6465727374	616e64
7665	73
206d6f6e	6b6579
7070	6572
2066	7572
7265	6e
2064726167	6f6e
20496e	73696465
616e	6365
2062	6f72
697474	656e
207265	6c
2054	6f
4a	6f686e
206d6f6e	73746572
2070	6967
20626c	61636b
2065	6d
2041	74
7573	68
20636f6e74	696e
6564	6479
20736e	616b65
2067	69
2066696c6c	6564
2066616972	79
48	6973
20666f	78
20746f	646179
207370	72
20726f636b	73
20706f	696e
696d	69
41	6d79
20736d	617274
20736f6d65	6f6e65
2066	616e
2067	75
207765	6c63
206c6574	746572
206174	74
2063	6f77
61	7374
2077	6865
2073	696465
7665	6c
697474	696e67
20776f72	72696564
20656174	696e67
2063617265	66756c6c79
6374	6f72
4a	757374
206d7573	6963
207361	6e67
2070726f6d	69736564
7365	73
20706172656e74	73
206576657279	7468696e67
2062	6f776c
5768	696c65
2079	6573
2065	6c
65	6164
207069656365	73
206d61	696c
20766973	6974
2070	6574
2070	756464
2066	726565
206272	6f776e
2042	696c6c79
7a	7a
2062	697465
206368696c64	72656e
204d	61796265
6174	6564
2073	696c6c79
20636f6e74696e	756564
207368	6f70
20726f	6164
74	73
207265	73
2062	6f756e
2068617070	656e
2073	6f7570
20656c	7365
7374	656164
2074616c	6b696e67
2065	6767
20536f	6f6e
206a	6172
20666c79	696e67
206d75	64
20	717565
2e	e2809d
20736d696c65	73
2070657266	656374
46	696e
20746872	6f77
207265616c	697a6564
2045	6d
656c6c	61
20776167	676564
206d6f	766564
20637261	62
2073	697474696e67
206c617567	68696e67
206472	696e6b
206d	6f74686572
20656e	6f756768
20726f	7065
2053617261	68
67	6c79
207368696e	696e67
20636c6f73	6564
20616d617a	696e67
636b	6574
2062	617468
20	5a
6f72	64
207365	63
207061	77
206b	697465
2062	75636b
20737472	616e6765
20736d	6f
204d	696d69
207361	696c
756e	6368
20776f72	6473
2065	6172
66	697368
2077697468	6f7574
2064616e676572	6f7573
206f72	616e6765
2077656c63	6f6d65
207374	75
207061	7373
20	2d
20736563	726574
4d	61796265
7070	696e67
2063	65
66	6f7274
206f776e	6572
206c	6f6e
2063	616e6479
207768	697374
2074617374	79
2073686f	6573
20637279	696e67
207374	6f6e65
207374	616e64
20626172	6b6564
206c6f6e	656c79
206c69	76696e67
7573	6564
69	766572
206865	616c
6973	6573
207361	636b
2070	7265
63	686573
207061	7374
2070	757270
21	e2809d
206d6f72	6e696e67
20686967	686572
69	6368
6172	6d
20707573	68
2062656c	6965
2042	6c
207363	7265616d
20677261	6e646d61
616d	61
50	6c65617365
207374	7265
204a	656e
2070	68
6973	6b
2070757270	6c65
20626c	616e6b
67	79
6174	6f
7261	6374
69	626c65
65	79
626f	617264
20736865	6c6c
6c657068	616e74
6368	6f6f6c
207377	696e6773
206361	75676874
2043	68
6c6c	6965
6c6c	61
2066696e	616c6c79
20626c616e6b	6574
6f6e	73
6d	65
20676574	74696e67
2061736b	73
20726f6c6c	6564
2073	63686f6f6c
206d	6164
2064656c6963	696f7573
4d6f6d	6d79
207472	6f75
73	6574
65	6f
207465	6163
6173	6564
20746f	6d
2070756464	6c65
2070	696c65
206d	696e65
636b	73
69	7265
2062	6174
20617070	6c6573
206661726d	6572
6967	68
2077	6f7265
207361	6d65
20686572	73656c66
69736b	657273
20646f6c6c	73
6c64	6572
20747265	6173757265
75	62
62	72
61736b	6574
20637574	65
2077	696e6773
2073696e67	696e67
206372	6179
2067656e74	6c65
20546f6d	6d79
2070	657273
2062	61736b6574
204a	6f65
2066	6974
2062616c6c	73
20706c	616e65
2064726f	70706564
2079656172	73
206d	6f6e6579
206a	65
2072756e	73
20636172	726f74
206c	616b65
2065	6c657068616e74
20636865	65
2063	6f726e
2062	656e
0a	20
7468	646179
6972	7468646179
20636f	6174
20686f70	6564
2063	6f7572
2073746172	74
206272	696e67
207365	6172
20646179	73
6175676874	79
20636f7572	7365
2074656163	686572
206e	617567687479
20776f	6b65
6174	6f72
206172	7269
20666f7265	766572
20646f	63746f72
20426c	7565
696e	6564
46696e	616c6c79
2075	676c79
206d6f	7374
206c	756e6368
756d70	79
206a75	696365
2074	65646479
2070726f6d	697365
2070	696c6c
206d	696e
206a6f	79
20627573	68
205768	69736b657273
6172	70
207365	6564
207370	696e
206f	62
20686964	696e67
2062	69727468646179
205468	616e6b
2042	656c6c61
6f	7365
6972	74
20726f	62
2062	616e64
206c65	6d
6974	6368
2076	696c6c
61	696c
20746f	7563
2047	7261
6f	6c
2077	7261
6170	6573
27	6c6c
207761	72
2073747265	6574
207368	617270
696c	6b
69	70706564
2066	656e6365
2046	726564
73	77
61	7373
20677265	77
20616e	7377
204c	656f
2065	6173
20636f6f6b	6965
6d	6564
4a	61636b
206d	696c6b
2062	6f77
207465	616368
207370	6f6f6e
66	75736564
207468696e6b	73
2063	617264
2062656c	6f6e67
207368	61706573
61	6c65
207368	79
2070	6f70
62	6f77
207368	72
69	6572
20627265	6164
6964	6765
20726f636b	6574
2070	6f776572
206d	61726b
20696e	63
2062656c6965	7665
73	79
62	616c6c
20746f7563	686564
20736c6f77	6c79
20637265	6174
20637261	77
2062	6f6e65
73	63
2068656172	74
2062656e	6368
6572	7279
206c	617465
206162	6c65
207072	6f62
206d61676963	616c
2061727269	766564
6c	696e67
6574	6572
20616d617a	6564
6f6f	7365
65	6d79
20726f62	6f74
20706f	636b6574
20747269	70
206772	6179
20646972	74
206275636b	6574
206265	6c6c
757274	6c65
206b	697373
20636f	6c6c
20636172	7279
20627573	79
207368	6f6f6b
206e	7574
206e	756d
20636865	65726564
207365	6174
206e6f	7365
756e	67
206665656c	73
2066	6577
6c65	6d
207477	696e73
20636f	696e
207a	6f6f6d
2076696c6c	616765
2070726f62	6c656d
206772	756d7079
65	61726564
2073746f72	6d
20666978	6564
61	7070
20736f756e64	73
2073	7567
206e65	636b
6f	7374
206c69	7665
206b	697474656e
4f	4b
207370	6f
20706174	69656e74
20776f6e646572	66756c
2073746f72	696573
20796f75	6e67
6b	696e
207368	616b65
756e	61
20687567	65
6967	67
2077	696465
207370	61726b
2063686565	7365
20746f77	61726473
207275	6465
2064	697374
20776865	656c
207261696e	626f77
47	6f6f64
20636f	766572
20636172	74
207461	6b696e67
207075	707079
206769	616e74
207761	7665
666f7274	61626c65
207768697374	6c65
6f7572	6e
4c	696c61
207472656174	73
2064	69
2064	6573
6972	70
6570	656e64
2074	7572746c65
206a	6f75726e
20737472	696e67
20736f6e67	73
206d65	6574
207570	736574
2068	6f72
20647269	766572
6f70	68
6262	6c65
20776f72	6d
20646973	617070
6164	6f77
2063	6972
53	757265
20677261	62
2041	6e6e
2073	7563
20686f6c64	696e67
2068	6f6e6579
207361	6c
206d6f	6f6e
206c69	6665
204d6f6d	6f
20627567	73
656e	73
4f	66
20696e	76
204a	757374
42	65
206c	6179
206669676874	696e67
696c	696e67
2073	6f7572
207265	63
206d	697374
2070	617468
2062	616e
6f756e74	61696e
6973	61
20736d6f	6f7468
6f72	73
656c6c	79
20	4e
6966	65
2072	6164
206c	75636b79
206a	6577
20	4f6e
206e	6574
206a6577	656c
20626f	7373
62	6c6564
616c	6d
20736d656c6c	79
20687567	73
204d	61726b
207468	696e
2062	7269
6f6e65	7374
2073616e64	77
2052	656d79
75	6e74
6f	7665
53	74
2077	696c64
206e6f	69736573
2062616e	616e
756c	6172
206e6f74	65
2068	6f6e657374
20456d	6d61
2073	6572
207072696e	63657373
20636c	6f7468
2062	61
206d697373	6564
206a6f	6b65
206265	616b
20736565	6b
207065	616365
73	70
6e	6f74
6c	6f776572
2074617374	65
20736865	6c66
206c616e64	6564
2063	6f75
2063	617665
6967	6572
20736e6f77	6d616e
206d	6564
20646f67	73
2063616e	6e6f74
206163	726f7373
697a	7a79
2046696e	616c6c79
6572	74
2073	656c
2063	726f7373
617465	66756c
61	7572
20706172	74
204d	6f6c6c79
65	7374
2073706c	6173
2073	756464656e6c79
206a	656c6c79
206475636b	73
2064726f	7665
20647269	7665
206f72	67616e
206d	61796265
20696e	7374656164
2066616e	6379
2068656c70	66756c
20636865	77
2061	6374
20666f	6f74
54	6f
20737465	70706564
206c656d	6f6e
20616476656e74757265	73
207374	6570
206772	61746566756c
206578	70
69	616e
2073	69636b
206f	76656e
65	7265
4c	61746572
206c	696e65
2053	70
2044	6f67
7265	6164
2064	697368
20	69676e
6f	707079
207a	6f6f
20776173	6e
4865	79
20776f72	6b696e67
20776173	68
207370	65
20676c	6f77
2066	6c65
6f70	65
6f6f6d	79
2073656c	66697368
206368	616e6765
2061	76
6c65	74
6974	79
207075	7a7a
206a	6f67
20636f6e	6675736564
206368	6f
2070	72616374
6972	72
6964	79
657265	7374
206c	6164
206865616c	746879
20646164	6479
207772	697465
2074616b65	73
20696e74	6572657374
2063	6170
2062	6f75676874
207765	616b
2070	616e
206c61	7374
20666f7267	697665
20666f72	676574
206173	68
6964	6572
206d657373	79
2073746172	73
207368	697274
2077686f	6c65
207465	61
20736c	6964
20636f6d	6573
207068	6f6e65
20626f	6f74
636f	6c
207761746368	696e67
20737469636b	73
207072	6f74
206c6164	646572
77	617264
207465	616d
207361	7665
20686f70	65
206368	61736564
20616e79	6f6e65
706563	74
206d79	73746572
206c69	6674
20636c65	766572
2070696c6c	6f77
204f	6c6c6965
74	6f
697a	65
206665	6174686572
2073706c	617368
20656173	79
616d	6564
2065	6c646572
6f72	6b
20656c646572	6c79
6f	63
53	616c6c79
20736565	6d6564
2070	6f7572
204c	697361
65	766572
6262	6c6573
206d	696e64
206c6567	73
2066696e	697368
20706c616e74	73
2063	616c6d
20616c	6f6e67
697a	7a
2074	696479
2070657273	6f6e
2062	61726b
2076	616c
207265	74
2070	7269
2068	756d
756c	74
6974	696e67
697270	79
61696e	6564
53	6f6f6e
2074	617065
207361	766564
2073	75
20686f72	7365
6c6c	6f
43	6f6d65
20736865	6570
20726574	75726e
2043	6174
3f	e2809d
2070726574656e64	6564
2070	696e
206c6f6e67	6572
2066616365	73
206d	616368
206c6f	636b
206c	61746572
20696e746572657374	696e67
75	616c6c79
64	656e
20776f	6c66
20446164	6479
20636f	7a79
696f6e	73
2073637265616d	6564
20656d	70
20636c6f7564	73
6f	636b6564
2077616974	696e67
207375	7070
2072	696e67
20656d70	7479
2065	6167
2042	75
626f	78
20776f6e646572	6564
2074	6965
206d697374	616b65
20626f756e	6365
2043	6f6d65
20	656e74
20736c656570	79
207269	6368
2054	56
207374	726574
2070	6f6f6c
20626f7373	79
2073	756368
206472	616e6b
207468	6f756768
207370	69646572
2066	616b65
206368	69636b
206272	757368
756e	6b
6f726d	616c
6574	68
20546f	676574686572
70	696c6c
70696c6c	6172
206e	6f726d616c
206275696c64	696e67
207377696d	6d
20737567	6172
207374	7261
206f6e	746f
2044	75636b79
6c65	6272
206c	6172
20676f	6174
2042656e	6e79
206365	6c656272
2057	697468
4b	69747479
20717565	656e
20686964	64656e
204368	69727079
207072696e	74
2070	61636b
206c61	77
2067697665	73
20737072	6179
206d616368	696e65
2063726179	6f6e73
206b	69636b
2067	6174686572
206672756974	73
2064	726577
2063	686572
7572	7365
206c6f7665	6c79
206a756d70	696e67
6f6e	74
697a7a	61
20706f696e	746564
20636865	6572
2063	616765
69	7070
6572	70696c6c6172
206578706c	6f72
20636174	657270696c6c6172
2061726d	73
2077	696e67
20676c	7565
204d	79
207370	696379
207072696e	6365
206672	6f6e74
2045	6c6c61
207377696d6d	696e67
2070656e	63
65	6b
2076	616e
2074726f75	626c65
2070656e63	696c
20546865	6972
20477261	6e646d61
206c6172	6765
2066	696e67
2066	696c
656c	70
41	6e64
20746f77	656c
206d6174	746572
20636c65616e	6564
6163	6564
2073656172	6368
206e756d	626572
20617070	6561726564
204c	756e61
20	696379
6f6f	70
20777261	70
20707574	73
206d	697272
206d	656c
20667572	7279
204d	616d61
2047	6f
79	617264
207072	6179
206a6f75726e	6579
2067656e74	6c79
206261636b	79617264
2054	696e79
2053	74
6d	656e74
20736d656c6c	6564
206e656172	6279
206d697272	6f72
6f6f	66
207761	6e64
20706f776572	66756c
206665	6172
20446f67	6779
79	6d
6e	6564
6c65	76
64	6765
20696d	6167
2067	756e
20636972	636c65
6572	79
20736d	696c696e67
2070	697a7a61
206d6174	6368
20636f75	6368
205768	79
6f6e	6573
6173	70
20706c616365	73
2063	7269
2042	72
6f73	617572
6963	6b6564
5374	6f70
2064696e	6f73617572
2061	70
204a	696d
76	6f7573
697373	6f7273
6175676874	6572
48	656c70
206e65	696768
20636c61	7373
2061	66
2053	6f6d6574
204a	696c6c
207472	757374
206e65696768	62
20636172	72696564
204a	65727279
70	61
6f72	726f77
6765	7374
2077	6f6d
20706c	617465
206c61	7a79
20666c	6167
696e	61
20776f6d	616e
20717565	7374
206a65	6570
2068	7572
20617368	616d6564
2079656c6c	6564
20747269	6573
207472	7565
207465	6172
207363	6973736f7273
206c	616d70
2067	617465
2073	7572
20676c	617373
206672	69676874
2064616e63	696e67
2062	616c
69	717565
6262	79
4d	79
20756e	69717565
207368	6970
2073616e6477	696368
206472	756d
2064	61756768746572
206272	69646765
2049	66
20746f6d	6f72726f77
207374	6972
20736f	636b
2070726f74	656374
206465	7374
2042	756e6e79
207765	6172696e67
20737072	696e67
207275	62
206865	6c6c6f
7261	6964
207765	697264
206e	6572
2069676e	6f72
20676f	6573
20656d	62
20656167	6572
206166	72616964
656e73	697665
2074	656e74
20657870	656e73697665
20616e74	73
697474	6572
69	70706572
207465	7374
207361	66
20706f	6f72
206368	617365
206e6572	766f7573
20667269676874	656e6564
7567	67
20426f62	6279
20746865	7365
20737563	63657373
207265	67
20696d70	72657373
6d	6572
61	77
20756e	6b
207374	6f6f64
7261	7373
6172	72617373
7574	65
2073706c6173	686564
20736f	6170
20706f74	61746f
2070	756d70
206c6f7665	73
20696e63	726564
20656d62	617272617373
2048	6f77
76656e74	75616c6c79
63	6564
20736f	6c
207368	61726b
20676f	6c64
206665	6574
2064	697a7a79
20626f72	696e67
2062	616b65
6e	6f776e
6966	66
2070757a7a	6c65
206e6f74	68696e67
20696e63726564	69626c65
2042	65
77	65
6e	657373
6172	6c
2077	6973
20756e6b	6e6f776e
207465	657468
206d	61736b
2064	6967
204d	617279
6f	6e64
6e64	7061
20646973	636f
206372656174	697665
7570	6964
2077	6970
20757365	66756c
2073747261	77
20707265	73
206b6e	6f636b6564
2067	656e
75	616c
6973	70
20726573	70656374
20646563	6f72
2067	696767
626572	7279
2070	6179
2052	6578
72	61746564
63	7265616d
616e	79
207363	6172
206c65	6164
206d7973746572	696f7573
206d6172	6368
20636c6f73	6574
20636c6f	636b
207768	697370
20646973	67
207374	75706964
20737175	617265
2067	6f6f7365
2066616d	6f7573
2063686f	636f6c
207768	616c65
20706f6c	697465
20616e7377	6572
676574	61626c65
63	6f6d
616972	73
546f6d	6d79
44	6164
207665	67657461626c65
20736f	6c64
207065616365	66756c
206b	69636b6564
2067656e	6572
2050	6c65617365
2042	697264
6f74	65
6572	7269
6164	6f
20746f6d	61746f
20736e61636b	73
2066	6f6f6c
2065	7363
20636f726e	6572
2063	616e64
20737475	6479
20706177	73
206372	6f776e
206261	6c64
2044	6f6e
6f726d	6f7573
66	6963
207377	616e
20737465	616b
2072656c	6965
206e6f	697379
20646966	666963
2062616e616e	61
6c	766573
207368	61646f77
206d6564	6963
206d65	6173757265
206a	616d
2064697367	757374
20646966666963	756c74
2063686f636f6c	617465
72	6f62
6f77	6564
6572	61
6564	69656e74
2079	6f67
20776f756c64	6e
20776167	6f6e
206d6f6d	73
206d65646963	696e65
206665	6564
2064	7567
2042	656172
20	33
207468	69636b
20737175	617368
2073686f	65
207363	6f
2072	6f756768
206d75	7368
2064697367757374	696e67
206272616e	63686573
20626c	6f77
757374	7261746564
6d	62
2070726573	656e74
204272	6f776e
726f62	65
726f	79
70	6573
207061696e	746564
206d	6f756e7461696e
2068	6172
20656e	6f726d6f7573
20656767	73
20536f6d6574	696d6573
2074	65727269
2070657266	6f726d
206f62	656469656e74
206d	6973
2064657374	726f79
206465	6164
20416e64	79
75	6365
20756e6465727374	6f6f64
207377	6f7264
207370	616365
207363	617265
2073616c	6164
2072	7567
206d6978	6564
2062	75726e
2050	65
207365	6c6c
2068	6f726e
206672	7573747261746564
6f72	7279
656e	6e79
63	69656e74
20737465	616c
2067656e6572	6f7573
20636c	6179
6967	686564
6173	736573
20746f	7567
2074617374	6564
207374	756666
20726f	6172
206d	6f74
206c61	62
206772	6f7570
20616e	6369656e74
7265	656e
54696d	6d79
207370	72656164
206b6e	696665
20666f6f6c	697368
70	6c65
20746f7567	68
2070756d70	6b696e
206d757368	726f6f6d
20627265	617468
2062	61726e
63	6f726e
2074	69636b
2072	617265
20686572	6f
20636f766572	6564
2062	6974746572
756e67	6c65
756d	65
20736d616c6c	6572
20636c	6170
20626f72	6564
7573	75616c
207461	75676874
2074	69676572
206a	756e676c65
20636c65	6172
206265	616e
20496e	7374656164
2073636172	66
206d6f	76696e67
206d656c	6f6e
206861	6e67
61	6b696e67
20796f7572	73656c66
207761	6b65
2072656c6965	766564
207065	62626c65
206f72	64
206e7574	73
20646973636f	766572
2053	6f6d65
546f	676574686572
207768	696368
207465727269	626c65
207374616e64	696e67
207265	66
206d61726b	6574
2063	6f70
20756e	757375616c
206a6f696e	6564
206578706c6f72	696e67
2063	726f
206164	6d
756974	6172
696e	616c
6174	746572
2074686f75676874	66756c
2067	7569746172
2064726177	696e67
206173	6c656570
20	696e64
70	6f7274
6c	616e64
2073756e	66
2070617374	61
206173	6b696e67
66	746564
206d75	6666
20636f6d	62
616c	6f7573
4865	7265
2073706f	696c6564
207365	616c
2073	717565
206a65	616c6f7573
2057	696c6c
756d	7379
6967	696e616c
616d	6f6e64
496e	73696465
2076	617365
2068	6179
20666f	6c64
20636865	6170
20636172726f74	73
2074726f75	626c6564
2068656172	73
2066	6174
20656e	67
206469	616d6f6e64
2064	756c6c
20636f	7374
2063	6f6e65
20626563	6f6d65
6f70	617264
69727374	79
6964	656e74
207370	656e74
20686174	73
2050	6f707079
20	27
756c	62
616c	6b
2073656564	73
2061	6464
204a656e	6e79
2073	756974
2068	61726d
206172	726f77
696c	74
6572	6365
41	7265
207477	697374
207468616e6b	66756c
2073756e66	6c6f776572
207374	616d70
20706f70	636f726e
206f72	6967696e616c
2068616972	79
206669	65726365
20636f6c6c	656374
20626172	626572
2062	756c62
2053616d	6d79
2041	6c
7261	67
636f6d	666f727461626c65
20746f6f	6c
207374	7269
2072656c	6178
20656d62617272617373	6564
20636c	756d7379
20636869636b	656e
2063	757368
6f74	6f
6c	69676874
207772	6f7465
20756e	636f6d666f727461626c65
2074	756e
2066	696e65
20626c	6f6f6d
68	6f7374
6572	72696573
53	6f727279
207465	6d
20736e	6565
20706967	65
206d61696c	626f78
206578	616d
206472	6f70
2062	657272696573
79	616c
69	616e74
6570656e64	656e74
64	696c65
636f	64696c65
206973	6c616e64
206672	6f776e
2066696e64	696e67
2062616c	616e6365
204d	616e79
78	69626c65
616c	73
20776865	6174
206d69676874	79
206c6f	79616c
206c6f	7365
20626568	617665
206163	6f726e
20456d	696c79
6365	616e
61	70706564
207468	6972737479
2073686f	6f74
206f	6365616e
206775	657373
2067	686f7374
20657863	6974696e67
20656e67	696e65
2063726179	6f6e
20636c	6f776e
7365	6c766573
6174	6368
57	68657265
207363	6174746572
206d	6170
206b6e6f77	696e67
20696e64	6570656e64656e74
20656e64	696e67
78	696f7573
616e67	6c65
2072656d	696e64
20707269	7a65
206f7267616e	697a6564
206c69	66746564
2063726177	6c
20626f	6479
206265	6573
2062617468	726f6f6d
696e	657373
67	75
20776f72	64
2074	696564
2063726f	636f64696c65
20636174	73
20616e	78696f7573
20	55
74	69
696c6c	61
69	6f
64	6c65
20747269	636b
207072616374	69636564
20706c6179	66756c
206d	6963
206a	7567
20636f6d	666f727461626c65
20636865	7374
2045	76656e
67	6c
48	6f77
20796f7572	73
20726563	6f7264
207265	70
207069636b	73
206d6f74	6f72
206c65	6f70617264
20656e	76656c
2063656c656272	617465
74	7469
6e	6574
6865	747469
6167	6865747469
207072	6f
206a6f	6c6c79
20676c	6f6f6d79
6c	616365
20737475	6262
207261	76656e
206e65636b	6c616365
206c69	7a
20666c	617368
206275	62626c6573
7368	696e65
72	6179
676c	6173736573
616e	676564
2073756e	676c6173736573
207374	6174
207370	61676865747469
2073656172	63686564
2072	6174
20686f	7365
2066	6973
2064	6570656e64
20627269	6c6c
20627261	6365
616e74	73
4d	6f6c6c79
207072	756e
20666c65	7869626c65
20657363	617065
206272696c6c	69616e74
20626f79	73
2061	756e74
4d	616d61
20746f	617374
207374756262	6f726e
2070696765	6f6e
20616476656e74	7572
6c	7068
20756e	6c
2066	726167
20637261	7a79
2062616c6c6f6f6e	73
206176	6f63
6e	6963
68	6970
49	66
2072	61636564
2070	6f77
20	6572
6967	61746f72
67	726f756e64
207a	6970
207370	696c6c
20706f6c	696365
20706963	6e6963
206861726d	6c657373
20667269656e6473	686970
20656e	76
2063726177	6c6564
20636f756e74	6564
20626f7474	6f6d
20616476656e747572	6f7573
205768	696c65
69	76
63	6964656e74
4a	616e65
20766567657461626c65	73
207573	696e67
20747269	636b73
207065	70706572
2066726167	696c65
206578706c	61696e6564
2064656c	69766572
20636c65616e	696e67
206368	616e676564
206275	696c74
20626f	617264
2062656c	74
207261	6674
2070	6972
20656e76656c	6f7065
20646f	6c7068
20646570656e64	61626c65
6167	6573
2073706f74	746564
2073	656e64
206e6170	6b696e
206d6167	6e6574
206c697a	617264
2069676e6f72	616e74
206672	616d65
20636865	7373
20616c6c	696761746f72
4d	65
2073756e	7368696e65
2073746174	7565
207363	616c65
2073	696c
20726f	7365
2070617373	6564
206e656564	73
206d65	616e74
206c6f7564	6572
206b6e	6565
206368	6f6f7365
20626174	746572
20617474	6963
546865	6972
207765	616c
207374	6f6e6573
2073686f77	73
207368	69766572
206e6f	7379
206d6f	76
20696d7072657373	697665
2068756d	626c65
20636f6d70	6574
2053	756e6e79
6f7572	73
4d	756d
2074656d	706c65
2074656c6c	73
207374726574	6368
207363	72
73	6572
696d	70
6665	65
66	666565
20726164	696f
206c6f	67
206b6e	69676874
206465	6166
20637261	636b
2063617265	6c657373
206163	636964656e74
20	4e6f
77	6f726b
6974	686572
2074	6167
207377	65
20706f70	756c6172
2070	616e7473
206b697373	6564
2068	6f6f70
20646f	7665
696e6b	79
6964	646c65
6572	61626c65
207761	766573
2073746f	7665
207374	616765
2073	6967686564
2070	72657373
206e6569676862	6f72
206d6973	657261626c65
2064726177	6572
206368	75
756d70	6574
756c	75
6c6c	6970
6c6c6970	6f70
6374	6f70
45	76657279
20776173	686564
207761	6e646572
20747269	616e676c65
207472	756d706574
207461	6b656e
20736c	6970706564
207361696c	6f72
206d756666	696e
206c6f	6c6c69706f70
20686f	7070696e67
2067	6f72
20636875	626279
2062	696e
20616e	67
79	696e67
6f6e	79
696e	617279
6173	6572
207275	696e6564
20706172	726f74
206f6e	6573
206d61	7a65
206d	6964646c65
206a656c6c79	66697368
2066696e67	6572
2063757368	696f6e
20596f75	72
6f6d	6573
6e	656c
6d62	7265
6d	6f7374
6c	697665
2077616c6b	73
2075	6d627265
2066	6967
20636f6d	706c
20636f	66666565
2054	72
6961	626c65
2079	61726e
2077	69746368
207361	696c6564
20676f72	696c6c61
20666f	6c646572
2066696c	746879
2064656c6963	617465
2063	6162
63746f70	7573
20747261	76656c
207468	75
207368	6f7265
2072	6f6f66
20706f7572	6564
206d	696c6c
206c6f	636b6564
206a	61636b
206775	617264
20656e76	696f7573
20646573	6b
20616e7377	65726564
72616374	697665
636f	61
20706f	7374
2070656e	6e79
2068617070	696e657373
206368656572	66756c
20636162	696e
206272616365	6c6574
20616c	6d6f7374
75	6e64
6d	6574
20736d6f	6b65
20736572	696f7573
2072656c	6961626c65
206c6f	6164
20696e76	69746564
2068757274	73
2067	6172
2064656c	69676874
2062	617365
20617474	72616374697665
70	61636b
6578	74
61	707079
20756d627265	6c6c61
2074756e	6e656c
20736179	696e67
2068656c	6d6574
20666f72	77617264
7574	68
62	657273
61	6666
207765616c	746879
207368656c6c	73
207363	7265656e
2072657475726e	6564
20726567	756c6172
207061696e	74696e67
20686172	7368
206672	69646765
206465	6572
20636f6d706574	6974
2063	72696573
2063	6f6f
2062656c6f6e67	6564
7574	6f6d
75746f6d	6f62
75746f6d6f62	696c65
7572	6b6579
63	7574
63	6c6573
546865	7265
47	6f
20736f6c	7665
207368	616465
2070657273	697374
206f7264	696e617279
206e696365	6c79
206d	6f70
206c6f74	696f6e
20686f757365	73
2068	697665
206769	76696e67
2066	6f7572
2053	68
77	656574
7365	756d
207175	6172
206f	63746f707573
206e6f	64
206c69	6272
206a61636b	6574
2066656172	66756c
20636172	70
6574	65
617a	7a
2077	6f6f6c
2073757070	6f7274
2073756363657373	66756c
2073717565	65
206d75	7365756d
2064	6f756768
206275	62626c65
20626f72	726f77
2061	75746f6d6f62696c65
696c	7479
67	696e67
2074	75726b6579
2074	616e6b
206c697665	6c79
206c	6f77
206775	696c7479
20676574	73
20646f6c7068	696e
20637570	626f617264
20626f78	6573
20546f	646179
7572	62
2079	6574
20706f77	646572
206e6f	6473
206b6e	6f74
207374726f6e67	6572
20736e	696666
2073686f77	696e67
2072	68
2071756172	72656c
206d6f76	6965
206c6f7564	6c79
2068656c70	73
2068656c70	6c657373
20666c617368	6c69676874
20666c	757465
206365	7265
20626564	726f6f6d
20616c	657274
616e	676572
5768	6f
20776973	686573
207472	756e6b
2074	696d6573
20737065	6564
207368	696e65
206d	696c64
2068	6f6d6573
2067	656d
20666f72	6b
20666967	757265
2064697374	757262
2063	697479
616e	7574
2073636f	6f74
20726570	616972
20726164	697368
2070657273697374	656e74
207065	616368
206c69	636b6564
20676172	616765
20666c	75666679
206572	61736572
20616e67	656c
204a	616b65
6f	696e
6c6576	61746f72
6573	646179
20776865656c	73
207472	757468
2073	6c65
206d6f	646572
2065	6c657661746f72
20636f	636f61
2063617270	6574
204d	697373
746572	6e
616d	657261
2074	697265
20737065	616b
206c65	616e
2067	796d
2063657265	616c
2063	616d657261
756c	6966
72	6e
207370	656e64
206d6f646572	6e
206772	6f776e
20647265616d	73
20646563	696465
20637265	617465
20626f6174	73
204c	756c75
6972	6f6e
626572	72696573
6174	69656e74
61726d	696e67
53617261	68
207477	6967
20736c656570	696e67
207368	69656c64
2070656e	6775
20696d70	617469656e74
2068616972	637574
20656172	7468
20636f6f	6b6564
2063686572	72696573
206361	756c6966
20626967	67657374
6f72	61626c65
6972	6974
617373	696f6e
20746f77	657273
2074	6170
207374	6174696f6e
2073706c	6974
20736b	6970706564
206c696272	617279
206861	6c66
206368	61726d696e67
2052	6f7365
6a	656374
6173	696e67
2076	696e65
207472	6179
20736b	6970
2073	696e6b
20706f	6c65
206c	6974
20677261	706573
20666f72	7468
206163	6365
78	79
656e	7365
64	6f6d
426f62	6f
42	696c6c79
207768697370	65726564
207765	656b
207265	7065
206c6561726e	696e67
2068617264	6572
2068617070656e	696e67
2064	697665
206361	6374
2061766f63	61646f
7a	7a79
20777261	70706564
207361	7573
206f6666	696365
206c	79696e67
206a75	646765
206372656174	757265
20636f6d7065746974	697665
2063616374	7573
206164	6f7261626c65
79	65
756c	616e6365
7269	63
6f74	746572
6965	66
62	756c616e6365
46	6c75666679
20776179	73
20756e	636c65
207374726177	6265727279
20736f72	74
20706f696e	74696e67
206f72	646572
20677261	6365
20636f6d70	617373696f6e
206361756c6966	6c6f776572
20626f756e	636564
20616d	62756c616e6365
20	6f74746572
20	6564
7a	6564
77	6173
776173	686572
6963	74
67	656e
6174	73
20746f	726e
206d6172	7279
206b6e6f77	73
20677261	6e647061
2066	6f756e7461696e
2064697368	776173686572
206368	616c6b
20626172	72656c
74	656e
6c657068	6f6e65
207a	6970706572
20746875	6e646572
207465	6c6570686f6e65
206a6577656c	7279
20666973	686572
20646573	69676e
2053	6e
2052	6f62
656c6c	6967
207761	6666
207469636b	6574
20736c65	7074
20736b	696e
20736574	74
20696e74	656c6c6967
20676966	746564
2066	6174686572
2065	76656e7475616c6c79
20636c	7562
2050	65746572
6f7068	6965
6973	746564
6564	79
207768656e	65766572
207468696e	6b696e67
20736872	696d70
207368	7574
207175657374	696f6e
206a	6574
20686572	62
2067	617370
20	69726f6e
7269	6c6c
6f62	79
6167	6564
4a	696d
20747269	70706564
20737472	616e676572
207370	756e
20736872	696e6b
2072657374	6c657373
206c	6564
20657863	697465
2064	65746572
20636f756e74	696e67
20636f6d706c	61696e
2062	756c6c
20446f	6c6c79
6f70	6c
6572	6f706c
656c	657279
6163	6865
4d	756d6d79
207765	696768
2076616c	7565
207468656d	73656c766573
207175	6974
20706f	656d
206d6f	6c65
20636f6d70617373696f6e	617465
2063	617365
2061	65726f706c
7370	6974
73706974	616c
7261	6765
6174	6573
47	697665
2076616c	75
207468	696566
20736f	6172
20706174	7465726e
2070	75727365
206d75	6c65
20686f	73706974616c
20676174686572	6564
20646973617070	6f696e
206465746572	6d
20636f7374	756d65
2063	6f62
6b65	6570
20796f67	757274
207368	617065
206e656564	6c65
20676c	6f7665
2062697264	63
6f	6c64
6e	616d
657373	6965
2077	696665
2073	69676874
20706c6179	67726f756e64
20637269	62
2063	656c657279
206269726463	616765
204275	7a7a
7374	616c
64	656c
6174	696e67
3f22	2e
20746f	65
207374	7265616d
207370696c6c	6564
207068	6f746f
207065	6172
206d6f746f72	6379
206d6f	64656c
206b6e	6f62
20696e74656c6c6967	656e74
20656172	73
206465636f72	617465
20637279	7374616c
204a696d	6d79
20706972	617465
206e756d	62657273
206e	75727365
20676f	6c66
2066656174686572	73
20636f6d70	7574
20636f	616c
20616e	6368
2061	78
6965	77
656e74	696f6e
2077616c6c	73
2076616c75	61626c65
2076	696577
20747261	696c
2070	6974
2070	616c
206d65616e	73
206c61756768	73
2067696767	6c6564
206564	6765
2065	6974686572
206469736170706f696e	746564
2062617365	62616c6c
20616e6368	6f72
2054	65646479
204b	696d
6f72	79
6e616d	656e74
66	61
61	76696e67
2122	2e
2074656172	73
207370696e	6e696e67
20736f6c64	696572
207361	756365
207061	6c65
206f72	6e616d656e74
206f	696c
206861	6d
20656e	63
2050	657465
7573	686564
756d	626572
626f	6479
616d70	6f6f
4d	72
20737765	61746572
2070	696e65
206c	696d65
2068616e64	6c65
20666973686572	6d616e
20637269	636b6574
205370	696b65
204c	6974746c65
7572	696e67
7175	6974
71756974	6f
6973	696f6e
207370	69726974
2073686f	636b6564
20736166	656c79
20707265	70
207065	65
206d	7567
2068	756e74
2068	6f6f6b
20666c65	61
20627573	686573
2062696b65	73
206178	65
2054	6f6279
2042	696c6c
7765	62
7370	6170
2079	6177
2077	697265
2070616c	616365
2070	6f72
206d	697474656e
206a75	696379
20686f74	656c
2068	697070
20636f62	776562
2063616e64	6c65
2063	757274
205065	6f706c65
7572	6368
7570	6572
73	717569746f
6865	6164
616368	74
2076	696465
207374	616666
207370	656172
20726f	6465
206e6577	73706170
206d6f	73717569746f
206d697373	696c65
206c65	617368
206579	65
2063757274	61696e
20636f6c6c	6172
20636f	696e73
2062616e616e	6173
2062	756d70
206165726f706c	616e65
2061	64646564
2046	6f
6b656570	6572
2079	61636874
20776970	6564
207374	756d
207363	726577
2073616c	74
20726f	64
2070726f	76
207061696e	746572
206d6174	74
206861	6c6c
2064	757374
20636f6f6c	6572
20636f6d707574	6572
20627574746f6e	73
20616c	61726d
7574	6573
72	6f6e
6465	7374
61	6974
2074	61736b
20737572	66
20737563	6365
20736c6964	6573
207368	6f7274
20706172	616465
2070	6c65
206f	616b
206e	61696c
206d65	616c
206d6167	617a
206c6162	656c
206974	73656c66
2064697374	616e74
20636f6d70	6c6574
206176	61696c
204f	4b
726577	6f726b
70	6172
6f70	746572
6963	6f70746572
6572	63
6174	656c79
20747261	70
20736f	6661
2073	75706572
207275	62626564
20706f6c	697368
2070656e6775	696e
206d696e	75746573
206d616e	61676564
2068656c	69636f70746572
206772616365	66756c
206669	7265776f726b
2066	6f67
20646973617070	6561726564
20637570	73
2063	61626c65
20626167	73
204d	756d
20756e6c	6f636b
207374	61636b
2073636f6f74	6572
207269	6262
2070726574656e64	696e67
207061	636b6564
206c69	65
2067	656172
2066616c6c	73
20647269	76696e67
20647265616d	6564
2063	6f6d6574
20617661696c	61626c65
2043	6c
7567	676564
74	696d65
72	6f7068
6c63	616e
20766f	6c63616e
207375636365	6564
2073746172	6564
20706170	657273
2070	756e
206d6f746f726379	636c65
206c69676874	73
206469	617279
206368	75726368
205472	7565
2054	77656574
204576657279	7768657265
7563	6574
75	656c
726f7068	6f6e65
69616e	6f
2c	e2809d
20737061726b	6c79
207365	706172
20706f72	6368
206661	75636574
206578	657263
2063686572	7279
206275636b	6c65
2062616e64	616765
2047	697665
2042	6f756e
72	69676572
7269676572	61746f72
6874	7562
6166	6665
27	64
20766f6c63616e	6f
207665	6e64
2076	69
207468	6f7365
207370	656c6c
207368	616d706f6f
20727562	626572
2072	6964
2072	616b65
206d6574	616c
206d65	61646f77
206d616b65	7570
206b696e64	6e657373
20687572	7279
2068697070	6f
206772	6f776c
2064657465726d	696e6564
2064	657373
20626174	68747562
7573	6961
7374	7269
6f6d	6564
68	75736961
63	696e67
61	6b6564
49	73
2073696c	766572
20736572	7665
20726f6c6c	696e67
207175657374	696f6e73
207069636b	696e67
2070	69616e6f
206f7267616e	697a65
206f66	74656e
206d696e	6572
206d617474	72657373
206d	656c74
20656e74	6875736961
20636f6c	6f7572
206368	61696e
2063	616d70
2062726f74686572	73
2050	697070
2050	616e6479
6c	746572
617370	6f6f6e
57	656c6c
53	6565
207465	6173706f6f6e
2074	756d6d79
207377696e67	696e67
20726566	726967657261746f72
206f62	6a656374
206e6f74	696365
206e657773706170	6572
206d6f	64657374
2067617370	6564
2067	6173
206578706c	61696e
20647265616d	696e67
20646973617070	656172
20626174746572	79
204c	6565
696c	6f74
6172	6f6f
616e67	61726f6f
57	616974
207472	6f7068
20736565	6d
20726573	63
206f	73747269
206e6574	776f726b
206d6963	726f70686f6e65
206c69	63
206b	616e6761726f6f
2067	756d
206372	616e65
20	6967
7a	6167
6c	6f6f
6967	7a6167
64	726f6265
6172	7279
2077696e	746572
20776172	64726f6265
2076656e64	6f72
2074616c6c	6572
20736b	697274
2073617573	616765
207269	6365
2072	697365
206f	6b
206e6f	76656c
206d757374	61636865
206d6167617a	696e65
206c6963	656e7365
206b6e	6f636b
206967	6c6f6f
2068756d	616e
2066616c6c	696e67
20656e63	6f75
20636c696d62	696e67
20626c	696e
6c6576	6973696f6e
4f	756368
42	7965
41	6c
2077616c6c	6574
2074726f7068	79
20736865	6c746572
2073	796d
207265	77617264
20696e	6b
20686174	65
20666c	6f7572
206172	67
205a	6f6f6d79
204a	6f
726963	616e65
6f63	6572
696e	6f636572
626f	6c
2076696465	6f
207665	696c
207468	72656164
207465	6c65766973696f6e
2073796d	626f6c
2072	6167
207072756e	6573
206c	756d626572
206a6f75726e	616c
206275	7279
20626f6f6b73	6865
7374	61697273
706c	6179
6c65	746f6e
6b65	6c65746f6e
6970	65
696e6f636572	6f73
20747261696e	73
20737475	64
207374726574	63686564
2073746570	73
207265616c	69736564
206d6564	616c
206d	6179
20696d70	726f
2068	6f757273
20646973636f766572	6564
20646973	706c6179
2063617264	626f617264
20626f6f6b736865	6c66
2062	656e74
20617474	616368
766572	7365
7265	616479
6574	7479
6163	686573
207377656574	6965
2073	6b656c65746f6e
206d	617468
206c	656e64
206974	6368
20696e	73
2066	6f75676874
20636f6f6b	696e67
2063	6f7264
20626565	66
2062	696379
20616c	7265616479
61	6964
52	65
4c	6974746c65
20756e	69766572
20737567	67657374
207268	696e6f6365726f73
206d6172	63686564
206a6f6b65	73
20696e	7365
2068	7574
20677261	7065
2066726f67	73
2064657373	657274
2063617374	6c6573
20626174	6865
75	6265
616e67	75
616b	79
207765	6570
20756e	7061636b
2075	72
2074	756265
207377	756e67
20737175697272656c	73
206f73747269	6368
206f6666	65726564
20647261	696e
206261736b6574	62616c6c
2046	726f
756d	6d6572
6f6d6574	6572
207669	6f6c
2073756e	736574
207374	61697273
207072616374	696365
207061636b	616765
2070	696c6f74
2068616d	6d6572
2064726177	696e6773
20626c61636b	626f617264
2062696379	636c65
204c	6f6f6b
2042697264	79
726d	6f6d65746572
6e	676572
69	756d
2076696f6c	696e
20746f	696c65
2074656c6c	696e67
20736e	6170
2072	6f74
207065	616e7574
2070617374	7279
206f70656e	73
206f	79
206e65	6174
206d65	6d
206d6174	63686573
206c	616e6775
20696e7365	6374
20656e6a6f79	696e67
20627269	636b
206170	726f6e
20616761696e	7374
204d	756d6d79
7374	6963
6c	696573
63746f72	79
47	7261
20706565	6b6564
206f6e	696f6e
206c69	70
20686f6c64	73
2068617070	696572
20666c	616d65
206661	63746f7279
20656e746875736961	73746963
20656172	6c79
20626c	6f757365
2062617468	726f6265
6174	757265
20747261	636b
2073686f	76656c
20736865	6574
2073	6f6e
20707265	76656e74
20706f	6b65
206f6e	6365
2066726565	7a
2066617374	657374
20657863697465	6d656e74
20636865	636b
206163636964656e74	616c6c79
205a	6970
2054	696e61
204865	7265
20	e280
20	6f77
7572	6564
756e64	7279
696e	6174696f6e
66	617374
63	6b6579
20746f696c65	74
20746f	6f7468
20736e	65
2072657374	6f7265
2072656164	696e67
2070696e	6368
2070	697065
206c61	756e647279
2068756e74	6572
20686f	636b6579
2068616e67	696e67
2066696e67	657273
2063616c6c	696e67
204a6f686e	6e79
6e	6579
696e	6573
207a6f6f6d	6564
20747275636b	73
20736b	756c6c
20726f	6f74
20706c6179	6572
20706174	6368
206a	756e6b
206578657263	697365
20646973	6167
20536e	6f77
706c	616365
697374	6f6c
686572	6f
6170	6f6e
20746865	726d6f6d65746572
20746865	61746572
207375727072	69736573
207375706572	6865726f
207374756d	626c6564
207374	61626c65
207368	616b696e67
207072657373	6564
2070617373	706f7274
2070	6f6e79
206b6e	65
2066696c	6d
2066	697665
2064697374	616e6365
20636f6d706c6574	65
2063	656c6c
20627265616b	66617374
69	656e6365
6368	616e
20736561726368	696e67
20706f	70706564
2070	6973746f6c
206f	617473
206c656d	6f6e73
206c6177	6e
2066	75656c
2045	6c6c6965
63	6f6d65
617a	6f72
4a	696c6c
207374	6f6d
206d696e6572	616c
206c697374656e	696e67
206a756d70	73
20666f6f74	62616c6c
2066697265	706c616365
206368	6173696e67
20626c696e	6b6564
2061646d	697265
2061	68656164
204d72	73
2044	616e
756d	62
6965	7374
6963	686573
6666	6963
6164	69756d
61	756c
2077616666	6c65
2074	656e
2073746972	726564
207374	616469756d
2073616e6477	6963686573
2072657370656374	66756c
206d6978	6572
2067	617a
20646f6f72	73
20636162696e	6574
2063	756464
63	75
44	6964
2073	7562
20706572	6d
206c65	6176696e67
20676f	616c
2067	72696c6c
20667265657a	6572
20616e79	776179
20616c6c	6f776564
20616c	697665
204a	617a7a
7374	6976
73746976	616c
6368616e	6963
63	617365
53	68
20747261	7368
207377	69746368
20726f	61726564
206e	6174696f6e
206d6f6e6b6579	73
206d65	6368616e6963
206d	756d6d79
206865	646765
206861	6e676572
2067726f77	696e67
20666f7267	617665
20666c	6f6f64
206665	73746976616c
206261726b	696e67
2062	696c6c
2053	6f70686965
2050697070	696e
204f	72
20426f756e	6365
2042	6967
7879	67656e
4a	6f65
2074	6970
2073706f	6b65
2073	756d6d6572
207265	7665727365
207065	656b
206d65	6174
2042	65747479
20416c	696365
77	61726473
6170	61
207768	6970
207275	6c6573
206d696e	74
206d657373	616765
206c616e6775	616765
20687572	726963616e65
20646f6573	6e
206368	6f7365
2062	65727279
7265	6e646572
6c65	6e64
696d	6e6579
6967	69
656d	656e74
62	6f6f6b
207665	7374
20756e	697465
2073747269	70
20737472	756767
20737469636b	657273
2073	656e74
20706f696e	74
206e6f7465	626f6f6b
206d	656e
206c6177	79
2068656c70	6572
20676972	61666665
20636972	636c6573
206368	696d6e6579
2063	7572
206167	726565
6c	61
696e	6365
207370	6f7274
20736e696666	6564
20706c616e	6574
206e	6174757265
206d65	6f776564
206c6f6f	70
206c65	616b
20696d6167	696e65
20656e	6572
2061636365	7074
79	656172
6b	69
6973	6f6e
6967	676c79
6172	69616e
616d	626572
4f	77
4a696d	6d79
207469676874	6c79
20736c	6970
2072656d	61696e
207265	6675736564
207261	696c
207061	6972
206f79	73746572
206d75736963	69616e
20696e76	697465
20636c617373	726f6f6d
20636172	696e67
2063	61726473
204275	7a7a79
76	696365
726f	64
6e	69676874
6c	6964
656d	656d626572
45	6d
2077696e646f77	73
2073746f70	73
207365706172	617465
2072696262	6f6e
2072	617a6f72
20707573	686573
2070616e	6963
206f62	736572
206d697374616b65	73
206d656574	696e67
206c6574746572	73
20686f	6c6573
20676c6f77	696e67
206375	6265
20616972	706f7274
2053	616e6479
204d	6172
6c6964	6179
6c656e64	6172
616e64	61
2077	696e65
207477	6972
20737562	776179
20736c	6170
2073	756464656e
2072	6163
2070726f7564	6c79
2070726f626c656d	73
20706f	707079
20706c65	61736564
206c65616e	6564
20696e74	726f64
20686f	6c69646179
2068616e64	6564
2067726162	73
20666176	6f7572
206368	616d626572
206361	6c656e646172
20627265	6174
73	736573
6e	6573646179
6564	6e6573646179
20796f67	61
20776970	65
20747261	66666963
207377	616d70
2073746f6d	616368
207374	616972
20736e6565	7a65
20726573	697374
206d61696c	6d616e
20696e63	7265
2066696e64	73
206661766f7572	697465
2066	7265
2064656c	6179
20636f77	73
2063617274	6f6f6e
20626f6f74	73
20626c7565	6265727279
2062696c6c	626f617264
2062656c6f6e67	73
206265	6574
2043	6f
74	65
696f6e	617279
696374	696f6e617279
6874	6572
65	62
63	617374
2079	69656c64
207765	61706f6e
20776172	6e
207374726177	62657272696573
2073616e64	63617374
2070	616765
206e	617679
206d696e	757465
206c617779	6572
206c617567	68746572
206b696e64	73
20696d70726f	7665
206361727279	696e67
206265	6570
206172	74
206162	6f7665
2050	6f6c6c79
204f	77
2041	7265
6f6c	61
20746f6d61746f	6573
2073616e64	626f78
2073	697a65
2064	696374696f6e617279
20636f6d	666f7274
20636f	70706572
20617070	6c
206164	76696365
205a	6f6f6d
6c	6f77
6563	61757365
63	6572
6179	616b
617374	6963
616c6c	6579
207472	616465
207465	617365
2072656d696e64	6564
2072656d	6f7665
2070756c6c	73
2070756464	6c6573
2070726179	6564
2070	6564
206b	6179616b
2066726f776e	6564
2062757474657266	6c696573
2062656574	6c65
2052	75
2047	696769
2045	6c6c79
6f6c	6f67
6c	75
6562	7261
6175	64
2076	616c6c6579
2073706f	696c
20736164	6c79
20706f	6b6564
206e616d	6573
206865	6174
20666f72	74
2066	696c65
20656e6572	6779
2064616e63	6572
20636c	696666
20627269676874	6c79
206170	6f6c6f67
2050	617061
2043	61726c
20	59
6f7265	73
6974	6174696f6e
6970706572	79
20746f6f6c	73
207368	6f6e65
20707269	6365
20706c616e	6573
206f	787967656e
2066726565	7a65
20666c	696573
206665656c	696e6773
2063726f7373	6564
20626f6f6b	63617365
20616e79	7768657265
2057	68657265
596f75	72
207a	65627261
20776172	6e6564
20746f726e	61646f
2074	7562
20737572	72656e646572
207371756565	7a65
20736c	697070657279
207368616b65	73
207361	76696e67
2072657363	7565
2070726f76	696465
206b6e65	656c
206578	74
2065	76656e74
206465	6172
20636f756e74	7279
206368616972	73
206365	696c696e67
2063616e	65
2057	65646e6573646179
2042	6573736965
7573	6965
6e	61
696d	6564
6368	616972
20776173	7465
2073616e6463617374	6c65
207265706c	616365
2072	7573686564
206f	6c697665
206e6f	626f6479
206c696f6e	73
206c69	766573
206c	6964
20696e63	6c75
696e	617269616e
6874	726179
65746572	696e617269616e
656c	636f6d65
4e	657874
20736f6674	6c79
2072657065	6174
207261	697365
20706f	69736f6e
2070	61676573
206c69676874	6e696e67
206c6574	74696e67
206b656570	696e67
2067	726f
2065786369746564	6c79
2064	617265
2061	77
2046726564	6479
2042	696e6b79
20	56
6f72	6765
6865	7374
65	6f726765
65	6572
4d	617279
20736f756e64	6564
20726567	726574
20706c	6173746963
206f6c64	6572
206d7973746572	79
20667265	7368
20636f75	72616765
2062656c6965	766564
206173	6874726179
206170706c	617564
205370	61726b
6767	79
6572	6f
61726c	6965
61	7070696e67
59	6179
2076	65746572696e617269616e
20747265	6d
20736f6d65	7768657265
2073686f7574	73
207365	6173
207265	7665
206d65	6173
206d61	7373
20696d6167	696e6564
2067	61696e
20657874	7261
2064656c69676874	6564
20636f6c6f7572	66756c
2063686f	696365
20636869636b	656e73
206368	6f726573
20627265616b	73
20626c6f77	696e67
2061726d	6368616972
2057	6967676c79
2050	61756c
204e	657874
20476f	64
6b	79
696e64	656572
617572	616e74
59	75636b
44	61697379
2073756767657374	6564
2073746172	7473
20736f	636b73
20736d656c6c	73
20736b	696c6c
2073657474	6c65
2072657374	617572616e74
207265	696e64656572
207265	6365
207261696e	6564
2070726570	617265
2070	69746368
20636f6e74	656e74
20617267	7565
20477261	6e647061
6e	6f6f6e
6c65	78
636f6c	69
63	636f6c69
57	696c6c
51	75
41	6e6e
20736e6565	7a6564
20726f6f6d	73
2072657665	616c
206d79	73656c66
206c61	736572
206166746572	6e6f6f6e
2046	6c
6865	617274
6563	746564
207765	6174686572
20747261	636b73
207468726f77	73
207072696e	7473
2068656164	73
20646973	686573
2055	6e646572
74	61696e
7065	656479
6f67	6e
67	6965
20736872	7567676564
20726563	6f676e
207175	697a
2070657266	756d65
2070	616e6461
206d	656e74696f6e
20696e76	69746174696f6e
2068617070656e	73
20666c6f	6174
20656174	656e
2063686577	6564
2057	6f756c64
205374	65
2053	75
2045	6e64
2042	6f77
76	6574
7363	6f7065
73	697479
726f	73636f7065
6375	7373
207772	6974696e67
207468726f77	696e67
2074	6178
207377656574	6865617274
207374	79
2073706f74	73
2073686f77	6572
2073	696768
2070757a7a	6c6573
20707573	68696e67
2069676e	6f7265
20677261	6e64
2067696767	6c65
20656e64	6564
20646973	63757373
206265	6e64
2052	6f
204d	65
2048	6f707079
20	78
656e	7279
6163	6174696f6e
4e	6f74
2076	61636174696f6e
20746f	7572
20746178	69
20736869766572	696e67
2073	756666
206865	6e
20666f6c6c6f77	696e67
20656e74	6572
206368	616e6365
2062756d70	6564
20626f756e	63696e67
206261726b	73
204c	696c6c79
7563	74757265
717565	616b79
616e	61
4d	61726b
207468616e6b	73
20737472	756374757265
20736f	696c
20726964	696e67
206c656d6f6e	616465
20696e73	6973746564
20666978	696e67
2064	656d
20636f6174	73
20636172	6564
2062656c	6f77
206265616e	73
204d	696b65
75726e	6974
75726e6974	757265
6966	6f726d
68	61707079
6163	6b6564
20796177	6e6564
20756e	69666f726d
20737469636b	6572
20737465	616d
2073686f756c64	6572
207365	77
2073636f	6c64
2070756e	697368
207072696e	746564
20706c	61636564
206d	616c6c
20696d7072657373	6564
2068756e	67
20686f70	696e67
2066	75726e6974757265
206578	70656374
2064656570	6572
206265	67
2055	6e
756767	616765
6c	6f6f6b
69	6b69
68	6963
6167	676965
43	68
41	6c6c
207665	686963
20756e	6861707079
207472757374	6564
207370	616465
206f70	657261
206d697373	696e67
2064657374726f79	6564
20636170	7461696e
2062726f	63636f6c69
726565	6b
696e	6b696e67
69	7070696e67
616e67	6573
5265	616479
446164	6479
207765	69676874
20737061726b	6c6564
2072616e	6368
206c	756767616765
206a6f67	676564
20657870	6572
20636c61	77
2063686565	6b
2063616e64	6c6573
2063	7265656b
206275726e	6564
6f7474	656e
6f6d	6d
6f6d6d	656e64
6c6f6f6b	696e67
6c	70
6563	74757265
6174696f6e	73
6173	6973
6172	6e74
22	2c
2076616e	6973686564
2073636174746572	6564
207363	6f7265
20726563	6f6d6d656e64
20706172	7473
2070	6f7274
206d6963	726f73636f7065
206c65	61726e74
206c	656374757265
206a	61696c
2068696c6c	73
20636865	636b6564
20627269676874	6572
205768656e	65766572
2050	72
2048	617665
2045	76656e7475616c6c79
6e	6365
6563	74696e67
636f	6e64
57	656c636f6d65
4265	666f7265
42	75646479
416c	696365
207768697374	6c6564
2077	696767
2076	726f6f6d
20737469636b	79
20737465	656c
207365	636f6e64
206f	61736973
206c	75636b
206576656e	696e67
2065	7175
206368	697270
206275	72696564
20626164	6c79
206261	6b696e67
2053	7065656479
2050	656e6e79
204f	6c697665
204865	6c70
2043	6865
7765	656e
7574	6f72
7563	6b6564
7269	616765
207768697370	6572
2074	75746f72
207370726179	6564
2073706c6173	68696e67
20736f72	74696e67
2073	6972
20726163	696e67
2072	757368
207072756e	65
20706574	616c73
207061	6964
2069676e6f72	6564
20686f70	6573
206865	656c
20656173	696c79
20636c61	7070696e67
20626574	7765656e
2053	6d
204c	6f6c61
2049	73
2046726f	676779
6c61	696d6564
68	6f6f64
67	6573
207472656d	626c65
2073757070	6c79
2073747265	6e67
20736e	61696c
206d617373	616765
206772	616e74
20657863	6c61696d6564
2064	61697379
20627269	636b73
7563	74
726564	69656e74
696e67	72656469656e74
6172	69
20737479	6c65
2073656174	73
207072696e	746572
20696e74726f64	756365
20677265	656479
206672	6f
2064656d	616e64
20636f756e74	6572
2062	6f74686572
20616c6c	6f77
205768	6f
2053	75736965
2053	717565616b79
20	696e6772656469656e74
72	696e67
697a	6573
6970	6d656e74
6572	6174696f6e
546865	7365
20e280	93
2079	75636b79
20776167	73
207570	737461697273
207468	756d62
2074	7567
20737472656e67	7468
207368696e	6564
2073656c6c	696e67
207261696e	696e67
207175	697465
20706f696e	7473
20706c	61746573
207065726d	6974
206a6f67	67696e67
2068757274	696e67
20666f6c6c6f77	73
20657175	69706d656e74
2052	656d656d626572
75	6573646179
72	69676874
6964	6573
65	66
4a	656e6e79
42	656361757365
207761	76696e67
2077	7265
20746f	6e67
207465616368	696e67
2073686f70	6b6565706572
2072	6f77
206d6172	7269616765
206d6172	626c65
2066616c6c	656e
206561676572	6c79
20637574	74696e67
206375	62
20636c6177	73
206275	7a7a
206265617574	79
2062616c	616e
206170	617274
2054	756573646179
204b	696b69
20	0a
75727072	697365
717565	7374
697474656e	73
656369	616c6c79
4d	696d69
42	656c6c61
20776f726d	73
207665686963	6c65
2073746172	74696e67
20736f	63
207363	6f6f70
206d6f7665	73
20696e6772656469656e74	73
20696e637265	617365
2066616d	696c
206578706c6f72	6564
20656e74	65726564
2064	7572696e67
20636c696d62	73
2062656172	73
7370	656369616c6c79
726565	7a65
7265	6174
70	746564
6963	6572
656e74	73
42	6c
207a	69677a6167
20776172	6e696e67
2074	756e61
2073747564	696564
20736f63	636572
2070726573656e74	73
2070	7570
20666f6c64	6564
20666c6f	61746564
20666c	6170706564
20636f6e	66
2063616b65	73
20626c7565	62657272696573
2062	616b
2061646d	69726564
204f77	6c
2044	617665
6d	656e
6170	6564
477261	6e646d61
20776f726b	73
207572	6765
20746f6e67	7565
20736f	616b
20736c	6170706564
20736372	61746368
207361696c	696e67
207265	7175657374
206f70	65726174696f6e
206f62736572	7665
206f	68
206d656e	75
206578616d	696e65
2065	7370656369616c6c79
2064726f70	73
2064696666657265	6e6365
206272656174	6865
20626c	6f6f64
206167	7265
2054	696c6c79
204e	616e61
2046696e	6e
2041	6c6578
757274	686572
7468	616e6b
72	697365
6d6564	69
6d656469	6174656c79
62	6f72
53	75727072697365
4c	656f
46	726564
20777265	636b
20776173	68696e67
20756e69766572	73697479
20747261	7665
2074	696465
2073747269	6b65
207175696574	6c79
206f72	616e676573
20686172	626f72
205368	6172696e67
2053	6565
205275	6279
204c	697a7a79
20477261	6365
2046696e	6e79
76	61
73	686564
7265	73736573
7261	676564
6174	6965
20736f6c	766564
20736e	6170706564
20736b696c6c	73
207265	6163686573
20707574	74696e67
20706c616e	746564
20706967	73
20686967	68657374
20686164	6e
2068	6f6e
206769	76656e
20666f7267	6f7474656e
2066	757274686572
206578706572	69656e6365
20617474	6163686564
204b	617465
20436f	636f
204368	61726c6965
7175	616b65
6f6d6564	6179
64	6f
2e	2e
207a	65726f
20776f72	7468
2077616e646572	6564
207265	6566
20706c616e	6e6564
207065	61726c
206d616e	616765
206d	6973746572
20696e	7374
20686f72	736573
2067696674	73
206472657373	6564
20637572	6c6564
20636f6d	66
206272	696e6773
2054	6f746f
204d	697474656e73
204d	696c6c79
204c	65
204576657279	7468696e67
73746572	646179
7374	657273
6d	6d
69	707079
65	73746572646179
6174	63686564
57	6f6f66
45	6c6c61
207761746572	6564
207477	6973746564
2073756e	72697365
207371756565	7a6564
207370	696b65
2073657474	6c6564
2073656173	6f6e
207265	6c65617365
20706c6179	73
2070617374	656c
206e6569676862	6f7572
206c69	636b73
20656e636f75	72616765
206561727468	7175616b65
206361746368	696e67
2053	6b79
2052	6f73
756e	6174656c79
65	617468
6374	696f6e
63	657279
52	656d79
4576657279	6f6e65
27	7665
2077656c63	6f6d6564
207765	7374
20736f72	7473
20736e	756767
2073686f7574	696e67
2073	6f6d65646179
2073	697a6573
207065616e7574	73
206e6577	73
206d	696365
20696d6167	696e6174696f6e
20696465	6173
2068656172	7473
2067726f	63657279
2066697265	6d616e
20656c657068616e74	73
2062	6f6e6573
20617070	656172
2048	6f
204275	62626c6573
73	6564
6f72	696573
6f72	6564
207a6f6f	6b6565706572
20776f72	7365
20746f	6e69676874
20736f72	746564
20736c6964	696e67
20736974	73
20736865	64
2073	696e6365
2072656d	61696e6564
2070756c6c	696e67
2070726574	74
206d656d	6f7279
20696e	66
20696d	6d6564696174656c79
20696d	616765
20656d	6572
20637261	7368
2063616c6c	73
20617474	656e74696f6e
2061636365	70746564
204d	696c6c
2047	6f6f64
79	7468
456d	6d61
426c	7565
20796177	6e
20756e69766572	7365
20756e6465727374616e64	696e67
2073756666	6572
207368	6f74
2073636f6c64	6564
2072	756c
20706f7461746f	6573
207065	6163686573
2070	7572
206f7572	73
206c616e64	73
2067726f776c	6564
20676c	6f
206669656c64	73
2064	72696564
20636f6c6c656374	696f6e
206261636b	7061636b
20466f	78
204265	666f7265
2041	626279
7570	73
756e64	6179
6973	696e67
62	6c6573
6164	6564
546f	646179
48	61
207768697374	6c696e67
20776167	67696e67
2074	75636b6564
20737472	6f
20737465616c	696e67
20736565	696e67
2073	69
206c	756e67
20676c6f	766573
206469736167	72656564
20636f6c	6f757273
20636c6f7365	6c79
2063656c656272	61746564
20626c616e6b6574	73
206261	6b6564
20536d	697468
2053	756e646179
2052	6564
2052	6179
2048	656e7279
2047	656f726765
6973	736573
697272	696e67
69	656e
207a	6970706564
20746f	6573
207374756666	6564
2072696e67	696e67
20726162626974	73
207061	75736564
206f6666	6572
206d7573	636c6573
206d656c	746564
206c65	6174686572
206b696e67	646f6d
206b69636b	696e67
206b	6973736573
206973	6e
20656173	696572
206163	746564
2050	6174
204d	6167676965
2042	6f70
2042	616279
797468	6d
73	696e67
72	72
696e64	79
57	697468
50	65746572
4c	697361
20776973	646f6d
2074617374	6573
207370	6974
20736f	616b6564
2072756c	6572
2072616e	67
20706564	616c
207065	62626c6573
206d656d	6f72696573
206d656173	75726564
206d	616d61
206b6974	6573
20696e636c75	6465
20686974	73
2066697265	66
20646f776e	737461697273
20627265	616b696e67
20626f756e	6379
205a	69677a6167
205a	617261
20536e6f77	79
2045	616368
6f70	73
6974	6573
6963	696e67
6574	6368
65	6570
6162	696573
4f	6b
2077696e	6e696e67
2074776972	6c6564
20746f	7265
20736e756767	6c6564
20736e6f77	62616c6c
2073686f756c64	6e
2073686f	7070696e67
207261	69736564
207175	61636b
2070	616c6d
206c616e64	7363
206b	69747479
206769726c	73
2066616d696c	696573
20656e636f75	7261676564
2064	61726564
2063726177	6c696e67
20627261	696e
2062	6c65
2062	6162696573
20616c	7269676874
2061636f726e	73
2053	756e
20526f73	6965
2050	6970
204d	6f
204a	657373
204a	616d6573
2048	6f7065
20466f	6c6c6f77
2044616e	6e79
20436c	617261
2042	6565
6973	68696e67
6970	73
6964	73
666f7274	756e6174656c79
656c6c	65
2077616974	73
2077	6f62
20756e6c	6f636b6564
20747265	6d62
2074616c6c	657374
207374	697272696e67
20666c6f	6174696e67
20666c	6170
2063686577	696e67
2063	617065
206272	7573
2062	7265657a65
205a	6f65
2053	6c6f77
77	616c6b
756d	6573
6c	6572
6973	646f6d
6574	79
6464	79
64	696e67
6176	6964
616c6c	656e
57	6f756c64
20776f6f64	656e
207374756479	696e67
2073696465	77616c6b
2072657374	696e67
20706c6179	74696d65
206f70	696e
206e	617070696e67
206d6174	63686564
206d6172	72696564
206c6970	73
206b6e65656c	6564
20696e7374	72
20686572	73
2067617a	6564
2066697265776f726b	73
206578	6974
206368	616c6c656e
20626974	6573
2062	616e67
20616d617a	656d656e74
205375	7a79
6f72	746564
6963	6f726e
4d6f6d	6f
207765	62
20776174	63686573
20756e	69636f726e
207472656d62	6c696e67
20737572	726f756e64
2073747261	69676874
2073696c	656e6365
20736572	766564
20736166	657479
20736166	617269
2072656c6178	6564
207265636f676e	697a65
2070756e	6973686564
2070	6164
206f7264	65726564
206c	696e6564
206772	696e
20666c	6174
20656d6572	67656e
2064	726573736573
20636f7374	756d6573
2054	6f6e79
2052	6f636b
75	7a7a
72	616e6b
6b	696e73
697a	696e67
68	6f757365
61	766564
42	697264
2077696e	6e6572
20766973	69746564
2076616e	697368
207572	676564
20736973746572	73
20736861646f77	73
2073	6970
20706972	61746573
2070696e	63686564
2070696c65	73
20706574	746564
206c69	636b
206c616e647363	617065
20696e66	616e74
206372656174757265	73
20626c65	6564
20537465	7665
205065	616e7574
2048	61727279
20	5175
74	686572
7265	63
706c	617368
6972	7473
696767	696e67
5468616e6b	73
2e	27
21	27
2077656570	696e67
207765	6967686564
207472656173757265	73
20736e65	616b
2072656365	697665
20706f656d	73
20706574	73
206d61726b	73
206c61	6964
206c	696c79
20656167	6c65
206469736167	726565
20626564	73
206265	617264
20617070	726f
7368	696f6e
726563	69
6974	696573
697368	79
53	70
53	6f70686965
2077	696e6b
20766f696365	73
207477	696e6b
207374	69746368
2073706f6f6e	73
207370656e64	696e67
207369676e	73
20736574	74696e67
207268	7974686d
2070657266656374	6c79
206e6f77	68657265
206d6f757468	73
206d656e74696f6e	6564
206c	696d6573
206a	617a7a
20696d706f7274	616e6365
20687572	72696564
2068617070	69657374
2067	757374
206661	7368696f6e
20657363	61706564
206465636f72	6174696f6e73
2064	696767696e67
206372	756e6368
206272617665	6c79
20617070	72656369
2061646d	6972
20546865	7365
20526f62	6279
205072	696e
204e	6f74
204c	61746572
756464	6c6573
72	73
6f72	616c
6f	766564
6973	686573
6163	6f62
4a	656e
2122	2c
2077616666	6c6573
207761	697374
20737472	616e67
2073	6978
20726f6164	73
20726573	756c74
207061747465726e	73
206e	6f6e65
206d75	646479
206d6f6d656e74	73
206d6978	696e67
20666f7267	69
206578	706563746564
20656d657267656e	6379
206472	696e6b696e67
2064	697265
20636172746f6f6e	73
206279	65
20626568	61766564
2057	6973646f6d
204d6172	6961
204d	656c
204d	616e6479
204a6f65	79
2043	7564646c6573
2043	6172
6f79	73
6f6d	6173
697374	656e
69	657273
6865	6c6c6f
6368	6965
616e74	6c79
616e	6e79
59	756d
48	61707079
426f62	6279
2076	6574
207468	72696c6c
207269	70706564
2070726570	61726564
207068	6f74
206c6574	73
206b6e	6f776e
206775657373	6564
2066	65746368
206472696e6b	73
2064697374757262	6564
206465636f72	61746564
2063756464	6c6564
206272	6964
20626f	6f6d
2061706f6c6f67	697a6564
2061677265	656d656e74
2057	61746368
2057	616c6c79
20536f6d6574	68696e67
204f	7574
204c	697a
204b	696e67
204a6f	7368
2048	6f70
2044	6964
2042	6f7468
7a	656e
6c	766574
63	6f6f6e
6172	7468
61	6c6573
456d	696c79
44	6f67
207665	6c766574
20756e646572	67726f756e64
20737472616e67	657273
20737072	696e6b
20736f6c64	69657273
20736b	697070696e67
20736372	75
2072657065	61746564
206f7572	73656c766573
206b6e69676874	73
206b656570	73
206865	73
2067	61696e6564
2066726f	7a656e
20646164	73
206372756e6368	79
20636c65	6172696e67
206368616c6c656e	6765
206275726e	696e67
206275696c64	696e6773
2062726964	676573
20626f77	6564
2042	7567
2042	6f
75	64
7373	69626c65
70	6c65617365
656e	61
64	6564
54	72
53616d	6d79
4a6f686e	6e79
416e64	79
2077696767	6c65
20736c	696365
207363	6172696e67
20726f6f74	73
2072657374	6564
2070686f74	6f73
2070	7261
2070	696573
206c	696e6573
206b6e	656c74
20666973	68696e67
2063726162	73
20637261	73686564
20626567	676564
206265	6174
2054	6564
205374	69746368
204b	61746965
2042	726565
7665	7374
7368	6970
6974	69
696e	6f
696e	696e67
69	766564
6374	6c79
4d	6f72616c
4d	697373
20776f6e646572	696e67
207761726d	7468
207468	72656174
20736f	7265
2073637265616d	73
20726f	706573
206f70696e	696f6e
206c6f67	73
206c69	6564
206772696e	6e6564
20676f6c64	656e
20676f	616c73
2066	6564
20636f70	79
20636f6c6c	656374696e67
20636f6c6c	6563746564
2062726f	6f6d
2062656e	65617468
20536f	66
204c	6f75
2046	72616e6b
2044	617265
20436174	7479
78	74757265
76657374	6967
74	6f7279
6f6d	696e67
6f67	6f
616e	746564
616b65	73
476f6f64	627965
44	75636b79
43	6174
207772	69746573
20747261	70706564
207465	7874757265
20737472	696e6773
20737061726b	6c696e67
20736f	61726564
2073686f756c64	657273
207065	656c
206f6c697665	73
206e6f	6f6e
206d756666	696e73
206d65	6f77
206d61726368	696e67
20696e	766573746967
20686973	746f7279
2068657262	73
2065	6666
20647261676f6e	73
2064	6f74
20636f6d66	79
206272	7573686564
20616e	6e
20616c	69656e
20537061726b	79
2050	696e6b79
204d697373	696c65
204d696c6c	6965
2048	656e6e79
2048	61707079
204265	696e67
20416c	77617973
7a	696e67
77	68
7565	7374
75	6b65
6f73	6564
6d	6f74686572
6c	696572
656c	766574
6368	6f6f
6164	6f73
57	61746368
5265	616c6c79
50	6f707079
45	76656e7475616c6c79
20776f6e646572	73
2077656172	73
2077	6564
207465	6173696e67
20737465	6570
20726164	6973686573
2070617274	696573
206e65696768626f72	686f6f64
206d6172	626c6573
206c6f6f	7365
206974	656d
20696e766573746967	617465
206772	616e746564
2064726177	73
20646f67	6779
20626c	696e6b
206265	616d6564
2062616c616e	63696e67
2061766f63	61646f73
206167	6f
2054	697469
205374	6f70
2053	706c617368
204974	73
20446f	646f
204368	69636b
20416e6e	6965
e2809d	2e
756c	70
75	7279
6c	6f65
6262	696e67
53	616e6479
4d	6d6d
4a	616d6573
42656e	6e79
20e280	98
207472617665	6c6564
207468656972	73
2073757070	6f736564
20737469636b	696e67
207374616d70	73
207374	696e67
20736e616b65	73
2073637275	62626564
2073637265616d	696e67
2073	696d
20726f	6172696e67
20726573	70
2072656d	6f766564
20707261	69736564
2070656e63696c	73
20706564	616c73
206d6f6e	7374657273
206d61	73746572
206c6f	76696e67
20696e	6368
206865616c	6564
2068656164	6564
2067617a	65
2067	75657374
20656666	6f7274
2065	617374
206372	6f77
206368697270	6564
206275636b6574	73
2062727573	686573
20617070726f	6163686564
20616e7377	657273
20616374	6976
204d	6f6f6e
204d	6f6e
204d	6179
2041	7661
6d	617265
6963	61
68	696e64
6177	73
6167	756c6c
55	6e
5368	68
45	78
42	6f6f
2074776967	73
207477	696e
20746872696c6c	6564
2074656163	686573
207377696d	73
20736c	696d
2073696d	706c65
207365	6167756c6c
2072657665616c	6564
20726566	75
2072656365	69766564
20706f6c	6973686564
206e69676874	6d617265
206e	69636572
206d656c74	696e67
206d61746368	696e67
206b696e64	6c79
206a6f	6b696e67
206a6577656c	73
206775	79
20677265	79
2064656c69766572	6564
20636f6e74696e	7565
20636f6d706c61696e	696e67
20617267	756564
20617265	61
2061	7765
2056	656c766574
2054	756e61
20536f6d65	6f6e65
2053	6164
204a	61636f62
2043	7261
2042	6f6f
78	757279
75	78757279
6f73	697479
6d	696573
6a	616d
696e	74
6966	69
6865	65
6176	69
616c6c	6f77
61	68
4f	6c6c6965
207a6f6f6d	696e67
2079656c6c	696e67
207768657265	766572
2074726970	73
20747269	636b6564
2074	7567676564
207377656574	696573
20737472756767	6c65
20737061726b	6c65
20736e65	616b6564
20736c696d	79
20736563726574	73
20736166	6572
2070726f76	69646564
20706f74	73
20706172	6b6564
206d6f756e7461696e	73
206d61676e6574	73
206b656570	6572
20686973	736564
20676c6f77	6564
20676174686572	696e67
206661	636564
2064657374	696e6174696f6e
206368656572	696e67
2063616e64	696573
2063	726577
2062616b	657279
20616374	75616c6c79
2046	69727374
2045	61727468
2044	61766964
7574	746572
7070	657273
6f75	6368
6f72	61
6573	6f6d65
4a	6f
2077696e64	79
20776564	64696e67
20746f756368	696e67
20737472756767	6c696e67
2073747269	706573
2073686f6f74	696e67
20736372	617463686564
207363	7572
2072657374	6f726564
2072656d	6f7465
207265616c	697a65
207265	6c65
2070616e	73
206f776e	6564
206c656164	6572
2068	697474696e67
20656174	73
20656172	6c696572
20646973636f	76657279
206461726b	6572
20636f6e74	657374
20636c6170	73
206177	65736f6d65
2061646d6972	696e67
20526f	766572
2052	65
204b	696473
2046	7269656e64
2044	75636b
2044	696e6f
2043	696e6479
20	596573
20	4f6e6365
75	6573
7363	7265656e
70	6965
6c	73
69	616d
68	61
64	696573
616e67	696e67
616d	6965
54	696e79
54	696d65
52	6f62
52	6f
43	6c
20776f726b	6572
2076616c	756564
207475726e	696e67
20746f	7373
207469636b	6c65
2074	696d
20736974	75
20736872	7567
207275	6c65
2072656675	7365
207265636f7264	6564
2070726179	696e67
207072	6f70
20706f6c	697368696e67
206f70656e	696e67
206f6e	7761726473
206d656173	7572696e67
206d616e	65
206c6f6164	6564
206c	7578757279
20696e73	697374
20686f726e	73
20686573	6974
2068656c6d6574	73
206861	746564
20666f6f64	73
2064757374	79
20646573	6572
20646563	69646573
2064	696564
20637265	61746564
20636174	63686573
206265	73696465
2062	617265
2054	77
205370	72696e67
20536c6f77	6c79
20526f636b	79
20	58
757374	79
756374	696f6e73
697373	696f6e
69	6172
67	6f
63	7573
62	7567
62	616e64
617261	776179
616e74	61
5768	69736b657273
47	656f726765
2e2e	2e22
27	2e
20796f75	7468
20776173	746564
20737765	6174
20737472756767	6c6564
207370726179	696e67
207369676874	73
2073696768	73
207369	72656e
207368	6f636b
207365656d	73
2073636f6f74	657273
2073617573	61676573
207265636f676e	697a6564
2070726f	6a656374
20706f	6b696e67
2070696c6c6f77	73
206f	6265
206e6569676862	6f7273
206c616479	627567
20696e737472	756374696f6e73
2068617264	6c79
20666c	6176
2066656564	696e67
2066656172	73
2066	617261776179
20637574	73
2063757368	696f6e73
20637265	6174696f6e
20636f6e	6573
20636865	66
2063	6f756768
206272696e67	696e67
2061707072656369	617465
20616972	706c
205175	69636b
204c	756b65
204c	75636b79
204c	656e6e79
204a	6573736965
2049	7a7a79
2046	696669
20426c	696e6b
2042	7965
2041	6e
2041	6c6c79
7a	6965
756c	6965
7363	696e
6e	657273
6c	696374
6973	7479
6967	6779
636f6d	706c
62	6967
6179	73
6173	686564
616666	6573
52	656d656d626572
4d65	6f77
46	69727374
44	7572696e67
207765656b	73
2077616e74	696e67
2077	697a
2076696c6c	6167
207472	61646564
20746f	6464
207465616d	776f726b
2074616c	656e74
207461696c	73
2073756363656564	6564
2073747564	656e7473
2073747265746368	696e67
2073746179	696e67
20736e65	616b79
207363	616c6573
20707570	696c
2070726f74	656374696e67
2070726f70	6572
207072657474	69657374
207065726d	697373696f6e
2070656172	73
20706179	696e67
2070617469656e74	6c79
207061696e74	73
206f7267616e	697a696e67
206f6265	79
206f	6174
206e65696768626f7572	686f6f64
206d	6573
206c6561726e	73
2068	69
20676972	6166666573
206672	6f7374
206661	7363696e
206578616d	696e6564
20636f6e66	6c696374
2063656c656272	6174696f6e
20626c6f77	73
20626c6f6f6d	696e67
20626c6f6f6d	6564
20626c656564	696e67
20626564	74696d65
2062616b	6572
206177	616b65
2053	616e7461
204b	656570
2047	6f676f
20	31
6a	6f
6964	657273
6572	6e
656e74	79
656d	62657273
626967	61696c
62	6f6f
61	73746572
61	61
5a	6f6f6d79
5472	7565
52	6578
50	657465
4a	616b65
45	77
20756e74	6965
207477	69737479
20746f6464	6c6572
2073746172	66697368
207374	617265
2073706c6173	686573
207370696b65	73
207370656c6c	73
207370616365	73686970
20736d616c6c	657374
2073636f6f70	6564
2073	696e6773
2072696262	6f6e73
2072656d	656d62657273
2072656c65	61736564
20726566	7265
207175	61636b6564
20707265	63
207072	696465
207061696e74	696e6773
206f6666	69636572
206d7573	636c65
20686f6e	6b
2067756e	73
20676c	6974746572
2065	69676874
2064696e6f73617572	73
20637265	7074
20636f6d70	6c65
20636f6d	6d
2061706f6c6f67	697a65
20616374	696f6e73
20616374	696e67
206163	636f6d706c
2057	61746572
205468	6f6d6173
205065	70706572
204d	6f6f
204c65	617665
204a656e	6e61
20486f	70706572
2047	72
2046726f	67
2044	72
204368	6c6f65
20	51
756c	7473
756374	616e746c79
7175	697272656c
6f72	6473
6c65	7473
68	6f
6564	73
6164	73
61	63746c79
54	65646479
5374	6179
4d72	73
48	617665
46	6f
42	6164
2079	6573746572646179
207669736974	696e67
2076	696374
2074756e	65
2073756e	6c69676874
207374	65726e
20736d696c65	79
207368	69727473
2073636174746572	696e67
2072657363	756564
2072656d696e64	6572
2072	696e6773
2070726f74	6563746564
206e61696c	73
206d697373	696f6e
206c6179	696e67
20696e76	6974696e67
206865726f	6573
20676f6f64	6e69676874
2066726f7374	696e67
206669726566	69676874
20647269	766573
2064726167	676564
206469	76696e67
2064	6965
20637562	6573
20636f766572	73
20636f6e74	61696e
206368	616e67696e67
2062757a7a	696e67
2062616c616e	636564
20616e6e	6f79
20526f62	657274
20526f	6c6c6965
205072696e	63657373
204d65	67
204d6172	6965
204c	6f7665
2048	69707079
2047	6972
204576657279	646179
2045	6c657068616e74
2041	6d
756d	626c65
7565	656e
7374	6570
7269	616e
6e	696573
6a616d	6173
69	6262
616e	6e61
54	77656574
5374	65
4c	756e61
41	63686f6f
2077697a	617264
2077696e	73
2077	6f756e64
2076696c6c6167	657273
207573	75616c
207472	75
2074696d	6572
207469636b6574	73
20737572726f756e64	6564
2073746f	6c65
2073706f7274	73
20736869766572	6564
20736164	6e657373
2073	656e7365
20726f636b6574	73
2072656c	756374616e746c79
207265636f7264	696e67
207072657474	696572
2070656e6775	696e73
207065	7070657273
207061636b	696e67
2070	61757365
206d61736b	73
20696e74726f64	7563
2068656c70	657273
2066726f	7a65
2066697265	6d656e
20666967757265	73
206578706c6f7265	7273
206578	6163746c79
2064656d616e64	6564
2064	616d
20636f6d70	616e79
2063	6f7573
2063	616c
20626568	617669
206265	616473
2062617265	6c79
206261636b	77617264
206170706c617564	6564
206163746976	6974696573
2061	63686965
2053	7175697272656c
2051	7565656e
2050	6f
204a	696c6c79
2047	6574
20427567	6779
72	616e6365
6972	6d
64	616d
62	6c
616e	6965
55	68
53	6f6d6574
52	75
4f	7572
4f	6f7073
4d	6172
44	617665
42	757a7a
2077686f	7365
2077686174	65766572
207761726e	696e6773
2076696374	6f7279
2076	696e6573
2076	656e74
20756e	69746564
20756e	66
20747275	6c79
207472617665	6c6c
207465	61736564
20737472	75636b
20737072696e6b	6c6573
20737061726b	6c6573
207370	696e73
207370	6964657273
20736e6f7762616c6c	73
207365706172	61746564
207365	76656e
2072657175657374	6564
20726570	6c79
20726566	6c65
207072696e6365	73736573
2070726563	696f7573
207065	6173
2070617373706f7274	73
207061	6a616d6173
206d6973	736573
206c656164	696e67
2069746368	79
20687567	67696e67
20677579	73
2067726f7570	73
206772616e64	6d6f74686572
20676c	6173736573
2064	6970706564
20637261	636b6564
20636f6d706c	61696e6564
20636c	69636b
206361	75736564
2063	61757365
20626c6f636b	696e67
20626974	696e67
2061727269	7665
20616e79	74696d65
2059	6573746572646179
2054	7572746c65
2054	617261
20536e6f77	6d616e
2053	757265
2052	6162626974
204c	696b65
204a657373	696361
20486f	6f74
20476972	61666665
2047	7265656e
20467269656e64	73
20466f	7879
2045	6e
20436865	7373
2042	79
2042	61727279
75636b	696c79
72	696e6b
6964	696e67
6375	7365
6172	746572
616e	6573
556e	666f7274756e6174656c79
53	696c6c79
4578	63757365
41	6e
2077726170	73
2077	6f6f66
2077	6964
20746875	64
207468	726f
207377	6974
20736e	617463686564
20736d	6172746572
207269	70
20707572	726564
20706f6c696365	6d616e
20706f636b6574	73
20706c616e6574	73
20706174	69656e6365
206d61	696c6564
206b6e6f636b	73
206b69636b	73
206974656d	73
20696e637265	61736564
2068616e64	66756c
2068616c6c	776179
2068	7573
2067726f776c	696e67
20676f74	74656e
20666f726769	76696e67
20666c6167	73
20666c	7574746572
2066617363696e	61746564
2066	69726d
20646973636f766572	696e67
2063756464	6c65
20636f6d706c65	746564
20626f776c	73
20626f756e6365	73
2062656c6c	73
20626568	6176696e67
2057	6f6f
20556e	636c65
20537061726b	6c65
205368	61646f77
205072	696e6365
204f	616b
204c	656e61
204a	6f79
2048	6f6c6c79
2042726f776e	6965
20426f756e	6379
204265	68696e64
2042	656361757365
756e	65
7468	6f756768
74	756365
6e	6965
6c	6179
696767	6965
6964	6f
66	696564
65	6168
63	616b6573
62	6c79
62	6965
6162	656c6c61
50	65
4c	696c6c79
48	6f6c64
48	656e7279
4368	61726c6965
43	6172
3d	3d
2077696767	6c6564
20776964	656e6564
2074756e6e656c	73
20747269636b	79
207468726f	6174
207461736b	73
2073757065726865726f	6573
207374617274	6c6564
20736872	696e6b696e67
2073656573	6177
2073	69646573
207275	696e
207175617272656c	696e67
20706f77	657273
20706f70	73
20706f	737369626c65
20706572	63686564
207065	65726564
2070	6f7574
206d6f74	696f6e
206c6574	74756365
20696d70726f	766564
20666f6c64	696e67
206669726566	6c79
20666172	74686572
2064697265	6374696f6e
2064656c69766572	696e67
2064	656e74
2064	6172
206375727461696e	73
2063757269	6f73697479
2063756464	6c79
20636f726e	657273
206368697270	696e67
206368	6f70
2062757a7a	6564
20627261	6e64
20626f	64696573
20626563	6f6d696e67
2062617365	6d656e74
2062	6f6f
2062	616e6b
206176	6f
20616972706c	616e65
2057	616e74
205374	6179
205374	6172
204f	6c6c79
204b	6179
20486f77	65766572
2047	696e61
2042697264	6965
79	6f6e64
7574	7479
757374	6f6d
756666	696e
73746570	73
7365	656b
7265	79
7261	70
7175	6964
6e	6b
6974	656c79
696c65	79
64	6965
6177	6e
616b	6572
536f6d6574	696d6573
53	75
52	756e
4f	72
4d	616e6479
4c	6f6c61
4c	697374656e
4a	65727279
42	6967
41	68
3f	27
2079656c6c	73
20776f72	72696573
207768697370	657273
2076616e	696c6c61
20756e74	696564
2074776972	6c
207377	6f6f70
2073757266	616365
2073746179	73
207374616e64	73
20736f6d65	626f6479
20736f	6172696e67
2073697475	6174696f6e
2073637572	72696564
2073636172	766573
207361	6e6b
20726f636b	696e67
20726964	6573
2070756d70	6b696e73
2070726f6d	69736573
20706c	656e7479
2070617468	73
206f62736572	766564
206e6f	736573
206e6170	73
206e	696e65
206c697374656e	73
206c69	71756964
206a6f	6b6564
20687573	62616e64
20686f6d65	776f726b
2067726f776c	73
2067726f77	73
20677265	6574
2067696767	6c696e67
206661	6374
206576657279	646179
20646f74	73
20636f6e74	726f
20636f6d706c6574	656c79
2063686f696365	73
206368617365	73
206368	75636b
2063	7573746f6d
2063	656e74
206265	796f6e64
20626174746572	696573
2062	7572
205768	697374
2057	696e6b
20556e	666f7274756e6174656c79
2050697070	61
2050	7574
2050	7570
2050	696e65
2050	616d
204e6f74	68696e67
204e	696365
204d	6f757365
204a	6f6c6c79
2046	69736879
20437261	62
e280	94
7574	757265
756d	626c6564
75	7a7a79
70	697465
6f756e	6365
6f72	646572
6f6e67	65
6c65	65
6976	69
6775	696e67
66	6c79
66	6174686572
65	6666
626c	696e6773
59	756d6d79
59	656168
5370	696b65
5275	6279
5175	61636b
4d	6167676965
477261	6e647061
47	72656174
46	696e65
20776973	68696e67
2077657265	6e
207573	75616c6c79
20747261	63746f72
207377656574	73
2073756666	65726564
20737465	616479
20737065	616b696e67
207370	6f6e6765
20736f	62626564
20736c	616d
207369	626c696e6773
2073656e64	696e67
20726f	736573
207265666c65	6374696f6e
2072616e	676572
2072	69736b
2070726f706572	6c79
207072616374	6963696e67
20706f696e	7479
20706f	73746572
206e657374	73
206e65	6974686572
206d6f6d	6d696573
206d6172	6b6564
206d	65727279
206c6f	73696e67
206c61	70
20696d6167	6573
2067	7269
20666f6f74	7374657073
206661	756c74
2066	7574757265
20656e74	697265
20646f6c7068	696e73
2064656e74	697374
206465	616c
206372656174	696e67
20636f6e66	6964656e74
2063686566	73
206368	697073
2063616c	6d6564
206272616365	6c657473
206261636b	7761726473
206172	6775696e67
206163636f6d706c	697368
2061	7374
205375	7a6965
2053	6c
2050	617773
204f	7572
204f	6c
204e	69636b
204d6f6e	73746572
204d	756666696e
2048	7572
2046	6f72
2046	6974
20456e	6a6f79
2045	78
20436869636b	79
20436865	77
2042	6967676965
20	0a20
78	6965
7374	79
7365	7175
73657175	656e6365
7269	786965
70	6572
6c6f77	657273
6c6564	6765
6572	6379
65	6564
65	616c
62	726963
6174	63686573
616e67	6c6564
616c	7068
5a	6f6f6d
57	686565
5468	6f7365
537465	7665
50	697070
4f	7574
4d	696c6c79
4c	756c75
4c	65
4b	61746965
4368	69727079
416e6e	6965
3f22	2c
20776f726b	657273
207761746572	696e67
2077616e646572	696e67
2077616974	6572
2076656e74	75726564
20757365	73
207477696e6b	6c696e67
207469636b	6c6564
207468	697264
2073747564	656e74
207374726f6e67	657374
207374726f	6b6564
2073746172	696e67
207374	6f6f6c
20737175	69736879
20737072	616e67
20736e6f77	6d656e
2073696e67	6572
2073686f76656c	73
20726f74	74696e67
20726577617264	6564
207265706c	61636564
2072656d656d626572	696e67
207265667265	73686564
20726563	6f72646572
2072656164	73
207265616368	696e67
207265	7061
207261696e626f77	73
2072	6973696e67
2070726574656e64	73
20706f7572	696e67
20706f74	696f6e
20706565	6b696e67
2070617374	72696573
2070617274	6963
20706164	64
206e6170	6b696e73
206d6f76	696573
206d697474656e	73
206d	6f6f
206c6f6c6c69706f70	73
206b6e6f77	6c65646765
206b6e65	6573
20686f77	65766572
20686f6e	6b6564
206865	6176
206775657374	73
20666f7265	68656164
20666c6176	6f72
20666972656669676874	657273
206661	62726963
206472756d	73
206469	766564
206465736572	7665
20636f6e	73657175656e6365
20636f6d66	6f72746564
20636f	636f6f6e
20636865656b	73
206368	6174
206265	6c6c79
20626174	68696e67
206173	696465
206172726f77	73
2061677265	6573
205a	6565
2059	61776e
2057697468	6f7574
205477656574	6965
205374	656c6c61
20536f66	6961
2053	77
2053	6f727279
2053	6179
20526f62	6f
2050	75
204d	6978
204a6f	6a6f
2044	697a7a79
2042	69727468646179
20416e6e	65
2041	756e74
2041	62696761696c
20	20
7a	6573
757374	6564
7572	7279
6a6f79	6564
696e6b	6c65
696c65	73
66	616c6c
656e74	6c79
65	656e
6374	696f6e73
63	6c
56	657279
53	75736965
53	756e6e79
53	6e
52	6f7365
50	61756c
48	61727279
47	6574
446f67	6779
44	6f6c6c79
20776f62	626c79
2077	6f77
20756e	70
20746f7563	686573
207468	6f726e
207465	6172696e67
2074	697373
2074	616e676c6564
207377	6f726473
2073757070	6f72746564
207374	61696e
2073686f7274	73
20736174	6973
207361696c	73
20726f6c6c	73
2072657061	69726564
207261696e	73
2070726179	6572
20706f6c	6172
20706c6179	657273
20706572666f726d	6564
20706174	746564
2070617373	696e67
2070	6563
206f7574	646f
206f726e616d656e74	73
206e6f74	6573
206d696e6572	616c73
206d696e64	6564
206d616368	696e6573
206c69636b	696e67
20696e74726f647563	6564
20696e746572657374	6564
20696e636c75	646564
206865736974	61746564
2067	726f7373
20666f726769	76656e
20666c	616d6573
20666974	73
20656e74	72616e6365
20656c	626f77
2064726f	7070696e67
20646573	657274
206465636f72	6174696e67
20636f7573	696e
20636f6e73657175656e6365	73
20636f6e	6e
20636c6f7365	73
20636875636b	6c6564
206368	6f6f
2063656c656272	6174696e67
20627261	76657279
20626567	696e
206265	616d
2062617468	73
206261636b7061636b	73
2062	756e6368
205a	6970706572
205a	69676779
2056	697669
20536f66	7479
205265	67
2050	68
204f	7879
204e	75747479
204c	6175
204a	6f6e6573
204a	616e6965
204a	616d6965
20487572	726963616e65
20476f6f64	627965
2046	69646f
2044	617261
2042	657468
2042	656c6c65
79	6f75
76	726f6f6d
75	7269
746572	73
73	68696e67
7272	72
726f6d	697365
6f6f6b	73
6f	6479
6e64	79
6e	6f
6e	65617468
6c6c	65
6861	7573746564
68	69
67	657273
6368	79
6365	73
63	6965
6272	757368
616c6c6f77	65656e
6162	656c
53	6f6d65
526f	6172
4d	696e65
4d	696c6c
4d	696b65
4d	6179
4a	756d70
477261	6365
466f	6c6c6f77
44	616e6e79
43	6f
4265	6570
42	756e6e79
42	656172
41	6c6578
2079	756d
2077696e	6b6564
207768697374	6c6573
2076	6f776564
20756e70	61636b6564
20756e	73
2074776972	6c696e67
20746f	6173746572
207461626c65	73
2073757070	6c696573
207374756d	626c65
20737465	6572
207374	756e67
207374	6577
207374	656d
2073717565	616b6564
20737072656164	696e67
20736f	66746572
20736e6565	7a696e67
20736b	69727473
2073696e67	6c65
20736577	6564
20726f	636b6564
2072656c6965	66
2072	756d626c65
20706c616e	6e696e67
20706967	6779
20706164	646c65
206f766572	6a6f796564
206f7574646f	6f7273
206f	7070
206d757368726f6f6d	73
206d	6f6f64
206c6f6164	696e67
206c656e64	696e67
206c65616e	696e67
206c65	617374
2068756d616e	73
2068656176	696572
20677269	70
206772616e64	666174686572
2067686f7374	73
20666f72676574	73
2066696c6c	696e67
20666172	74
2066616972	696573
20646f6c6c	6172
2064657465726d	696e6174696f6e
206461726b	6e657373
20646172	6c696e67
20636f6e74726f	6c
20636c6f776e	73
20616e67656c	73
20616c	6f7564
2057	6f
205472	75636b
20546f	6f74
2054	6f70
205370	69726974
205368	69766572
2053	63
205275	6479
2050	696e6b
204a61636b	79
2048	6f72
2044	696e61
204265	6570
76	696e
757269	6f7573
7468	73
73	6d
6f	737369626c65
6f	6b65
69766572	73697479
6973	696f6e73
6464	696e67
63	69746564
6262	6c6564
617574	696f7573
56	726f6f6d
54	616b65
53	6164
50	656e6e79
4d696c6c	6965
4c	696e61
4b	696d
4b	656570
46	6f72
45	6c6c6965
42	616279
207772	697374
207765	65
20756e646572	6e65617468
207477	656574
20746f77656c	73
207469676874	6572
2074657374	6564
2074616c	656e7473
2073776f6f70	6564
2073776974	63686564
20737572726f756e64	696e6773
2073756e	73637265656e
20736c616d	6d6564
20736b	756e6b
2073686970	73
207361	6c65
2073	79
20726f77	73
207269	7065
2072657370	6f6e73
207265	6173
20707269	636b
2070726179	657273
20706572666f726d	696e67
20706172746963	756c6172
206f626a656374	73
206e6f	6464696e67
206e65636b6c616365	73
206e65	617265
206d6f64656c	73
206d6573	6d6572
206d6174746572	73
206d6167	706965
206c6f	736573
206a6f696e	696e67
20696e737472	756d
20696d70	6f737369626c65
20686f7065	66756c
20686f6e657374	79
206775	696465
206772616365	66756c6c79
20666f726b	73
20666c65	6173
2066617274	68657374
206578	68617573746564
206572	617365
20646973	6f62
2064697265	6374696f6e73
20646563	6973696f6e73
2064616e63	657273
2064	656e
20637573746f6d	6572
20637572	6c79
206372	756d62
20636f756e74	73
20636f62776562	73
20636172	7473
2063616e	73
2062756d70	73
206272656174	686564
206272	75
2061766f	6964
20616e6e6f79	6564
20616464	696e67
20616374	697665
205a	65726f
205477	696e6b6c65
205468	6f7365
2054	7279
2054	69707079
20536164	6c79
20536164	6965
2053	65
204d	61746368
204c	696e61
204a	756c6965
204a	75
204a	6f6e
204a	656666
2046726f	737479
2046	6c65
20446964	69
2043	726f
2043	6f77
2042	7269616e
757265	6e
756c70	74757265
7265	7665727365
72	6f7073
6f6f	7368
6f6c	696e65
6974	73
696e64	726f7073
6570	74
656c	6961
6464	6965
63	63
6262	6965
617261	63
616d70	6f6c696e65
6164	696e67
6164	6573
61	7572656e
5368	72696e6b
50697070	696e
47	696e61
45	76656e
42	6f77
42	65747479
207a6f6f6d	73
207969656c64	6564
207761726d	6572
207669736974	6f7273
20756e73	757265
20756e	77
2075	6e64
207472757374	696e67
207472	616d706f6c696e65
2074697373	7565
207377656174	79
2073757266	696e67
207374726f	6c6c
20737175617265	73
2073706974	73
20737061726b	73
207370	6174
20736e	75636b
20736c6f77	6564
20736c	6974686572
207369676e	6564
2073656c	66
20736372	617463686573
207363	756c7074757265
2073	656e73
207275	696e696e67
20726f62	626572
2072656173	6f6e
207265	766572
207261696e	79
207261	696e64726f7073
2072	75737479
207072696e	74696e67
2070726576656e74	6564
20706f	73
20706c	61696e
2070	696e73
206f	6363
206d	61746572
206c6f7564	657374
206c6f6f70	73
206c69676874	6572
206c69	6573
206b6579	73
206a6f696e	73
206a61636b6574	73
2068656164	696e67
20676c	756564
2067617a	696e67
2066726f776e	73
2066726f776e	696e67
20666c	69676874
20666c	617070696e67
206665	766572
2066616e	73
2065	76
20647261676f6e	666c79
20646f	64
206465	66
2064616d	616765
206372756d62	73
20636f756e747279	73696465
20636f6d7065746974	696f6e
20636f6d62	6564
206368	61726163
20627579	696e67
20626c696e	6b696e67
20626164	6765
2062	756e
2062	756d7079
2062	61636b6564
206164	756c7473
206163686965	7665
2061	696d6564
205768697374	6c65
205468616e6b	73
2054	6f7973
2054	616d
2052	69636b
2050	65726379
2050	656e
204d65	67616e
204d	696e74
204c	61736572
2048	616c6c6f7765656e
2044617665	79
2042	616c6c79
2042	6161
2041	64616d
2031	30
20	6963696e67
756e	6f
756d70	68
756d62	6c696e67
756767	6c6573
7564	69656e6365
726f6e	617574
706965	6365
6f73	697465
6f72	696e67
6f68	6e79
6f62	6f6479
6c6c	656e
6c6179	696e67
697373	61
696f	6c6574
6967	657273
66	6f756e64
6574	7379
656e64	79
636572	696573
617265	6e
616e	73
616e	6564
616d70	696f6e
616c	6564
61636865	6c
54	696e61
50	7574
50	616e6479
4b	617465
4a6f65	79
4a	617a7a
48	75727279
46	726f
44	61766964
43	6865
42	757a7a79
42	6f7973
2e27	22
27	2e22
20796f7572	73656c766573
20776f756e64	73
20776f62	626c6564
2077697265	73
20776970	6573
2077616b65	73
207477697374	73
207477697374	696e67
207477	696365
2074726176656c6c	6564
20746f7373	6564
2074616c6b	73
2074	6970706564
2074	696e67
2074	6967657273
207377	657074
2073746f	7070696e67
207371756565	7a696e67
20736f6c	7574
20736f	616b696e67
20736c	697070696e67
20736865	6c766573
207368	6f776e
20736577	696e67
207365656b	6572
20736372	7562
2073616c	7479
2073	696c6c
207275	6262696e67
207265766572	736564
2072656d696e64	73
20707269636b	6c79
2070726573	736573
20706c65	6173757265
20706563	6b6564
207061696e74	6272757368
2070616464	6c6564
206f79	7374657273
206f7574	66
206f7070	6f73697465
206f6363	6173
206e	757a7a
206d61746572	69
206d6173746572	7069656365
206d	756e6368
206c696674	696e67
206c656164	73
206c65	6170
206c	6f776572
206b6e6f636b	696e67
20696e	7370
20696d6167	696e696e67
20686964	6573
206861	6c766573
2067726f	636572696573
20676f	62626c6564
20666f72	6d
2066696e	73
2066	72656564
20656e64	73
206475636b	6c696e67
20646f6e	6b6579
20646f63746f72	73
20637572696f7573	6c79
20637265616d	73
206368	616d70696f6e
2063	6f7474
2063	6f72
2063	617574696f7573
20626f77	73
20626c	6f776e
20626568617669	6f7572
20626172	73
2062616e64	61676573
20617374	726f6e617574
206173	686573
20616e	676572
206164	756c74
206163636f6d706c697368	6d656e74
206163	6865
206162	696c
2061	756469656e6365
2061	6666
20576f6f	6c6c79
205765	61706f6e
2057	616b65
2055	70
205472	757374
2054	7269786965
2054	6961
20536e	7567676c6573
20536e	6170
204f6c	69766572
204f	74686572
204c	697374656e
2049	6e6479
2048	6f6c64
20477261	636965
2047	726179
2045	6c6c65
2045	64
2043	616e6479
204272	756e6f
20426c7565	79
2042	616c6c
20416c	6f6e67
7768	6174
77	6f6f
77	697365
7573	696e67
757274	6c6573
7572	72
75	6465
72	7570
72	696e
7074	6f70
70	6974
6f776e	79
6f73	656e
6c73	61
6c	656e
6b65	6c6c79
6974	756465
6974	63686573
696465	79
696368	61
69636861	656c
6963	69
686f	70706572
6665	726565
636b	79
6368	6f
6368	696e67
6365	7074
626572	74
62	7574
6162	6c79
61	766572
5468	6f6d6173
50	6174
4f	70
4e	69636b
4c	75636b696c79
4c	697a7a79
4a6f	7368
4a	6573736965
45	6c6c79
44	617973
436c	617261
416c	77617973
41	756e74
41	6d
2e2e	2e
21e2809d	2e
21	e28099
207772	697474656e
207765616c	7468
20776173	74696e67
2076696465	6f73
207477696e6b	6c6564
207472656d	626c6564
2074726565	686f757365
20746f70	73
2074617374	696e67
207461	7070696e67
2074	79
2074	7572746c6573
2074	6964
207377696d6d	6572
207375727072	6973696e67
2073757266	626f617264
207374726f	6b65
207374726970	73
2073746f	6c656e
207370656564	696e67
207370	696365
20736f7572	6365
20736c	6564
2073656173	6f6e73
207363	6f726564
2073	776179
20727562	73
20726f626f74	73
20726f62	696e
2072657065	6174696e67
2072656d696e64	696e67
20726567726574	746564
207265636f6d6d656e64	6564
207265	6665726565
20726163	636f6f6e
2072	617973
2072	6174686572
20707572	72
20706c65	61646564
20706c	75636b6564
2070696765	6f6e73
20706170	61
2070616e	63616b6573
206f6e	696f6e73
206e6577	666f756e64
206e65617265	7374
206e	696262
206d61726b	657273
206d	696c6573
206c696674	73
206c61	70746f70
206b697474656e	73
206a6f75726e6579	73
20696e7370	69726564
20696e64	656564
20696e636c75	64696e67
20686964	6572
206865616c	7468
206775617264	69616e
206772617373	686f70706572
20676f616c	6965
2067617264656e	6572
20667269656e6473686970	73
20666c	6970706564
20666c	6970
206669726d	6c79
20666967	75726564
206665	617374
2066616d696c	696172
206578706c6f7265	72
206576	696c
206566666f7274	73
2065	63686f
2065	61726e
20647269766572	73
20647269	66746564
2064657369676e	6564
20646563	6973696f6e
206368	6f73656e
2063616d70	696e67
206275726e	73
2062756e	6e696573
2062727573	68696e67
20626563	6f6d6573
2062616e	676564
20616d	6f756e74
206167	65
206166746572	7761726473
20616374	696f6e
2059	6574
2059	656c6c
2057	656e6479
205477	6f
2054	616e6b
205370	696e
2053	6b656c6c79
2052	756666
2052	61
20506f	6f72
2050	61746368
204d	616d
204b	65
204a61636b	6965
204973	6162656c6c61
20486f72	7379
2046	697368
2044	75737479
20436f	70706572
20436c	61
2041	636f726e
20	6f756368
75	657373
746f	6564
7468	7572
73	61
7269	636b
72	74687572
72	696c79
706563	74696e67
6f726b	79
6f70	6573
6d	61746573
6d	61746368
6b65	6e64
6a	69
6974	696f6e
696c	696172
696767	6c6573
696262	6974
69	656c
69	62626c6573
68	6f67
68	697665
66	6f726d
6573	70697465
63686965	766f7573
63	6f7065
6179	65
616e	7465726e
616d	696c696172
616d	62
616c6c	6f776564
616c	696e67
5a	617261
5375	7a79
53	6f7570
52	6962626974
5065	6f706c65
4c	696b65
4a	756c6965
4a	6f6e
4a	616d6965
47	75657373
436f	636f
43	696e6479
42	696c6c
42	6565
42	61727279
416c	7269676874
4166746572	7761726473
3f	2122
207768	696d70
20776565	6b656e64
207765	656473
20756e66	616d696c696172
20747562	6573
2074726f75	626c6573
20746f	74
2074697265	73
20746872	6f776e
2074686f726e	73
2074656d	706572
20746561	706f74
207377	6170
207377	616c6c6f776564
207374756666	696e67
2073717565	616b
2073706f6f6e	66756c
207370696365	73
20736f6c7574	696f6e
20736d	6173686564
20736c6f77	6572
20736861726b	73
207368	6f6f
207368	616479
2073656e73	6174696f6e
207361746973	66696564
2073616e64	706974
20726573706f6e73	69626c65
20726573	706563746564
2072657065	617473
207265	6374
2072	757374
2070756e697368	6d656e74
20706f7574	6564
20706c6179	726f6f6d
20706c6179	686f757365
20706174	63686573
206f766572	636f6d65
206f6e	77617264
206e656174	6c79
206d6f6f6e	6c69676874
206d6f6f	6564
206d6973	63686965766f7573
206d696c6c	6572
206d6573	736573
206d	616b6572
206c6f77	65726564
206c616e6775	61676573
206c	756d70
206c	616e7465726e
206b6e6f74	73
206a6f79	66756c
20696e7669746174696f6e	73
206865646765	686f67
2068616972637574	73
2068	6f7572
20666f72	6365
20666c	6f776e
206576657279	626f6479
20656e746875736961	736d
20656e636f75	726167
206472657373	6572
2064726177	6e
206469736f62	6579
2064657369676e	73
2064	756d70
2063726f7373	696e67
20636f6c6f72	6564
20636f6c64	6572
20636f	616368
20636c65616e	6572
206368	6172
206361	77
206275	736573
206272656174	68696e67
20626f7474	6c6573
20626f74686572	6564
2062656c6c	696573
20626565	68697665
206261636b	73
206175746f6d6f62696c65	73
2061727269	766573
2061706f6c6f67	69736564
2061	696d
2059656c6c	6f77
2057	6f6f66
2057	696c6c79
20537465	707079
205374	726574
20536d	6f6b65
205368	6f77
2052	6961
205075	707079
2050	757272
2050	697a7a61
2050	696e
2050	696c6c
204c	696f6e
204c	69616d
204b6179	6c61
204a	6179
2046	6f726b79
204578	6369746564
20436c61	697265
20436c	6f7564
204368	61
2043	44
20426c	6f6f6d
2042	69
2042	65747379
20416c	74686f756768
2041	62626965
7a	69
757368	726f6f6d
7572	72656e646572
756d	6d696573
756c	66
75	696e67
7468	6174
74	6f636b
74	6865
7365	7373
7269	6572
7269	65
72	6967
7070	6c65
7070	696573
6f72	746572
6f72	6b696e67
6f6d	62
6f	6c6c656e
6d	65726564
697a	6f6e
6976	697479
696e	6974656c79
696c6c	6564
69676874	79
6967	68696e67
6964	6479
69	6b79
66	7573
6572	6d
656c	61
65	7a69
62	61
61746572	70696c6c6172
6173	686573
61726d	656e
616e6e61	68
616e	6574
6167	6963
6166	79
6163	6c6573
61	696c6579
5768	696368
55	6e646572
54	7279
5368	6172696e67
52	6179
50	696e6b79
4d6172	6965
4c	656e61
48	6f70
46726564	6479
44	616e
42	6f756e6365
41	626279
207772	696e6b
20776f62	626c65
20776970	696e67
2077696e	6e657273
207765	7074
207761746572	66616c6c
207761	6b696e67
20756e69666f726d	73
2074	756d6d696573
2074	696e
207377696d73	756974
20737765	6570
207377	6f6c6c656e
2073747265616d	657273
2073746f6d	70
207374616d70	6564
207374	697463686573
20737175	6177
20737072696e67	696e67
207370696c6c	73
20736f6c	76696e67
20736e696666	73
20736d656c6c	696e67
20736c	617070696e67
20736572	76
20736563	757265
207363726577	73
2073637261746368	696e67
207363	656e
20726573	756c7473
2072656374	616e676c65
207265616c	697a696e67
20717565	656e73
2070757270	6f7365
20707572	7273
2070726f62	61626c79
20706f6b65	73
20706c616e74	696e67
2070696e6368	696e67
20706172	746564
207061636b	61676573
206e6f74	6963696e67
206e	6170706564
206d6f746f726379	636c6573
206d6f6d	6d61
206d696e64	696e67
206d696e	7473
206d617373	61676573
206c696272	617269616e
206c6172	676572
206c6162656c	73
206c61	636573
206c	656e74
206c	616d62
20696e73697374	696e67
20696e73656374	73
20696e	63686573
20686f72	697a6f6e
206865616c	696e67
206865	69676874
2068	6f6f
2067726f	616e6564
2067617370	73
2067	6f6f
20666f72676574	74696e67
20666f6f6c	6564
20666c7574746572	6564
206578657263	69736573
20656e636f7572616765	6d656e74
20656e63	6f756e74
20646f6f72	776179
20646973706c6179	6564
2064697363757373	6564
20646566	696e6974656c79
206465	6564
2064616e6365	73
2064	6970
206372656174	6976697479
20637261	6674
20636f72	7265
20636f6e6e	6563746564
20636f6c6f7572	6564
20636f	7379
20636c	69636b6564
20636972	637573
206368656170	6572
20636865	657273
2063656e74	6572
2063617265	73
20626f74686572	696e67
20626f72726f77	6564
20626568617669	6f72
20626567696e	6e696e67
2062656570	6564
206265	61766572
2062	6f6d62
20616d	6f6e67
206165726f706c	616e6573
2061646d6972	6174696f6e
2057	6967676c6573
2057	656c636f6d65
20556e	6976657273697479
2054696d	65
2054	69676572
2054	696479
2054	65
2054	616b65
205370	6f6f6e
205370	69646579
205275	667573
2052	696368
2052	61696e
2052	616368656c
204f	696e6b
204e	6f626f6479
204e	6962626c6573
204e	656172
204d656c	69737361
204d65	6f776e79
204d	757368726f6f6d
204d	6f70
204d	6967687479
204d	616e
204c6f75	697365
204c65	616679
204a6f	6479
204a656e	6e6965
204a	656d
204772	616e6e79
204672616e6b	6965
20466c	6f7261
2046	697265
2045	6c7361
2043726f	636f
20437261	626279
20436f	636f61
204368	697270
2043	6f6d6574
2042	756d7079
20	696c6c
20	32
79656172	73
79	6c
7768	696c65
766572	73
7573	68696e67
757270	6c65
756d7068	726579
7564	726579
7373	79
726967	756564
7269	766572
7261	62
72	6973
6f756e	636564
6f6e	6e61
6f6d	70
6e74	696c
697474	6564
6974	6572
696e61	6c64
696d70	6c79
6963	6970
69	76696e67
69	626279
6775	657373
6578	69
657274	61696e
6572	6b
6572	696f7573
656e64	696e67
656c	696e67
6374	6172
6279	6573
626f	6174
6265	6570
62	69
62	616765
6179	61
6174	7572
6174	7479
61726d	6572
6172	7479
6170	617961
616e74	6861
616e	7768696c65
616e	636564
6163	696e67
61	6973
61	6374
54	6f6279
54	696c6c79
53	6c6f77
5175	69636b
50	72
50	6970
50	617061
4c	697a
4a	6f6c6c79
496e	7374656164
44	65616c
4265	68696e64
42	616e67
3d3d	3d3d
2d	2d
2c	27
20796f75	6e676572
2079	656c70
20777261	7070696e67
207772	69746572
20776f727279	696e67
2077697468	696e
207768	6f6f7368
207768	616c6573
207765	696768696e67
207761	646564
2077	6967
2077	69646572
207669736974	73
2076657374	73
2074726176656c6c	696e67
20746f77	617264
20746f	6164
20746970	746f6564
207468726f756768	6f7574
2074686f75676874	73
20746170	6564
2074616c656e74	6564
207461	70706564
2074	696573
20737472656574	73
2073746972	73
20737465726e	6c79
207374	756e
207374	696e6773
207374	616c6c
20736e696666	6c6564
20736e696666	696e67
2073686f70	73
207368	61706564
207368	616c6c
20736574	73
207365616c	73
2073656167756c6c	73
2073637572	7279
207363	726170
207361	76
2073	696d706c79
20726f	6473
207269736b	73
2072657475726e	696e67
207265	617070
2072	6f7474656e
20706f7572	73
20706f73	73657373
20706f6c	6974656c79
20706c	7567
2070656e	6e696573
2070617374656c	73
2070616e	69636b6564
2070	756666
206f776e	657273
206f757466	697473
206e656564	6c6573
206e65	63746172
206d6f6e	746873
206d65616e	696e67
206d61726b	6572
206b	696e6773
2069676e6f72	696e67
20686973	73696e67
2068616e6473	6f6d65
206775657373	696e67
206772617373	79
20677261	6262696e67
20676f6f64	62796573
20676c	697474
20676c	61726564
2067696767	6c6573
2067656d	73
20676172	62616765
2067	756c70
2067	6f6e6e61
20666f	637573
20666c6f	617473
20666c6170	73
20666973686572	6d656e
2066696c6d	73
206661726d	657273
20656e636f75726167	696e67
206564	676573
2065	617365
20647269	7070696e67
20646f6c6c	686f757365
2064657374726f79	696e67
2064656d616e64	696e67
2064656c6179	6564
2064616e	67657273
2064	6172696e67
20637265	6174696f6e73
20637261636b	657273
20636f77	62
20636f70	73
20636f6e	73
20636f6e	636572
20636f6d6d	6f6e
20636c617373	6d61746573
20636c	756573
20636c	7565
20636861726163	74657273
206368	616e676573
2063656e74	7265
2063617574696f7573	6c79
20636174657270696c6c6172	73
206361	6665
2063	6f7567
2063	617368
206275	6262
20627275	69736573
20627269676874	657374
20627261	766572
20626f	61726473
20626c	6f636b6564
20626c	617374
2062656c6f6e67	696e6773
2062656c	7473
206265	617374
2062	756c6c79
2062	697474656e
20617265	6e
20616e74	69636970
20616e6e6f79	696e67
20616374	73
2061	6973
20576f	6e646572
20556e	69
2055	6e74696c
2054	726565
2054	6f79
2054	61746f
205377	696e67
205370696e	6e79
20536c	696e6b79
205368	616d706f6f
205365	6174
20526567	696e616c64
2052	6f79
2052	616c7068
2050	6c
204f	6c64
204e	617679
204d	69636861656c
204d	6963
204c65	6f70617264
204c	75636b696c79
204c	7563
204c	617572656e
204b6179	6c6565
204a6f	616e
204a	756d70
204973	6e
2047	69616e74
20466c65	7869626c65
20466c	61707079
20466c	6170
2046	617965
2045	64646965
20446f	6c6c
2044	6179
20436c	696d62
2043	696369
2042	75636b79
2042	6f6f6b73
2042	6164
2041	70706c65
2041	6e74
e280	a6
796c	76
796c76	6961
79	6573
7570	696e
756d	73
7567	6779
736f	6c
7365	6564
73	6e
7261	7665
72	696e6b79
7175	6574
70	6172656e74
6f75	71756574
6f6f	636879
6f6e	7365
6f6e	696573
6d62	657273
6c61	697265
6c	696e65
6a	61636b
697a7a	6965
6976	6961
69726f6e	6d656e74
6972	6c73
6972	61
696d	6d6572
696c6c	6970
696c	6f
6967	6e696e67
6965	6365
6963	73
69	62
686f	6c65
6573	736573
6572	7473
6572	696e67
656e	696e67
656c	6f7065
656172	73
65	656c696e67
64	7269766572
64	617465
637265616d	73
636c	6f7564
63	75736564
63	746564
63	686572
63	656e74
62	6c696e67
62	697264
62	6564
617468	616e
617374	79
617368	61
616e67	61
6163	6c65
6163	686572
5a	6970
57696c6c	6f77
57	616e74
556e	636c65
5472	757374
536164	6965
52	616c7068
4f	6c697665
4e6f74	68696e67
4d	6f6e
4a	6f686e79
4973	6162656c6c61
48	6d6d
44	656172
43	6c61697265
42697264	79
42	79
42	7269616e
42	72
42	6f70
42	696e6b79
42	657468
42	6573736965
41	64616d
207772696e6b	6c6564
20776973	6572
20776973	656c79
2077696c6c	696e67
207669736974	6f72
207669	6272
207665686963	6c6573
2074726176656c	696e67
2074	756d626c6564
2074	75636b
2073796d626f6c	73
207379	727570
207377656574	657374
207377656174	657273
20737570706f7274	696e67
20737566666572	696e67
2073746f6d616368	73
207374	61636b6564
2073717565	616c6564
207370726179	73
20736c6974686572	6564
20736b	617465
207368617265	73
207368	6f72746572
207368	68
20736375727279	696e67
207363726577	647269766572
207363	656e74
207361696c	6f7273
207361696c	626f6174
2072757374	6c696e67
2072756e	6e6572
2072657370	6f6e7365
2072657370	6f6e64
2072656c6178	696e67
207265	7761726473
2072616365	73
207261	6b696e67
2072	61636b
2070757a7a	6c6564
2070726573656e74	6564
2070726570	6172696e67
20706c	7567676564
20706c	6f74
2070696c6c	73
20706572666f726d	6572
20706572666f726d	616e6365
20706564616c	6564
2070	6f756368
2070	6f6e696573
206f70696e	696f6e73
206f66666572	696e67
206f62736572	76696e67
206e757a7a	6c6564
206e657773706170	657273
206e6572766f7573	6c79
206e	7572
206e	61737479
206d757368	79
206d756e6368	696e67
206d65736d6572	697a6564
206d65	6d62657273
206d6174657269	616c73
206d616e	6e657273
206d61696c	696e67
206d6167617a	696e6573
206c756e67	73
206c697a	61726473
206c	756e
206a6f62	73
206a	696e67
20696e74	726967756564
20696e737472756d	656e7473
20686f74	746572
206865736974	616e74
20686573	69746174696f6e
206775	61726473
206772616e64	706172656e74
20676c6f77	73
2067656e6572	6f73697479
2067	6170
20666f72676976656e	657373
20666c6176	6f7273
20666c	6f636b
2066696c6c	73
20657870	72657373
20656e76656c	6f706573
20656e76	69726f6e6d656e74
20656e636f756e74	65726564
20647265616d	74
20646f6c6c6172	73
2064697374757262	696e67
206469736167	7265
20646966666572656e6365	73
2064657373	65727473
206465	6665
2064616d	61676564
20637570	63616b6573
2063756464	6c6573
2063726f77	64
20636f727265	63746c79
20636f726e	73
20636f6e	76696e
20636f6d6d	756e
20636c6f7564	79
20636c6f73	696e67
20636c65	61726564
20636c	65726b
2063686f6f	73696e67
20627572	7374
206275	64
206272617665	7374
2062697264	73656564
206265616d	696e67
20626174	74
20626174	686564
206261736b6574	73
2062	6f7571756574
2062	6f756e64
20616e7469636970	6174696f6e
20616d	75736564
20616c6c6f77	696e67
206163746976	697479
205a6f65	79
2057696c6c	69616d
205768	6970
2056	696f6c6574
205477656574	79
2054	69636b
2054	69626279
205375	6b69
205368	696e79
2053	6b
20526f62	6f74
205265	616479
2052	617a6f72
205175	61636b
2050656e	656c6f7065
205065	6570
2050	6f70
2050	6f6c
2050	6c6179696e67
2050	69707079
204f6e	6c79
204f	70
204f	6b6179
204f	68
204e	617465
204d6978	79
204d6172	7368
204d	6f74686572
204d	6f707079
204d	696e61
204c6175	7261
204c	657869
204c	616e64
204a75	646765
204a	756e65
2048	61747479
2046	6978
2046	61726d6572
2044616e	69656c
2044	757374
2044	657370697465
204368	7567
204368	75636b
204368	6970
2043	6c65
2043	6174657270696c6c6172
2043	616c6c79
204272	757368
204272	6164
20426f62	6261
2042	72617665
2041756e74	6965
20416d	616e6461
2041	7564726579
2041	726d
2041	6c79
2041	6269
2027	27
20	35
79	616e
7765	6564
766572	6564
766572	616c
756c	61
75	697365
7374	69636b
7373	61
736e	6170
73	6f6e
7279	61
726574	7479
6f74	73
6f74	61746f
6f7264	616e
6f6f6b	6965
6f6e67	72
6f6e	7374
6f696e	74
6f65	766572
6f63	636f
6d656e74	73
6c	74
6c	6f72
697a7a	696e657373
6974	61
697070	657273
6970	6573
696c64	72656e
6967	65
6966	74
6964	656e6365
6964	656e
6963	656e74
69	76657279
68696e67	73
67	6976696e67
66666963	6572
66	6c
66	697265
6574	73
65726d	73
657265	7361
656d	696573
656c	696e61
656c	6965
656172	6c
63	7269
617a	79
61747572	646179
6174	74
6174	6974756465
617373	706f7274
61726d	6f6e79
61726c	696e6773
616d70	65726564
616d6564	696373
616973	696573
6167	6e6574
6164	646965
6162	656c6c65
5a	6f65
57	616b65
54	77
5375	7a6965
536e	6f77
53	756e
53	717565616b79
53	706c617368
53	7065656479
526f62	657274
52	6f636b
50	726f6d697365
4f6e	6c79
4d	6f74686572
4c65	617665
4b	696b69
4b	696473
4b	6172656e
4a	61636f62
49	6365
486f77	65766572
48	6f707079
48	6f
476f6f64	6e69676874
47	6f676f
47	696769
46726f	676779
46696e	6e79
45	6174
446f	6573
43	61726c
416e6e	65
41	7661
41	62696761696c
20e280	94
2077696e6b	73
2077686973706572	696e67
207768696d70	65726564
2077656c63	6f6d696e67
2076696272	616e74
20756e77	726170
20756e6465727374616e64	73
20756e64	6f6e65
20756e	61626c65
207479	7065
207477696e6b	6c65
2074756e	6573
2074726176656c	73
207472	6164696e67
20746f776e	73
20746964	696564
207468756e646572	636c6f7564
20746865	6174
207465727269	66696564
2074656163686572	73
207461	6c65
2074	79696e67
207377	616c6c6f77
2073756e66	6c6f77657273
2073756e	73
2073756974	73
2073756974	63617365
20737479	6c6573
20737472	756d
2073746f726d	73
2073746174	756573
20737072696e6b	6c6564
207370	79
20736e6f77	666c
20736e	7567
20736e	6f72746564
20736e	6172
2073697475	6174696f6e73
20736972656e	73
20736872	616e6b
207368696e	696572
207368696e	6573
207365636f6e64	73
20736561	77656564
207365	766572616c
207363726170	6564
207363	616d7065726564
2073616c	6f6e
2073	6f75
207269766572	73
20726573	6973746564
207265667265	7368696e67
207265616c	697a6573
207265	617373
20726174	73
2072	757368696e67
207175617272656c	6564
20717561636b	696e67
20707570696c	73
2070726f76	6964696e67
207072	6f7665
207072	616e6b
20706c6179	64617465
20706c616e	73
2070656e	73
207065656c	6564
20706172	616d6564696373
207061636b	6574
2070	75636b
2070	6f756e64
206f	6464
206e696262	6c6564
206e	69656365
206d7567	73
206d6f	6f6e73
206d657373	6564
206d656f77	696e67
206c756e6368	74696d65
206c756d626572	6a61636b
206c6f6e67	657374
206c6f	636b73
206c656374757265	73
206a6574	73
20696e	6a
20686973	736573
20686973	73
2068697070	6f73
20686572	6f6e
2068656c69636f70746572	73
206775	6573736573
206772656574	6564
206772	756d626c6564
206772	61746974756465
2067	657374
2066756e	6e
20666f	6375736564
20666978	6572
2066697265	73
2066696e	697368696e67
2066616374	73
206661	697468
2066	756c66
2066	697374
2066	61646564
206578706c6f72	6174696f6e
206578706c61696e	73
206578706c	6f
206578	63657074
20656e	656d696573
206563686f	6564
206472697665	776179
206469736f626579	6564
2064697361677265	656d656e74
20646967	676572
20646573	70697465
20646573	69676e696e67
2064656d	6f6e7374
2064656c6179	696e67
2064656c	6976657279
20646164	64696573
2064	697a7a696e657373
2064	696e67
2064	61726c696e6773
2064	616973696573
2063726f776e	73
2063726f	616b6564
20637261	7368696e67
20636f766572	696e67
20636f7474	616765
20636f6e73	69646572
20636f6e636572	6e6564
20636f6d706574	65
20636f6c6f72	696e67
20636f	6e64
20636c6f7468	73
2063686577	79
2063656c6c	73
2063617368	696572
20636172	7665
206361626c65	73
2063	65727461696e
2062756c62	73
206275	646765
20626c	7572
20626c	61646573
20626c	616465
2062656e64	79
2062656e64	73
206177	617265
20617474	656e64
20617274	697374
2061707072656369	6174696f6e
20616e73776572	696e67
20616e6e	6f756e636564
20616e67	72696c79
20616c6c	6579
20616c	74686f756768
20616973	6c65
206163686965	766564
206162696c	697479
205768	6f65766572
2056	6f6c6c79
205472	75636b79
20546f	6464
2054	79
2054	6f636b
2054	697a7a79
2054	6572657361
2053756e	7368696e65
20537465	616c696e67
205370	616365
20536e6f77	62616c6c
20536b	6970
2053	756d6d6572
2053	61747572646179
20526f	6c6c
205269636b	79
2052	79616e
2052	697461
205072696e	74
205068	696c6c6970
2050	7572706c65
2050	6f696e74
2050	617373706f7274
2050	61727479
2050	6170617961
204f	787967656e
204f	756368
204f	666669636572
204d6978	6965
204d656c	6f6e
204d616d	6d61
204d	75676779
204d	73
204d	6f7265
204d	616b65
204c6175	726965
204c	6f7473
204c	617a79
204b	656c6c79
204b	616e6761
204a616e65	79
204a	756d7079
2049	6365
204865	6c6c6f
20466c	69636b
2046	696e64
2046	616972
204576657279	626f6479
2044	756c6c
2044	6f74
2044	657a69
20436c6f7564	73
2043	617261
2043	61626c65
204275	737379
20426f62	626965
204269	626f
2042656e	6a69
2042656570	79
2042	616e64
2041	727961
e2809d	2c
7a	6f6f6d
77	656e
756e	63686564
756767	696e67
7567	6172
7562	626572
75	696c64
75	617264
75617264	6f
7374	616c6b
7365	6c
73	6865
73	657273
726f	6b656e
726f	63636f6c69
726e	6965
7265	7065
72657065	6174
72	6f756768
72	6f6e73
72	696e6773
72	696e61
7175	6172
71756172	69756d
7065	6564
70	6f70
6f75	7261676564
6f7274	756e6174656c79
6f7265	6e6365
6f70	79
6f6e6772	6174
6f6e67726174	756c
6f6e	6e6965
6f	6666
6e	6f72
6e	65
6d	696e67
6d	656c
6d656c	6f6e
6d	617465
6d	6172
6c65	6374
6c64	79
6a616d	696e
697665	73
696e64	61
696e	6379
696d6d6572	696e67
696d616c	73
69656e	6e61
69656e	636564
6963	696f7573
6962	696c
68	7974686d
6775	617264
6578	6974
657373	79
656c6c79	66697368
656c	6978
656164	696e67
65	76656e
65	7365
64	6f6f
64	6d6f74686572
64	696e6b79
64	676573
636b	6c657373
63	6f757261676564
63	616b65
62616c6c	73
62	726f6b656e
62	616e6b
6174	79
6173	68696e67
6173	657273
616e73	666f726d
616e64	656c
616d70	73
616c	69
6167	6572
6163	79
6163	636f6f6e
6162	72696e61
61	76656e
61	696765
57	6967676c79
546865	6f
54	6564
54	617261
5374	696c6c
536f6d65	6f6e65
5368	72696e6b79
5368	6f756c64
5368	617265
536164	6c79
53	757272656e646572
50	6f6c6c79
4f7574	73696465
4f70	656e
4e	696365
4d65	616e7768696c65
4d6172	6961
4d	656c
4b	696e67
4a61636b	6965
4a	657373
4a	6179
4973	6e
47	6f74
46	72616e6b
46	697368
45	6e
4368	6c6f65
43	7572696f7573
43	6177
43	61746368
42	7567
42	6f7468
42	6f
42	656c6c65
41	7274687572
41	6e79
27	2c
20777261	70706572
207772	696767
207768	69736b657273
207768	696e65
207765696768	73
20776562	73
207765616b	6572
207761746572	6d656c6f6e
20776172	7269
207761697374	62616e64
207761	6464
20756e74	616e676c65
207472656174	6564
20747265	6173
207472	616e73666f726d
2074696e67	6c696e67
207468656174	7265
207468616e	6b696e67
2074657374	696e67
2074656e74	61636c6573
2074656d706572	6174757265
207465616d	73
2073776974	63686573
207374726574	63686573
207374656572	696e67
20737465	7070696e67
20737461696e	73
207371756177	6b6564
207370	696573
207370	6564
20736f	6f74
20736e6f77666c	616b6573
20736d6f	6f74686572
20736c6970	73
20736c	7567
20736b617465	626f617264
2073696c	656e74
20736565	6b696e67
2073636f6c64	73
20736164	646572
207269766572	62616e6b
20726570	61697273
20726563	697065
207265	756e
207265	6c79
207265	636b6c657373
207261696c	73
2072	6f7574
2072	69736573
207175	696c74
2070726f74656374	73
207072657373	696e67
207072616374	69736564
20706f7374	73
20706f7374	63
20706f	7070696573
207065726d	6974746564
20706561726c	73
207065616365	66756c6c79
20706179	73
2070617373	656e
2070	6f6f70
2070	6173736573
2070	616e74
206f776c	73
206f74686572	77697365
206f73747269	63686573
206f6e	6c696e65
206f63636173	696f6e73
206f63636173	696f6e
206f62	7374
206e6f76656c	73
206e69676874	66616c6c
206e6569676862	6f757273
206d696e64	73
206d65736d6572	69736564
206d656174	62616c6c73
206d65	616c73
206d6179	6f72
206d617474	726573736573
206d61676963	69616e
206d	7572
206d	6972
206d	6572
206c75636b	696c79
206c696665	6775617264
206c6573736f6e	73
206c65	76656c
206c616d70	73
206c61	7a
206c	7572
206a6f79	66756c6c79
20696e76	69746573
20696e74726f647563	696e67
20696e74656c6c6967	656e6365
20696e737472756d	656e74
2068756e74	657273
20686f	7374
20686174	6368
2068616e64	696e67
206861	77
206861	626974
2068	756666
20676f	646d6f74686572
20676c	616e636564
206769616e74	73
2067656e	6965
2067656172	73
20667265657a	696e67
206672656564	6f6d
20666f7267697665	73
20666f67	6779
20666c7574746572	696e67
20666c	697073
20666972656669676874	6572
2066696e	616c
20657870657269656e6365	73
206578706572	69656e636564
206578616d	696e696e67
206578	70656374696e67
206578	6368
206572	6173657273
20656e746572	696e67
20656e6a6f79	61626c65
20656d6572	676564
206561726e	6564
20656172	72696e6773
206472657373	696e67
20646f64	67696e67
20646f64	676564
2064697665	73
2064697367	75697365
20646967	73
20646966666572656e74	6c79
2064656d6f6e7374	7261746564
2064	6574
2064	6173686564
2064	616e64656c
2063726f636f64696c65	73
20637265616d	79
206372	75656c
20636f7573	696e73
20636f7567	686564
20636f6e76696e	636564
20636f6e66	6964656e6365
20636f6e	63656e74
20636f6d707574	657273
20636f6d666f7274	696e67
20636f6c6c	6170
20636c6f	766572
20636c	7574
2063686572	697368
20636865636b	696e67
20636865	6174
206368	6174746572
2063616c6d	6c79
206361	7573696e67
2063	6f6e67726174756c
2062757279	696e67
20626f	6c74
20626c7565	62697264
20626974	73
2062696c6c	73
2062656c	6f766564
206265616e	7374616c6b
2062617474	6c65
2062	6f726e
2062	6c657373
206170706c617564	696e67
206170	726f6e73
20616e67	72696572
20616972706c	616e6573
206167	6573
20616666	6f7264
20616464	72657373
2061	7175617269756d
20576f6f	6c79
20576f	6c66
2057	656c6c
2057	616974
205465	6163686572
2054	7261
2054	6970
205377	69746368
2053756e646179	73
205370	696b79
205370	696379
20536c	696465
2053616d	616e746861
2053	6c79
20526f73	61
205261696e	626f77
205261	65
2052	7562626572
2052	6f6c6c79
20517565656e	79
20507570	696c
205075	7373
205072696e	7479
2050	6f7461746f
2050	6f6f636879
204f72	696e
204f	78
204e	75727365
204d6f6e	6b6579
204d	696c64
204d	61676e6574
204c	7570696e
204c	756d626572
204c	696d65
204c	696665
204b65	76696e
204a656d	6d61
204a	656c6c7966697368
204a	6564
20486572	626965
20486572	62
2048	756d7068726579
2048	616e6b
20477261	6e64
204772	756d7079
2047	696c6c
20467269656e64	73686970
2046726564	7269636b
20466c	6f72656e6365
2046	656c6978
204564	756172646f
20446f67	73
2044	65616c
20436c696d62	696e67
204368	726973
204368	616972
204361726c	6f73
20436172	73
2043	6f7279
2043	6f6f6b6965
2043	6c697665
2043	656c6961
2043	61726d656e
204275	7279
2042697264	73
20426565	426565
204265	636b79
2042616c6c	6965
2042	726f63636f6c69
2042	6f6e6573
2042	65737379
2042	61726b
20416e6e	6162656c6c65
20416c79	737361
20416c	62657274
2041	63
77	6565
77	61746572
76656e	6972
76	6173
7574	656c79
7573	73656c
7573	70
757370	6963696f7573
7573	6963
7570	696e65
756e64	726564
756c6c	616279
75	7373
75	736573
7374	6f726d
736f6c	7574656c79
7368	6f70
7365	79
7269656e64	73
726574	74
72616e6365	73
7261	70706564
72	6f72
717565	65
71756565	7a65
7065	636b
7065636b	6572
6f7570	6c65
6f75	6c61
6f73	636f7065
6f7274	68
6f72	6179
6f6c	6f
6f65	6265
6f	76696e67
6f	6b6179
6f	617264
6e	6966
6d	6f6f
6d	69657374
6c6573	636f7065
6c	6f6e67
6c	6170
6b656570	657273
6b	6965
6b	61
6974	697665
6972	616e
696e	746564
69676874	696e67
6965	766573
6963	6f
6963	61746564
6963	617465
69	62626c65
676574	6963
6661	6374696f6e
65766572	7365
657468	6f73636f7065
6574	63686564
6574	6168
656c6965	7665
6563	63
656363	61
636964656e74	73
6368	617264
63	7570696e65
63	6c6564
63	6174
6265	68
6262	657273
62	75696c64
62	656c6c
61736b6574	62616c6c
6173	616e74
61727468	61
617274	6c6564
6172	72696e
6170	6f6e73
616e74	72
616e74	656c6c65
616e74	6173746963
616e67	6c6573
616e64	6173
616e	696f6e
616d70	69
616d	626f6f
61696c	73
5a	69677a6167
57697468	6f7574
57696c6c	69616d
57	65646e6573646179
5477	6f
546f	6f74
54	6f746f
54	6f6e79
54	616d
536f	66
536e6f77	79
536e	6170
536c6f77	6c79
526f62	6279
526f	766572
52	6162626974
50	616d
4e	6f7261
4e	696e61
4e	65766572
4e	656172
4e	617465
4d65	67616e
4d	6f757365
4d	696e74
4d	6172746861
4d	61676963
4c	756b65
4a6f6e	6e79
4a	756e65
4a	6f79
4a	616e6965
4869	707079
48	6f7065
48	6f6e6579
466f	7879
46	7269656e6473
44617665	79
44	696e67
436865	6170
43	726162
43	616e6479
4272	6f776e
42	6c657373
42	61636b
42	6161
416d	616e6461
416c	62657274
41	727272
207a6f6f	6b656570657273
207a	697070696e67
2079756d	6d69657374
2079656c70	6564
20776f726b	73686f70
20776f6f64	7065636b6572
20776f	6c766573
2077696e646f7773	696c6c
2077696e64	73
2077686f	65766572
20776173	686573
207761726d	6c79
2076616c6c6579	73
207570	73696465
20756e77	726170706564
207477	656e7479
20747269	616e676c6573
207472656173	75726564
207472616e73666f726d	6564
20746f7572	73
20746f7373	696e67
20746f6f6c	626f78
207468	6965766573
2074656e74	73
2074656d	70746564
207465	6c6573636f7065
20746170	73
2074	6572
2074	616e7472
207377696d73756974	73
207377656574	6572
2073776179	696e67
207377616e	73
2073756363657373	66756c6c79
207374756e	6e696e67
207374726f6c6c	6564
207374726f6b65	73
2073747265746368	79
2073746f72	6564
207374616666	73
20737461636b	696e67
207374	6574686f73636f7065
20737175	6973686564
2073706f	696c696e67
207370696c6c	696e67
20736f75	76656e6972
20736e6f77	696e67
20736e6565	7a6573
20736e65616b	73
20736e6172	6c6564
20736e	6970
20736d617274	657374
20736c656570	73
20736c6170	73
2073696e6365	7265
2073686f6f74	73
2073686f6f	6564
2073657474	6c696e67
2073657276	616e74
207363656e	657279
207363	7265
20736176	616e6e61
2073616e6463617374	6c6573
207361636b	73
20726f77	696e67
20726f6f66	73
20726f6172	73
20726f	6262657273
207265756e	69746564
2072657374	6f72696e67
2072657363	75696e67
207265617070	6561726564
207265616c	697479
207265616c	697365
207265	6275696c64
20726167	73
207261	6973696e67
2072	69646572
2070726f74656374	696f6e
2070726f	766564
2070726f	64
2070726f	63657373
20706f7374	6d616e
20706f7373657373	696f6e
20706f72	637570696e65
20706f	7365
20706c	616e6b
2070657273697374	656e6365
20706564616c	696e67
207065	6570
207065	636b73
2070617374	6f72
20706172746963756c6172	6c79
2070	69706573
2070	616e646173
206f72	6368617264
206f70	74
206f626579	6564
206e69676874	73
206e	6962626c65
206d7572	6b79
206d696e64	66756c
206d657373	61676573
206d6564	616c73
206d6174	73
206d6172	7665
206d61696c626f78	6573
206d6167	6e6966
206c7572	6b696e67
206c6561726e	6572
206c65616e	73
206c617779	657273
206c6177	73
206c61	6365
206c	757368
206c	756c6c616279
206c	696d70
206b6579	686f6c65
206b6179616b	73
206b	696c6c6564
206a61636b	73
206a	756767
20696e74	656e746c79
20696e6a	75726564
20696e66	6f726d
20686f6f6b	73
20686f6c69646179	73
20686569676874	73
2068656172	696e67
2068656164	61636865
206865	6176656e
20686177	6b
2068617264	657374
2068616e67	657273
2068616972637574	746572
2068	756e64726564
206775	696c74
206775	69646564
206772616e64706172656e74	73
20676f6f64	6e657373
20676f6f	6579
20676c6974746572	696e67
20676c697474	65726564
2067	6c6565
2067	65726d73
20666f72	7473
206661	696c6564
2066	757a7a79
2066	69726564
2066	6966
2066	657463686564
2066	65727279
2066	616e746173746963
2066	616465
206578616d	73
20656e67	696e6573
20656e6572	6765746963
20656d62	7261
20656c626f77	73
2064756d70	6564
20647269	6c6c
20647269	6674
20646f6f72	62656c6c
2064697363757373	696e67
20646973636f766572	696573
20646973617070656172	73
206469736167726565	696e67
20646973	636f757261676564
206469616d6f6e64	73
20646573	637269
2064616e64656c	696f6e
2064	697073
2064	6570
20637269636b6574	73
20637261636b	6572
206372	7573686564
20636f7474	6f6e
20636f6d70	616e696f6e
20636c	6970
20636c	616d
2063686f636f6c	61746573
2063686f	7070696e67
20636865	65746168
20636865	61746564
2063686174	746564
2063686172	6765
2063616e	766173
2063	6f75706c65
2062757368	79
20627572	726f77
2062756d70	696e67
2062756262	6c79
20626f756e64	6564
20626f	6f7468
20626f	696c
20626c6f6f6d	73
20626c	6f62
2062697264	6965
2062697264	686f757365
206265617574	6966
206265	6174696e67
2062	75646479
2062	616d626f6f
206177	66756c
20617474	656d
20617474	61636b
20617374	6f6e
206172	72
20617070726f	616368
20616666	656374
206166	6172
20616476656e74757265	72
206163636f6d706c	6973686564
206163636964656e74	73
206162696c	6974696573
206162	6f617264
205a	6f67
205a	616e65
205768697374	6c6572
2055	73696e67
2055	7365
20547275636b	6f
2054	75636b
205374	696c6c
205374	616e
205374	616379
205370	696479
205368	617270
205368	617265
205365	616e
2053	75676172
2053	70656564
2053	6f7570
2053	6973746572
2053	69656e6e61
2052	757373656c
2052	6f7079
2052	6f6c6f
2052	6f63636f
2052	69636f
2052	687974686d
2052	617669
2052	6163636f6f6e
20517561636b	79
20506f6c	697465
20506f	6b6965
205061756c	61
2050	69636b
2050	65727269
2050	6561726c
2050	617374
204f6e	696f6e
204f6c	69766961
204f	74
204f	6174
204e	6f7261
204e	69676874
204e	65766572
204d6f	64657374
204d696c6c	6963656e74
204d6963	726f73636f7065
204d6179	61
204d61727368	61
204d	696e65
204d	696c6f
204d	69636b
204d	6162656c
204c7563	61
204c65	61
204c	697a7a6965
204c	696e6461
204c	696674
204b65	697468
204b	696e
204b	617479
204b	6172656e
204a6f6e	6e79
204a6f6e	617468616e
204a6f	646965
204a6f	616e6e61
204a	6f7264616e
2049	6d
2049	6379
2048656c70	696e67
2048	756c61
2048	616e6e6168
2048	616e61
2048	61696c6579
204772	616d7073
2047	77656e
2047	6c
20466c65	7572
20466c	7574746572
20466c	6970
20466c	617368
20466c	616d65
2046	756e
2046	6f6c64
2046	69676874696e67
2046	616e6e79
2045	7661
20446f	6573
2044	7265616d
20436f77	79
20436c	756d7379
20436c	6f7365
20436c	617773
20436865	66
20436865	657365
204368	616e74656c6c65
2043	6f6e
2043	6f6d70
2043	617465
20426c	616b65
2042	6f6e6e6965
2042	6f6c6c79
2042	6564
2042	61736b657462616c6c
20416e6e	6162656c
20416d	6965
204166746572	7761726473
204163	636964656e7473
2041	6d616e
2041	6c66
7768	6f6f7368
77	6f726b696e67
77	686565
76	696e6365
7573	616e
7572	6f7261
756e	6976657273697479
756d	6d
75636b	73
75636b73	61636b
73746572	6564
7374	75706964
7374	616e746c79
7373	696c
7368	61706564
7368	61646f77
72696e67	65
72696e	7473
7265	73
7265	6e74
7265	6573
72	6174696f6e
70	72696e7473
70	72
70	6f77
6f73	757265
6f7264	696e617279
6f6f70	6572
6f6e64	65
6f6e	6675736564
6f67	61
6f	6f74
6f	69736f6e
6f	66
6e67	656c61
6e	6970
6e	696e6773
6d65	6f77
6d6172	696e65
6c6f77	696e67
6c6c	73
6c6c	696e67
6c6c	656e74
6c6c	6173
6c65	79
6c65	7374
6c65	616d
6c65	6166
6c	6f74
6c	6f
6c	696b65
6c	6177
6c	617564
6c	61726564
6b	73
6b	6572
6a	757374
6a	657374
697665	6c79
697374656e	696e67
6972	69
696e	6e6572
696e	6374
696d	656e74
696d	61
696c	746564
6967	676572
69656e74	697374
6964	64656e
69636b	79
69636b	696e67
6963	657273
6963	616c6c79
6961	6f
68	6f6f
68	6e65
67	72
66	7265657a65
66	726565
66	6c6f77696e67
6574	61
656c6c	6965
656c	736579
656164	6f77
65	696e
65	696c
65	6365
64	61756768746572
637574	746572
636f6c	6f726564
636f	6174
6365	6c6c656e74
62	756d
62	73
62	6f756e6365
62	6f6f6d
62	616e67
617a	656c
6179	6c6f72
6175	7261
617468	79
6174656c79	6e
6174	666f726d
6174	616c
6174616c	6965
6172	746564
617070	6c617564
6170	7461696e
6170	686e65
616e676572	6f7573
616e6365	6c6f74
616d70	6c65
616d	626c6564
616c6c6f77	73
616c	6572696f7573
61696e	74
59	6573746572646179
5768	697374
57	6973646f6d
57	6865
56	696f6c6574
54	7269786965
54	726565
5374	656c6c61
5374	616e64
5370	61726b
536f66	6961
53	77656574
53	63
52	756666
52	6f73
50	6c6179696e67
50	6c6179
4d	6f7665
4d	697474656e73
4d	696c61
4d	616e79
4d	6164646965
4d	6162656c
4c	696f6e
4c	617572656e
4c	61757261
4b	656c736579
4b	656c6c79
4b	6179
4a61636b	79
4a	696c6c79
48	616e6e6168
477261	62
47	726f77
46726f	67
46696e	6e
46	7265657a65
46	6f7274756e6174656c79
46	6c
45	6c657068616e74
45	64646965
44	75636b
44	6f776e
44	696e6f
44	617265
436865	636b
436174	7479
43	6f6e6675736564
43	656c696e61
42726f776e	6965
42	75
42	727272
42	6f6f6b73
42	616c6c
41756e74	6965
416c	6f6e67
4168	68
41	6e74
41	54
3f	21
2e	e28099
2127	27
207a6970	73
207969656c64	696e67
207772696767	6c6564
20776f6f64	637574746572
20776f	6b656e
2077696e	6b696e67
2077696c64	66
2077696767	6c696e67
207765	61706f6e73
207761727269	6f7273
20776169737462616e64	73
2077	6967676c79
2077	69636b6564
20756e6c	6f
20756e646572	7761746572
20756e	7a
20756d627265	6c6c6173
207472757374	73
207472756d706574	73
20747265	6574
20747261696c	6572
207472	696d
20746f	7070
2074696d	6964
207469636b	6c6573
207468756d62	73
207468	756d70
2074657374	73
2074616e7472	756d
2074616e6b	73
207461626c65	74
2074	756d626c696e67
2074	656e64
207379	72696e6765
207377	6972
2073757266	6564
20737562	6d6172696e65
2073747269	6b696e67
2073746f7265	73
207374	756d70
207374	696e6b79
207371756565	7a6573
20737072696e6b	6c65
207370656564	73
20737065616b	6572
20737065	636b
207370616365	73
20736f6f6e	6572
20736f6674	6e657373
20736f6674	657374
20736f6674	656e6564
20736f6170	79
20736e696666	6c696e67
20736e6565	7a79
20736e	6970706564
20736e	617070696e67
20736d	617368
20736c696365	73
20736c65	696768
207369636b	6e657373
207368727567	73
207368	6174746572
2073657276	616e7473
20736572	76696e67
207365	6374696f6e
207363756c7074757265	73
2073637275	6262696e67
20736372	756e6368
20736372	616d626c6564
2073636f6f70	73
207363656e	65
207363617265	73
207363	6f776c
207363	69656e74697374
207363	69656e6365
207361746973	66616374696f6e
2073	7573706963696f7573
2073	696e6b696e67
20726f	616d6564
207269	63686573
20726573706f6e64	6564
20726566	7573696e67
207261696e	636f6174
20726163	657273
20726163	6572
207261	6b6564
2072	756d626c696e67
2072	756666
2072	75636b7361636b
207175696574	6572
20717561636b	73
2070756666	6564
2070726f706572	7479
2070726f6d	6973696e67
20707269	7a6573
20707269	7a6564
20707265	79
20706f7073	6963
20706c65	6173616e74
20706c	756d
20706c	6174666f726d
20706967	6c657473
207069636e6963	73
207068	6f6e6573
207065656c	73
207065	636b
2070	75666679
206f776e	73
206f7574	636f6d65
206f7264	657273
206f6666	6963657273
206f627374	61636c65
206f	6172
206e757a7a	6c6573
206e7572	736573
206e696262	6c696e67
206e657374	6c6564
206e656172	6c79
206d757374	6e
206d75	737465726564
206d6f7665	6d656e7473
206d6f74	6f7273
206d6f6e	7468
206d6f	616e
206d6978	74757265
206d6572	6d61
206d656c74	73
206d656574	696e6773
206d6174746572	6564
206d6174657269	616c
206d61726b	696e67
206d616e	61676572
206d61676e6966	79696e67
206d	6f756e64
206d	697474
206d	617465
206d	61696e
206c756e	676564
206c6f6e	656c
206c6f	63
206c697374656e	6572
206c65	766572
206c65	6173686573
206c617a	696c79
206c6179	6572
206c616e7465726e	73
206c616e64	696e67
206b6e	69766573
206b6e	6974
206b697373	696e67
206b696e64	657374
206a75	64676573
206974	63686573
2069736c616e64	73
20696e7374	616e746c79
20696e666f726d	6174696f6e
20696e637265	6173696e67
20696e	746572
2068756d	6d696e67
2068756d	6d6564
20686f72	7269
20686f70	73
20686f6e6b	73
20686f6e	6b696e67
20686f	736573
206865617274	62726f6b656e
2068616e64	6c6573
2068616d	6d65726564
2068	6f6f66
2068	6f6f64
2067756c70	6564
206775617264	696e67
206772	616e6e79
20676c	697374656e696e67
2067657374	757265
2067	726f6f6d
2067	6c65616d
2067	69646479
2066756c66	696c6c
20666f72657374	73
20666f6f74	7072696e7473
20666f6c6c6f77	657273
20666f	7373696c
20666f	616d
20666c79	6572
20666c6f6f72	73
20666c	697070657273
20666c	69636b6564
20666c	69636b
20666c	617368696e67
20666c	6173686564
206669676874	73
2066617363696e	6174696e67
206661	696c
206661	63696e67
2066	6164696e67
206578747261	6f7264696e617279
206578706572	696d656e74
206578	616d706c65
20656e6a6f79	73
20656e64	696e6773
2065	6c656374
2065	6c64
20647269	6573
2064726177	657273
206472	6f776e
20646f67	676965
20646f	646765
206469736170706f696e	74
206469	76
206465736b	73
206465736572	766573
2064656c69676874	66756c
2064656665	61746564
20646563	6c61726564
2064	756d62
2064	69746368
2064	617465
20637573746f6d	657273
20637572	72656e74
20637570	63616b65
2063756464	6c696e67
20637562	73
20637265	6570
206372616674	73
20637261	636b73
20636f7762	6f7973
20636f7762	6f79
20636f70	696564
20636f6f6c	6e657373
20636f6f	6c657374
20636f6e74656e74	73
20636f6e7461696e	6572
20636f6e6e	656374
20636f6e666964656e74	6c79
20636f6e64	756374
20636f6e63656e74	7261746564
20636f6e	76696e6365
20636f6e	76657273
20636f6e	7175
20636f6d6d756e	6963617465
20636f6d62	696e67
20636f6c6c6172	73
20636f62	7261
20636f	696c6564
20636972	636c6564
2063686f	70706564
20636865636b	6f7574
20636861726163	746572
206368616c6c656e	676573
206368	6970
206368	696e
206368	696c6c79
206368	696c6c
206361756c6966	6c6f77657273
20636174	6e6970
20636172	766564
20636172	72696573
2063616d70	66697265
2063616c	66
2063	6f6f706572
2063	6974696573
20627573	696e657373
20626f72726f77	696e67
20626c	7573686564
20626c	6f6e6465
2062656e64	696e67
2062656e	63686573
2062656c6965	76696e67
20626567	756e
2062656570	73
2062656175746966	756c6c79
2062616e64	73
20617474656e64	616e74
20617474656d	7074
20617474	6974756465
20617374726f6e617574	73
206170706c	61757365
20616c6f6e67	73696465
20616c	62756d
206167726565	696e67
20616476656e74757265	7273
20616464	73
2058	69616f
205768	696368
2057	697365
2057	696e6479
2057	696e
2057	686565
2056	65696c
205479	6c6572
205472	756e6b
20546f6d	6f72726f77
20546865	726d6f6d65746572
205468616e6b73	676976696e67
205468	696e6b
2054	68696e6773
2054	65617273
2054	61796c6f72
2054	616b696e67
205374726574	636879
205374726574	6368
20537465	76656e
205374	72696e67
205374	61727279
205370	7564
20536e	616b65
205363	616c65
20536179	6964
2053	796c766961
2053	7573616e
2053	717565657a65
2053	6f7572
2053	6c656570
2053	6972
2053	696e6365
2053	657468
2053	6572696f7573
2053	61736861
2052756666	6c6573
20526f	6172
2052	757468
2052	756e
2052	756d626c65
2052	697269
2052	656164696e67
20506c	616e6574
2050696e65	79
205068	6f656265
2050	726f6d697365
2050	696c6f74
2050	69676779
2050	61696765
204f74	746f
204f72	616e6765
204f70	656e
204f616b	6c6579
204f	66
204e	6174757265
204e	61696c
204d696b65	79
204d6172	637573
204d616d	6d79
204d	75736963
204d	756368
204d	696c61
204c756d626572	79
204c	6961
204c	61727279
204b	6972616e
204b	617269
204a75	6479
204a656666	79
204a	6f686e79
204a	656c6c6965
2048	756e67
2048	7567
2048	69
2048	617a656c
2048	61726d6f6e79
2048	61
20476f	6c6479
2047	756c70
20466f6c64	79
2046616972	6c616e64
2045786369746564	6c79
2043726f	636f64696c65
20436f6e	6e6f72
20436c	7562
2043687567	676572
20436865	6170
20436172	6f6c
2043	7572696f7573
2043	7265616d
2043	617269
2043	617265
2043	616e64
2042657468	616e79
2042656e	6a616d696e
2042	6f79
2042	657274
2042	656c6c
20416e	696d616c73
2041	7274687572
2041	6e67656c61
2041	6e61
20	e2809d
20	6f75
20	0a0a
c3	a9
7768	79
77	6865
776865	6c
7768656c	6d6564
766572	696e67
76	616c
7574	6368
757374	726174696f6e
7572	73
7572	6479
756e74	6564
756d70	6c6564
756d6d	61676564
756d	6564
756d	616e73
756c6172	73
756c	6f7573
756c	696172
756c	6961
7564	676564
756374	696f6e
7562	75
75	6e646572
75	6973
75	61
746f	6573
7468	6973
7468	61
746572	666c79
74	61696c
74	61626c65
737469636b	73
7368	72696e6b
7368	6d
73686d	616c6c6f7773
7363	726577
73	6f7572
73	696f6e
73	686573
73	657279
727570	746564
7272	7272
726f6d	61
726963	697479
72657373	6564
7265	7374
7265	6574
7261	63746564
72	7573747261746564
72	6974696e67
72	617465
72	616e65
7175	617368
7072	696c
7070	6c6573
7068	616e
7068616e	616765
70	6f69736f6e
70	616e
6f7474	6f6e
6f7474	65
6f74	696f6e
6f72	676574
6f72676574	7461626c65
6f70	656e
6f70	6564
6f6f6c	73
6f6f6b	79
6f6f64	6c6573
6f6e67	68656164
6f6e	6b
6f6d	69
6f63	756c617273
6f	70706564
6e646572	73
6e616d	6f6e
6e	6f77
6d65	616c
6c6574	7465
6c	756e74
6c	6f73757265
6c	697a
6c697a	6162
6c697a6162	657468
6c	697368
6c	696564
6b	6f
6a6f	69636564
6974	63686564
6974	616d
697374	6f7279
697374	656e6564
6973	69626c65
697070	6565
696f6e	61
696e67	696e67
696e	6e6965
696e	6e616d6f6e
696d	6f6e
69676874	6e696e67
6966	66657265
696666657265	6e74
6963	6961
6962696c	697479
69	6b61
69	616c
68	617665
676574	73
67	617468
67617468	61
66	c3a9
66	79696e67
66	69766564
66	69656c64
657468	726f
6574	6579
6573	79
657261	6c64
6572	66
6572	616c
6570	65
657065	6174
656e74	69616c
656e74	6572
656e	67
656c	6178
6565	7365
6564	6564
6563	686564
64	7265616d
64	6f67
64	6573
64	657273
63746f70	75736573
6368616e	746564
6368	696c6472656e
6368	696566
63	726f77
63	7265
63	696573
63	68657374
63	6865
63	616e
626f	61726473
62	74
62	6c6f776572
617465	766572
617465	7374
617374	6c79
617373696f6e	617465
617370	6572
61726c	6f747465
6172	726f77
6170	6572
616e	6174696f6e
616c	79
616c	6f6f
616b	73
616964	73
6167	6c65
6167	696e65
6164	6572
6163	756c6f7573
6162	7261
6162	626564
61	6f6d69
5a	6565
59	6970706565
576865	6565
5768	6f7365
57	6f
57	616c6c79
5477656574	79
5468	726565
54616d	6961
54	69636b
54	656e
54	48
5374	726574
5370	696e
536e	616b65
536565	696e67
5363	616d7069
53	796c766961
53	756d6d6572
53	6c6170
53	696d6f6e
53	61736861
5275	6479
526f73	61
526f62	626965
52	6f74
52	696c6579
52	69676874
52	45
5072	696e6365
50697070	61
5065	616365
50	7265747479
50	6f756c61
50	656e
50	617773
50	61726b
4f70	616c
4f	787967656e
4f	74686572
4f	6c64
4f	6c
4d6f6e	696361
4d65	67
4d	6f
4d	61727279
4c6f6f6b	73
4c65	6f70617264
4b6179	6c6565
4b	617261
4b	616c69
4a	75
4a	6f696e
49	6d
48	696465
48	656e6e79
48	48
46	726565
46	6f7572
46	696e64
46	69646f
46	65656c696e67
4578	6369746564
4577	77
4576657279	646179
45	766572
45	726e6965
44	72
44	616e676572
43	7261
43	6f6d70
43	61726d656e
4275	62626c6573
42697264	73
42656e	6a69
4265	636b79
42	72696e67
42	6f6f6d
416e79	74696d65
416e	6f74686572
41	77
41	6c79
41	6c6c79
41	6964656e
3f	2c22
3d3d3d3d	3d3d3d3d
2c	e28099
22	21
2127	2e
207a65627261	73
20796177	6e696e67
20776f72	7374
2077696e64	696e67
2077696c6466	6c6f77657273
2077686970	73
207768	6972
207761726d	657374
2077616464	6c6564
207761	78
207761	7279
20766f	6c756e74
2076696577	73
2076656e74	757265
2076616c75	6573
207572	67696e67
20756e74	77
20756e6c	696b65
20756e6b	696e64
20756e66	6f726765747461626c65
20756e64	6f
20756e	7374
20756e	7363726577
20756e	6c657373
207479	706573
207477656574	73
207477	697463686564
20747269	756d7068
2074726170	73
207472	6967676572
207472	61646572
20746f7070	696e6773
20746970	73
2074696e67	6c65
207468756e646572	73746f726d
20746869636b	6572
2074656e64	6572
2074617374	69657374
207461	6c6573
207461	6b6572
2074	756767696e67
2074	6974
2074	6172
2073776179	6564
207377	69726c73
2073757272656e646572	6564
2073757270726973696e67	6c79
2073757070	6c696564
2073756e	62
2073756767657374	73
2073756767657374	696f6e
2073756363656564	696e67
207375	70706572
207374756e	6e6564
207374756d	626c696e67
2073747564	696573
207374726f	6b696e67
2073747269	7065
2073746f7265	6b6565706572
2073746f6d70	6564
20737465	65726564
207374	75726479
207374	616d
207374	61696e6564
20737175	6972
20737175	696e746564
20737072	756e67
2073706f	6b656e
207370696e	616368
207370	6f7574
207370	6f6f6b79
207370	696b79
207370	696564
20736e6f77	79
20736e6f77	6564
20736e61696c	73
20736c65	65
20736c	696d65
20736c	656473
2073696e6b	73
207369676e	616c
20736879	6c79
20736872	756e6b
20736869656c64	73
207368617270	656e
207368	617665
20736572	76696365
20736572	766573
2073656e74	656e6365
2073656c6c	6572
20736563726574	6c79
2073656173	6865
2073637265	6563686564
2073636f6c64	696e67
207363	7269
207363	7261
207363	616c79
2073616e64	616c73
207361	766573
207361	6d
2073	6c79
2073	697070696e67
20726f74	746564
207269736b	79
2072696262	6974
207269	6368657374
20726573706f6e73	6962696c697479
20726573	70656374696e67
20726570616972	696e67
2072656c65	6173696e67
20726563	6f726473
207265617373	75726564
207265	6a6f69636564
2072617265	6c79
207261	69736573
207261	696c696e67
2072	756d6d61676564
2072	616d70
20707572	72696e67
2070756464	696e67
207075	7070696573
2070726f74	65696e
2070726f64	7563
20706f756e64	73
20706f74	656e7469616c
20706f737463	61726473
20706f7373657373	696f6e73
20706f6e79	7461696c
20706f6e64	73
20706f	6c6573
20706c7567	73
20706c616e6b	73
20706c	6f70706564
20706c	6163696e67
2070696e	6573
2070696e	63686573
2070696c6f74	73
2070696c6c6f77	63617365
20706967	6c6574
20706574	616c
207065656b	73
20706563	756c696172
20706179	6f6666
2070617373656e	67657273
207061726b	696e67
2070616e74	696e67
2070616c6d	73
207061696e746572	73
2070616464	6c696e67
207061	6c65747465
2070	696c6564
2070	616365
206f776e	696e67
206f766572	7768656c6d6564
206f757466	6974
206f7574	736d
206f74746572	73
206f72	7068616e616765
206f6174	6d65616c
206f6172	73
206e7572	73657279
206e756d626572	6564
206e696768746d617265	73
206e696365	7374
206e65	6967686564
206e65	636b73
206e	6f6f646c6573
206d6f	7070696e67
206d6f	6174
206d6978	6573
206d697474	73
206d6973	7479
206d6973	626568
206d656f77	73
206d656c	6f6e73
206d6561646f77	73
206d617465	79
206d61727665	6c6564
206d61727279	696e67
206d6172	73686d616c6c6f7773
206d61676963	616c6c79
206d61	6a657374
206d	6f77
206d	656e64
206d	6173686564
206c75636b	696572
206c6f63	616c
206c6f	73657273
206c6f	6166
206c697374	73
206c6970	737469636b
206c696b65	6c79
206c69676874	6c79
206c656674	6f
206c656170	696e67
206c65	616b696e67
206c6179	657273
206c616e647363	61706573
206c61	7661
206c61	756e6368
206b6e65656c	73
206b6e65656c	696e67
206b616e6761726f6f	73
206a756d70	6572
206a756767	6c65
206a696e67	6c6564
206a6172	73
20696e76	697369626c65
20696e746572	727570746564
20696e73697374	73
20696e73	706563746564
20696e	63686564
20696d70	616374
2068757274	66756c
20686f77	6c
20686f727269	626c65
20686f6f	766573
20686f6e	6f72
20686f	766572696e67
2068656e	73
206865	79
20686174	6573
2068616d	73746572
2068	697073
2068	696e74
206772696c6c	696e67
20677265	6564
206772616e64	6461756768746572
206772616e64	6368696c6472656e
206772	756d626c696e67
20676c697474	657279
20676c6164	6c79
20676c	756573
20676c	6f6f6d
20676c	697374656e6564
20676c	696d6d6572696e67
20676c	69646564
2067617264656e	73
2067	65657365
2067	61746573
2066756e6e	69657374
2066756e6e	696572
2066756e	6572616c
2066756c6c	79
20667265	656c79
206672	757374726174696f6e
20666f78	6573
20666f7265	736861646f77
20666c6f77	696e67
20666c6f6f64	6564
20666c	756666
20666c	697070696e67
20666c	6173686573
20666973	686573
2066696e	6973686573
20666966	7479
2066656e6365	73
2066	757373
2066	61696e74
2065787072657373	696f6e
206578706c6f	6465
206578706c	616e6174696f6e
20657870	657274
206578657263	6973696e67
2065786368	616e6765
206578	63656c6c656e74
206576656e74	73
20656e76	79
20656e74687573696173746963	616c6c79
20656e67696e65	6572
20656e63	6c6f73757265
20656e	6368616e746564
20656d657267656e	63696573
20656d	6572616c64
20656c656374	726963697479
20656c64	657273
206561676572	6e657373
2064757374	70616e
20647279	696e67
2064726f776e	6564
20647269	70
20646f	7a6564
20646f	6f6d6564
20646f	636b
20646976	69646564
2064697374	72616374
20646973706c6179	696e67
206469736f62	656469656e74
20646973	6173746572
2064696e	6e657273
20646574	61696c73
206465736572	766564
20646573637269	626564
20646573	706572
20646570	746873
2064656570	6c79
2064656570	657374
206465636f72	6174696f6e
20646563	6964696e67
206465	656473
20646179	647265616d
2064	75
2064	6f75
2064	6564
2063726f77	646564
2063726f	616b
206372	75746368
206372	756d706c6564
206372	697370
20636f7572	74
20636f7374	73
20636f6f706572	617465
20636f6f	6564
20636f6e76657273	6174696f6e
20636f6e74696e	75696e67
20636f6e74656e74	6564
20636f6e64756374	6f72
20636f6d706c65	74696e67
20636f6d706c	696361746564
20636f6d706574	696e67
20636f6d70	726f6d697365
20636f6d6d756e	697479
20636f6d6d	616e64
20636f6c6c656374	73
20636f6c6c6170	736564
20636f6c64	6e657373
20636f	636b6564
20636c7574	63686564
20636c6f	616b
20636c656172	6c79
20636c65616e	73
2063686577	73
2063686572	6973686564
20636865636b	6d617465
20636865	657379
2063686172	697479
20636861696e	73
206368	7567676564
206365727461696e	6c79
20636172706574	73
20636170	74757265
2063616e	6f65
206361	66c3a9
2063	696e6e616d6f6e
2063	61706573
2062756c6c	696573
206275636b	6c6573
206275636b	6c6564
2062756262	6c696e67
20627275	69736564
20627265617468	73
206272	696465
206272	616b6573
20626f	6e64
20626f	6c64
20626f	696c696e67
20626f	6262696e67
20626c656564	73
20626c	6564
2062696e	6f63756c617273
2062656570	696e67
2062616e67	696e67
206261636b	67726f756e64
2062	6f6e
206178	6573
2061766f	6964696e67
20617474616368	696e67
206173746f6e	6973686564
2061707072656369	61746564
20617070	6574
2061706f6c6f67	79
20616c6c696761746f72	73
2061646d	6974
20616464	726573736573
206163636964656e74	6c79
206163	63657373
206162	736f6c7574656c79
2061	726f6d61
2059	75636b
205768	616c65
2057	6f726b696e67
2056	726f6f6d
20547261	63746f72
20546f6d	61746f
205468616e6b	66756c6c79
205468	726f756768
2054616d	6961
2054	6f6f
2054	65727279
2054	656c6c
2054	656b
2054	48
205374	6570
20537061726b	6c6573
20536865	6c6c
205368	61726b
205368	616c6c
205368	616b65
2053616d	75656c
2053	77656574
2053	757272656e646572
2053	6964
2053	616272696e61
20526f62	696e
205265	656e61
20517569636b	6c79
205175	696e6379
2050757272	6b696e73
2050656e	6e6579
205065	61
2050616d	656c61
2050	7265747479
2050	65746579
204f74686572	77697365
204f72	6967696e616c
204f70	616c
204e6f	656c6c65
204e	6f727468
204e	696e61
204e	616f6d69
204d6f6e	7479
204d6f6d	6d61
204d6f	6c65
204d6963	726f70686f6e65
204d6172	746861
204d6172	6368
204d	697261
204d	6561646f77
204d	61696c
204d	61676963
204c7563	6173
204c697a	61
204c	696768746e696e67
204c	616e63656c6f74
204b	6972737479
204b	6964
204b	6174656c796e
204a696c6c	69616e
204a656d	696d61
204a6179	64656e
204a	756c6961
204a	6173706572
204a	616e6574
204a	6164
20496d	6d6564696174656c79
20486f72	7365
2048	6f74
2048	6f6e6579
204772616e64	6d6f74686572
2047	696e6e6965
2047	617279
2046726564	646965
20466c	6f70
20466978	6572
2046	757a7a
2046	72616e636573
2046	6f6f6c73
2046	696f6e61
2046	65656c696e67
20456e	6f726d6f7573
20456d	6d79
2045	6c697a6162657468
2045	6174696e67
2044	6170686e65
20436f	616c
20436865	6572
20436174	73
2043617265	66756c6c79
2043	72616e65
2043	6f74746f6e
2043	686572
2043	656365
2043	61707461696e
204272	6f74686572
204269	6b6f
2042616e64	616765
2042	756275
2042	616e67
2042	616c6f6f
2042	61696c6579
204173	6b
20416e	6f74686572
20416e	677279
20416c66	6965
2041	75726f7261
2041	6964656e
2041	65726f
202d	2d
20	69636b79
20	39
20	34
e28099	2e
e280	98
c2	92
7a7a	6c79
79	7374657273
77	6f6f66
77	696e
77	656c6c
77	656c636f6d65
77	6172
76	697665
76	696f7573
76	617374
76617374	61746564
76	61626c65
75727072	69736564
756e	617465
756d73	696c79
756d	656e7473
756c	6765
756973	686572
756767	61
75	6c65
75	697361
74696e67	756973686572
746865	77
74	7265
747265	6174696e67
74	69636b
74	68657265
74	616b65
7374	6f70
7373	6962696c
73736962696c	6974696573
7368	697274
7368	697073
73	6f727279
73	6177
726f74	73
726f62	6573
72696e67	6572
726963	616e6573
7269	6574
72657373	6572
72656574	696e6773
726565	6368
7265	6d
72656d	656c79
7265	617473
726179	6f6e73
726167	6f6e
72	7573
72	756374696f6e
72	6f706573
72	6974
72	697374
72697374	6d
726973746d	6173
72	6964
72	64
72	616e74
7074	696f6e
7074	696e67
7070	61
706c	6974
7068	6f6e6573
7065	6f706c65
706172	61626c65
70	696c6f74
6f7573	616e64
6f756e	6379
6f756368	696e67
6f75	63686564
6f72	6e6e
6f726e6e	657373
6f70	61726473
6f6f70	696e67
6f6e64	6179
6f6e	7574
6f6e	6564
6f636b	73
6f	6f72
6e656c	73
6e	756d626572
6e	6f7265
6e	6577
6d79	617264
6d61	696c
6d	6f6e79
6d	6f6e
6c79	696e67
6c6f	6174
6c6574	65
6c657373	6c79
6c	6f67
6c	696e6773
6c	6963
6c6963	656e7365
6b656570	696e67
6a	75
6974616d	696e
6973	656e
6973	617070
697264	726573736572
6972	696e67
696e67	6c79
696e64	6e657373
696e6374	6976656c79
696e	74696e67
696e	74657273
696e	7365
696d	6d65726564
696d	697473
696c	7473
6963	69657374
69	656e73
69	617261
69	616e6365
686565	7365
686564	756c65
6865	77
6865	656c
6865	6174
6865	6172746564
68	616e64
6772	61746566756c
676c	69
6767	6c6573
6765	6f7573
67	7265
67	726162
67	6e6f7265
67	6963
67	617265
67617265	74
67	6172
66	756c6c
66	7269656e64
66	6572
6579	6564
65746368	7570
657266	656374
657263	697365
6572	6e656c73
6572	676963
6570656e64	61626c65
656d	706c65
656c	7665
656c	696566
656c	616365
6562	65636361
65	6974686572
65	616e
64	696e6773
64	616e6765726f7573
64	61
636f	7665726564
636c	6f7468
6368	61
63	6f6e7574
63	6c75
63	6164
636164	61627261
6272	6973
626f6f	73
626f	7665
62	696464656e
62	656c696566
62	65636361
617a7a	6c696e67
6174	74686577
617374	696e67
617370	6564
61726e	6579
6172	72696574
6172	6c6574
6172	696f7573
6172	66
6170	73
616e74	6963616c6c79
616e64	73
616d	6f7573
616c6c	6564
616c	746879
616c	697479
616b	657273
616972	79
6164	75616c6c79
6164	6479
6164	646572
6163756c6f7573	6c79
61636b	6c65
61	7567
61	697365
5a	6970706572
5a	65726f
59	6f6761
59	65617273
57	697365
55	73696e67
5468	6f756768
54	75726e
54	756e61
54	6f7973
54	6f6f
54	69676572
54	6965
54	68696e6773
54	65
54	6167
5374726574	6368696e67
5374	75706964
5374	6972
5374	6172746c6564
5370	72696e67
536f6d6574	68696e67
5368	6f6f
53616d	75656c
53616d	616e746861
53	7175617368
53	6c656570
53	6978
53	696e6365
53	6576656e
53	656e64
53	65616e
53	616272696e61
526f	6c6c6965
5265	6265636361
52	6f79
52	657665727365
52	6564
52	616368656c
5175	696e6379
5072	756e65
5072	696e74
50656e	6e6579
5065	70706572
50	757368
50	756c6c
50	6f70
50	6f6f72
50	6f6c
50	696e
50	4f
4f6c	69766961
4f	63746f707573
4f	6174
4e6f	6b69
4e6f	656c6c65
4e	75747479
4e	6f626f6479
4e	616e61
4d6f6e	6b6579
4d6f6d	6d61
4d6f	6b69
4d6d6d	6d
4d697373	696c65
4d656c	69737361
4d6179	61
4d	6f7265
4d	696e64
4d	696c6f
4d	696b61
4d	69636861656c
4d	616d
4d	616b65
4c65	61
4c	6f75
4c	6f7374
4c	697a7a6965
4c	696665
4c	69616d
4c	656e6e79
4b	6972737479
4b	617269
4a6f6e	617468616e
4a6f	6a6f
4a6f	656c
4a657373	696361
4a656e	6e61
4a6179	64656e
4a616e65	79
4a	656666
49	7a7a79
49	6e6479
486f	70706572
486f	6f726179
4865	6172696e67
4865	6172
4861	696c6579
48	756d7068726579
48	6f6c6c79
48	61726d6f6e79
477261	636965
476f	616c
47	72656574696e6773
47	69726c73
47	6972
47	6174686572
466f	78
46	727573747261746564
46	696669
46	65746368
46	617374
46	616d6f7573
456e	6f756768
45	6c6c65
45	616368
44616e	69656c
44	72696e6b
44	6973617070
44	696e6e6572
44	657a69
44	657370697465
44	617272696e
436c	6f7365
436c	696d62
436c	69636b
4368	726973
4368	6f6f
4368	696c6472656e
43	6972
43	696369
43	6865657365
43	656c6961
43	656c657279
427574	6368
4272	6164
426c7565	79
426c	616b65
42	72657474
42	6f756e6379
42	6f6c6c79
42	616c6c79
4173	6b
416d	656c6961
416c79	61
4168	6f79
41	6e61
41	62626965
41	62
41	53
41	52
41	4e
41	49
3fe2809d	2e
3f	e28099
2e27	27
21	21
20777265	636b6564
20776f72	6e
20776f6e646572	6c616e64
2077697a	61726473
2077697365	7374
2077696e	657279
20776865	74686572
207768	697a7a
207768	697272696e67
207768	6970706564
207768	696e6573
20776569676874	73
20776564	64696e6773
207765	617665
207761746572	73
207761726d	6564
2077616c	727573
207761	6e6e61
2077	696c746564
2077	696c74
2076696e65	676172
2076696c6c6167	6572
2076696c6c	61676573
2076656e64	696e67
207665	6767
2076616e	697368696e67
2076	6172696f7573
20756e7a	6970
20756e7477	697374
20756e6c6f636b	696e67
20756e6c6f	6164
20756e69636f726e	73
20756e	6974696e67
20756e	69736f6e
20756e	677261746566756c
20756e	666f7274756e6174656c79
20756e	6576656e
20756e	62
207477	656c7665
207475636b	73
20747269756d7068	616e74
207472656574	6f7073
2074726179	73
20746f776e73	70656f706c65
20746f74	616c6c79
20746f6f7468	6272757368
20746f6e67	756573
20746f696c65	7473
2074697373	756573
2074696479	696e67
207469636b	6c696e67
20746872	6f6e65
2074686f7567687466756c	6e657373
207468696e	6e6572
207468	7265617473
207468	6f7573616e64
20746572	726f72
2074656d	7074696e67
2074656173706f6f6e	73
20746172	676574
20746167	676564
2074	69707079
2074	696c7473
2074	696c6c
2074	696c6573
2074	69617261
2074	656e64696e67
2073776972	6c6564
207377656574	6c79
207377656570	696e67
207377	6174
20737572726f756e64	696e67
2073757272656e646572	696e67
2073757265	6c79
20737572	76697665
20737570706f7274	73
20737570706f7274	697665
2073756e736574	73
2073756e62	75726e
2073756e	6e696e67
2073756e	6b
2073756767657374	696f6e73
207375636365	73736573
207374756262	6f726e6e657373
20737472756d	6d6564
20737472756374757265	73
207374726f6c6c	6572
20737472	6179
2073746f72	6d79
2073746f6d70	696e67
207374656570	6572
207374617265	73
207374616d	6d65726564
207374616c6c	73
20737461636b	73
207374	6162626564
2073717565	616c
20737175	697368
20737072696e67	74696d65
2073706c	697474696e67
2073706c	696e74657273
207370696e	6e6572
207370656c6c	696e67
207370656564	79
20737065636b	6c6564
207370	617265
207370	61646573
20736f7572	636573
20736f6f74	68696e67
20736e756767	6c6573
20736e7567	676c79
20736e6170	73
20736e	6f72696e67
20736e	61746368
20736d6f6f7468	6c79
20736d	656c74
20736c6f77	73
20736c6565	7665
20736b696c6c	6564
2073696c	656e746c79
2073686f7274	637574
2073686f6f74	6572
2073686f	70706564
2073686f	656c616365
207368656574	73
207368	696d6d6572696e67
207368	616d65
207368	616b79
207368	616b6572
20736572696f7573	6c79
207365706172	6174696e67
2073656e64	73
2073656c6c	73
20736561736865	6c6c73
2073637261	7065
20736372	756e63686564
2073636f776c	6564
2073636f6f70	696e67
207363617265	63726f77
2073636172	696572
207363	7265656368
207363	686564756c65
2073616e64	79
2073616c	7361
2073616665	6b656570696e67
207361	706c
2073	756c
2073	6f6f
2073	6f6e73
2073	697a7a
2073	697073
2073	696c6b
2072756e	6e79
207275	696e73
20726f7574	696e65
20726f636b	79
20726f	6c6573
20726f	6c65
20726f	6265
20726970	73
207269676874	66756c
207269	70706c6573
207265706c	6163696e67
2072656d61696e	696e67
2072656d	6f76696e67
2072656675	736573
20726563	656e746c79
207265617070	656172
2072656164	6572
207265	7074
207265	706f7274
207265	656473
207265	616374
20726174	74
2072	6f6f
2072	6973656e
2072	696e7365
207072756e	696e67
2070726f74656374	6f72
2070726f74656374	697665
2070726f74	657374
2070726f647563	6564
207072696365	73
20707265	76696f7573
20707265	666572
207072616374696365	73
20707261	69736573
207072	6f67
207072	616e6365
20706f776572	6c657373
20706f7574	73
20706f74	7479
20706f737463	617264
20706f73	6974697665
20706f70736963	6c6573
20706f6c	696379
20706f	73736962696c6974696573
20706f	736573
20706f	6c6c656e
20706c	756e
20706c	756d73
20706973746f6c	73
2070696e6368	79
207069636b	6c65
20706572666f726d	657273
2070656570	686f6c65
2070656570	6564
20706564	616c6c6564
207065	6564
2070617373656e	676572
2070617373	696f6e
2070616e	69636b696e67
2070616972	73
20706164	73
2070	7279
2070	616e67
206f766572	6e69676874
206f766572	666c6f77696e67
206f75	63686965
206f7267616e	69736564
206f72646572	696e67
206f7074	696f6e73
206f	63746f7075736573
206e756d626572	696e67
206e6f74696365	73
206e65617265	72
206e	6172726f77
206d75736963	616c
206d6f7665	6d656e74
206d6f73717569746f	6573
206d6f	7373
206d6f	616e6564
206d697363686965766f7573	6c79
206d6973	6368696566
206d6972	61636c65
206d696e	7479
206d657373	696572
206d65726d61	696473
206d656c	6f6479
206d616e	73696f6e
206d616a657374	6963
206d61	7374
206d	756e63686564
206d	616b657273
206c756e	63686573
206c6f76696e67	6c79
206c6f6f6b	6f7574
206c6f6e656c	696e657373
206c696d70	6564
206c69	6b696e67
206c656170	74
206c65	6f7061726473
206c61726765	7374
206c6164	64657273
206c61	73657273
206c	6974746572
206c	656e67
206b6e6f62	73
206b696e64	6572
206b6579	626f617264
206b	657463687570
206b	65726e656c73
206a757374	696365
206a75646765	6d656e74
206a696e67	6c65
206a656570	73
206a616d	6d6564
206a	696767
206a	617773
20696e7365	70617261626c65
20696e66	656374
20696d6167696e6174696f6e	73
20696d6167	696e617279
206875727279	696e67
2068756e64726564	73
2068756666	6564
20686f77	6c6564
20686f72	726f72
20686f6f	6b6564
20686f	6c6c6f77
206865656c	73
206865616c7468	696572
2068656164	70686f6e6573
206865	61746572
20686174	696e67
20686174	63686564
206861727368	6c79
2068616e67	73
2068616c6c	77617973
206861	756e746564
206861	697264726573736572
20677569746172	73
2067726f756e64	6564
20677269	7a7a6c79
20677265656e	73
20677265	6174657374
20677265	617365
206772	616475616c6c79
20676f72	67656f7573
20676f6f64	696573
20676f6c64	66697368
20676f	67676c6573
20676f	6473
20676c	7567
20676c	696e74696e67
20676c	616e6365
2067657374	75726564
2067617a	6573
2067	616c6c
2066756c66	696c6c6564
206672756974	79
20667269676874	656e696e67
206672657368	6c79
20667265	6573
2066726167	72616e74
206672	6f6c
206672	616e746963616c6c79
20666f726d	696e67
20666f72	7761726473
20666f72	6b6564
20666f72	636573
20666f72	636564
20666f72	62696464656e
20666f6c64	657273
20666f	6e64
20666c6f6f64	73
20666c6f	707079
20666c	756e67
20666c	75
2066697374	73
2066696c	746572
2066617374	656e
206661726d	73
20666172	6d79617264
2066616972	6e657373
2066616972	6c79
2066	7572696f7573
2066	617465
20657874	72656d656c79
2065786368	616e676564
206578	74696e67756973686572
20657175	616c6c79
20656e67	756c66
20656d627261	636564
20656d627261	6365
206563686f	696e67
206475636b	6c696e6773
206472756d	737469636b73
20647269	76656e
20647269	70706564
20647269	62626c65
20647265616d	6572
20647261	696e73
206472	756e6b
20646f75	6274
20646f6f72	73746570
20646f6e	617465
2064697374	726163746564
206469736170706f696e74	6d656e74
20646973617070656172	696e67
20646973	62656c696566
2064696e	696e67
206469	616c6564
206469	616c
20646573706572	6174656c79
2064656665	6174
2064656172	73
206465	7661737461746564
206465	62726973
20646172	746564
2064	79696e67
2064	75656c
2064	617a7a6c696e67
2064	616d70
20637574	74657273
20637572	7665
20637572	6c73
20637572	6c
2063726f	73736573
2063726f	616b696e67
206372656570	79
20637265	616b6564
20637265	616b
20637261776c	73
20637261776c	6572
20637261636b	6c65
20637261	73686573
206372	6f7563686564
206372	616e
20636f7572616765	6f7573
20636f7567	68696e67
20636f726e	6669656c64
20636f6f6c	73
20636f6f6c	6564
20636f6e74656e74	6d656e74
20636f6e74	7261
20636f6e74	61696e6564
20636f6e7369646572	617465
20636f6e7175	65726564
20636f6e67726174756c	61746564
20636f6e64	6974696f6e
20636f6d6d	6f74696f6e
20636f6d62	696e6564
20636f	7070657273
20636f	6465
20636f	636f6e7574
20636c7574	6368696e67
20636c696d62	657273
20636c	756d73696c79
20636c	75636b
20636c	6173706564
20636875636b	6c65
2063686f6f	736573
206368697270	73
20636865	636b73
2063686174746572	696e67
206368616c6b	73
2063657265	6d6f6e79
2063656c6c	6172
2063617270	656e746572
2063617265	66726565
2063617264	696e616c
20636172	746f6e
20636170	73
2063616c6d	696e67
2063616c6d	6572
2063	6f726473
2063	6f72616c
2063	61676573
2062757a7a	6573
20627579	73
20627572	67657273
206272656174	686573
20627261	6964
20626f77	696e67
20626f6f6d	73
20626f6f6d	696e67
20626f6f	7374
20626f6e	66697265
20626f	6f6d6564
20626f	696c6564
20626f	62626564
20626f	62
20626f	617374
2062697264	79
2062696379	636c6573
2062656e	6566
20626567	73
2062656574	6c6573
20626564	73696465
2062617468	726f626573
2062617272656c	73
2062616c6c	6574
206261	6974
2062	6c656e64
2062	6173
206177	6f6b65
20617474	61636b6564
206174	6f70
20617272	616e676564
206172	66
206172	63686572
20617070726f	76616c
206170706574	697465
20616e79	77617973
20616e	6b
20616d6f6e67	7374
20616d	626974
20616c6c	6572676963
20616c	69656e73
2061696d	73
206166	6c6f6174
20616476656e747572	696e67
20616464	6974696f6e
206164	76
20616363657373	6f72696573
2061	77617264
2061	6964
2059	756d
2057696c6c	6f77
2057	726974696e67
2057	6f77
2057	68656174
2057	6173
2057	6172
20556e	757375616c
2055	676c69
205479	6b65
2054756573646179	73
20547279	696e67
20546f	646479
2054	72656573
2054	656d706c65
2054	616e676c65
205377696e67	696e67
2053746570	68656e
20537465	616d
205374	6172746c6564
205370	6964657273
20536e	616b6573
20536d	696c696e67
205368	6f756c64
20536565	696e67
205363	6973736f7273
205363	61726c6574
2053616d	736f6e
2053	75706572
2053	6974
2053	696e67696e67
2053	617665
2053	50
205261	6a75
2052	696c6579
2052	6964696e67
2052	657665727365
2052	657461
2052	6573
2052	656265636361
2052	616365
205072	756e65
20506f	6b65
20506c	7573
2050696e	6368696e67
205068	696c
2050617374	7279
2050617374	61
2050	6c6179
204f7574	73696465
204f	63746f707573
204e	6174616c6965
204e	4f
204d6f	6b69
204d65	616e7768696c65
204d61727368	616c6c
204d61696c	6d616e
204d	6f6e646179
204d	617474686577
204d	617474
204d	616c6572696f7573
204d	616b696e67
204d	616b6572
204d	6164646965
204c696c61	68
204c	75697361
204c	6f6e6768656164
204c	69646479
204c	6173746c79
204c	616479
204b656570	696e67
204b656570	6572
204b	697261
204b	696e646e657373
204b	617261
204b	616c69
204a6f686e	736f6e
204a	657468726f
204a	656570
204a	616465
2049	6e64
2049	676e6f7265
2048	756d616e73
2048	696d
2048	696465
2048	616e676572
20476c	6974746572
2047	6c6f77
2047	686f7374
2047	65727279
2046726f67	73
20466f72	676976696e67
20466f72	67
2046616972	79
204564	77696e
2045	726e6965
2045	6174
2045	6173746572
2045	61676c65
204475636b	73
204472	6f70
20446f6c6c	73
20446f	6c7068
20446f	696e67
20446f	63746f72
2044	7261676f6e
2044	6966666572656e74
2044	617272696e
20436f6d70	79
20436f6d70	617373696f6e617465
20436f	66666565
20436c65	616e79
20436c65	616e
20436c	6179
20436c	6177
20436c	61707079
2043686572	7279
204368	726973746d6173
204361726c	61
20436172	6c79
2043616e64	6c6573
204344	73
2043	6972
2043	656c696e61
2043	617665
2043	61746879
20427574	6368
204272	696e61
20426f	7373
20426f	617264
20426c	6f636b73
2042	72657474
2042	6578
2042	656c69657665
20416d	6f73
20416d	626572
20416c	697361
20416c	69636961
2041	7368
2041	727272
2041	72656e
2041	6e79
2041	63686f6f
20	38
e280a6	e2809d
e28099	2c
c2	94
c2	93
7a7a	6c65
7a	69657374
797468	6f6e
79	6c6572
78	6564
7768	6f
77	6f727468
776f727468	79
77	696e6773
77	696e65
77	696c64
766572	74
76657274	6973696e67
76656c	73
76	6f
76	697479
76	61746564
75746f6d6f62696c65	73
7574	657273
7574	6564
757374	6572
757368	79
7573	6b73
7573	696f6e
7573	61676573
757273	646179
7572	66
7572	616e6365
7570	746564
7570	72697365
756e6b	73
756d70	6b696e
756d	656e74
756d	626f
756c	6970
756974	73
756666	6c65
756464	6c6564
756464	696573
7563	756d626572
7563	63657373
75	7365
75	707079
75	68
746f	6f74
7469	7661746564
7468	7564
7468	726f756768
7465726e	6174
7465726e6174	697665
746572	79
7465	656e
74	77656574
74	75726564
74	7269636b
74	6f7973
74	6f776e
74	6f65
74	68656e
74	616c6b
74616c6b	6965
74	616b6572
73747269	63686573
73746572	696e67
7374	72657373
7374	72616374
7374	6f6e6573
7374	696e63746976656c79
7374	616e6473
7374	616e6365
7374	616666
7370	696e
7370	696379
7368	72696e6b79
7368	6f74
7368	6f6f74
7368	617265
7365	6172
7365	61
73	75727072697365
73	706c6974
73	6c6170
73	6974
73	69646573
73	656e64
73	63686f6f6c
72727272	7272
7272	727272
726f77	696e67
726f77	617665
726f	6c6c
726974	6f7279
72696e	63657373
726965	766564
7269	70
726577	617264
726574	75726e
726574	656e64696e67
72657374	6f7265
72656e	6368
7265	746564
7265	7175657374
7265	70
7265	6c6c696e67
7265	6173757265
7265	616b
7261	77
7261	76656c
7261	7365
7261	696e
7261	63616461627261
72	75697473
72	697465
717569746f	6573
7175	6973
7175	656e746c79
7074696f6e	697374
7070	6574
706f77	657273
706c65	786564
706c	6572
706c	61696e
7068	616e74
70656374	696f6e
706563	7473
70	7574
70	6f6d
70	686577
70	68657265
70	61757365
6f79	616765
6f76696e67	746f776e
6f756e64	73
6f75	6e67
6f756e67	696e67
6f73	717569746f6573
6f73	7068657265
6f7274	756e
6f72696e67	6c79
6f7265	766572
6f72	7379
6f72	7365
6f72	7265
6f72	6c64
6f72	67616e
6f7267616e	697a6564
6f72	6174696f6e
6f70	65726174696f6e
6f6f70	6564
6f6f	7a79
6f6f	6c6c79
6f6f	6b6564
6f6e	69
6f6c	766564
6f6c	6f7273
6f6c	6b
6f63	656e74
6f	64
6f	636f6c
6f636f6c	617465
6e6f77	696e67
6e6f72	616e74
6e6577	6564
6e64	6c65
6e	6f636b
6e	6f63656e74
6e	6f62
6e	6563
6e6563	6b6564
6d656e74	6f
6d6172	7269616765
6d	6f737068657265
6d	6974
6d	696e65
6d	61796265
6d	6179
6d	616465
6c6c	6f7573
6c6c	696e
6c6573	68
6c65	656e
6c65	63746564
6c	736561
6c	6f636b
6c	696665
6c	696465
6c	657273
6b65	7374
6b	6e6f62
6b	696473
6a	756d70
69766572	73
6976	79
6976	6964
697474	657273
6974	6e657373
697374	757262
697374	6963
697368	6d656e74
6973	6d
6973	69
697272	7570
697272	6974
6972	6163756c6f75736c79
6970	6564
6970	616e7473
696e67	6572
696e65	6d61
696e64	6564
696e6374	73
696e	6b6564
696e	6973686564
696e	636c75
696e636c75	6465
696e	616c6c79
696d	73
696d	6973746963
696c	73
696c	6967
69676874	6c79
696761746f72	73
6967	696e616c6c79
6966	746564
6966	6963
6964656e74	73
6964	6f7465
6964	646564
6964	616e6365
69636b	6572
6963	696572
6963	6174696f6e
6963	616c
69	626c79
686f	70706564
68656172746564	6e657373
6865	617264
68	6f77
68	6f6e6b
68	6973746f7279
68	696e6f6365726f73
68	696c65
68	68
68	617073
68	616e67696e67
68	61646f77
6775	696e
6767	696e67
676564	79
67	756d
67	6f6f64
67	6e6f72616e74
67	69766572
67	69726c73
67	68
667269656e64	6c79
6665	6172
66656172	66756c
66617374	657374
66	6f6f74
66	696c6c6564
6578	706c61696e
6573	69646573
6572	7665
6572	6f7573
6572	696e61
6570656e64	656e6365
656e74696f6e	616c6c79
656e64	616e74
656e	736573
656e	657373
656e	63686564
656c74	73
656c6c	657279
656c6178	696e67
6566	726967657261746f72
6565	66
6564	69656e6365
656374	697665
65	657273
65	616b79
64	6f6e
64	6c6573
64	697374757262
64	696e6b
64	6570656e6461626c65
637574	74696e67
63746f72	73
6374	696e67
637269	62
637265	617365
637265	6173
636f	766572
636f	6c64
636c	6f636b
6368	75676761
6365	65646564
63	7572
63	756d656e7473
63	726564
63	6f6e74
63	696f7573
63	696572
626c	6963
626568	61766564
6265	616d
6262	697368
62	7265616b
62	656c7473
62	616b6564
617a	696e67
617a	65
617973	6f6e
6179	696e67
6177	79
6177	72
6177	6e6564
6177	6564
6176	696e6773
617574	696f6e73
617574	6966756c
61756c	69
61747572	616c
6174696f6e	616c
6174	6976656c79
617374	65
617365	73
61726e	657373
617265	66756c
6172	7368
6172	6e79
6172	6b6564
617070	6c65
6170	756c74
6170	696e67
616e74	616765
616e6b	79
616e67	73
616e64	6f6e6564
616e	6e656c
616e	6b6564
616e	697368
616d	737472657373
616d	696e67
616c	74
616c	6b696e67
616c	697a696e67
616c	657274
616b	656e
616973	6572
61696e	626f77
616666	6c65
6164	67657473
616368	696e65
6161	6168
61	776179
61	757361676573
61	696c79
61	6665
5a6f65	79
5a	69676779
5a	6170
596f75	6e67
59	69656c64
576f756c64	6e
576f	6c66
576f	6168
57686f	61
5768697374	6c696e67
5768697374	6c65
5768656e	65766572
5768	617465766572
5768	616c65
5765	65
57	6f726b696e67
57	6f726b
57	696e6b
57	61746572
57	617368696e67
57	4f
56	697669
56	656c766574
55	7365
55	70
55	6768
5477656574	6965
5477	696e6b6c65
546f	646479
546f	6464
5468616e6b	66756c6c79
5465	6163686572
5448	45
54	796c6572
54	7572746c65
54	6f79
54	697469
54	65727279
54	656c6c
54	616b696e67
5377656574	6865617274
537465	76656e
537465	6666
537465	616c696e67
5374	69746368
5374	6172
537061726b	79
537061726b	6c65
5370	726179
5370	69726974
5370	69646579
5370	61676865747469
536f	6172
5368	7574
5368	6f77
5368	61726b
53616d	736f6e
53	77
53	7572707269736564
53	756363657373
53	6f756e6473
53	6f6d65646179
53	6d
53	6c79
53	6c
53	6b79
53	6974
53	6972
53	657468
53	65616c
53	6179
526f636b	79
526f62	6f
526f	6c6c
5265	616c697a696e67
5245	45
52	757468
52	7567
52	6f63636f
52	696e67
52	657461
52	6570656174
52	656c6178
52	656164696e67
52	617772
52	6169736572
52	61697365
52	61696e626f77
52	616365
517569636b	6c79
506f6c	69
5065	707061
50616d	656c61
504f	50
50	757373
50	7570
50	72696e63657373
50	726179
50	6f77
50	6f6f636879
50	697a7a61
50	6967
50	68
50	657266656374
50	65726379
50	6561726c
50	617373
50	61727479
50	6170617961
50	61696765
4f77	6c73
4f77	6c
4f70	65726174696f6e
4f	797374657273
4f	766572
4f	696e6b
4f	58
4f	55
4f	4f
4f	4152
4e656172	6279
4e	75727365
4e	6174616c6965
4e	47
4e	45
4e	41
4d6f6e	7479
4d697373	79
4d65	6f776e79
4d6172	7269616765
4d616d	6d61
4d	6f73717569746f6573
4d	6f72
4d	6f6f
4d	6978
4d	6973746572
4d	69636b
4d	617474
4d	617468
4d	616c6572696f7573
4d	61696c
4d	61646479
4d	616368696e65
4c6f75	697365
4c6f6f6b	696e67
4c697a	61
4c6574	73
4c	7578757279
4c	7570696e
4c	7563
4c	6f7665
4c	61727279
4c	42
4c42	4f58
4a75	696365
4a6f7368	7561
4a6f	6b65
4a6f	6479
4a656666	79
4a	6f7264616e
4a	6574
4a	656d
4a	6564
4a	616e6574
49	676e6f72616e74
49	676779
49	4e47
486572	62
4861	6861
4848	48
48	6f727379
48	617272696574
48	616e64
48	616c6c6f7765656e
476f74	636861
476972	6c
47	726179
46726f67	73
46726564	646965
4672616e6b	6965
466c	6f7261
46	756e
46	72616e636573
46	6f756e64
46	6f7265
46	6f6f64
46	6978
46	6974
46	69736879
46	697265
46	617965
45786369746564	6c79
4578	63657074
4576657279	626f6479
456e	6a6f79
45	7661
45	726963
45	6c7361
45	656b
45	64
45	44
4472	6f70
446f67	73
446f	6c6c73
446973617070	656172
44	656c
44	617261
43726162	73
437261	626279
436f6d70	7574657273
436f	70706572
436c	75636b
436c	6f636b
436c	6170
436865636b	6d617465
4368	75726368
4368	69636b
4368	61726c6f747465
436172	726f7473
436172	6c79
43	73
43	6f77
43	6f756e74
43	6f756c64
43	6f6d696e67
43	6c65
43	6174657270696c6c6172
43	617269
43	61726566756c
43	52
43	48
427574	746572666c79
427574	746572
427567	73
426f62	6261
426f	78
426c	6f6f6d
42657468	616e79
42656e	6a616d696e
42656570	79
4265	696e67
4265	68617665
4265	6573
42	756d7079
42	6f79
42	6c6f77
42	6c65
42	6974746572
42	6967676965
42	65747379
42	656c69657665
42	4373
4177	77
416e79	6f6e65
416e	696d616c73
416d	626572
416c	74686f756768
416c	6d6f7374
4162	726163616461627261
4153	48
414e	54
4149	4c424f58
41	726d
41	72
41	7072696c
41	6e64657273
41	6c66
41	6964
41	6761746861
41	626f7665
41	61616168
41	57
3f27	27
3f27	22
3f	272e
3a	22
31	31
2e22	2c
2e	c294
2c	e2809c
27	3f22
27	2c22
21e2809d	2c
207a	697070657273
207a	6967
207a	6167
2079756d	6d6564
20796f756e67	7374657273
20796f756e67	73746572
2079656c70	73
207961776e	73
2079617264	73
2079	656168
207772697374	73
207772696e6b	6c79
207772696767	6c696e67
20777261	7070657273
20776f6e646572	66756c6c79
20776f62	626c696e67
20776f62	626c6573
2077696e67	6564
2077696e	6e696e6773
2077696c64	6c696665
2077696c64	6572
2077696767	6c6573
207768697a7a	6564
207768696d70	6572696e67
20776865656c	6564
20776865	65
207768	6f6f706564
20776574	74696e67
20776574	6e657373
207765656b656e64	73
207765	6564
207765	6176696e67
20776173	686572
207761727269	6f72
2077616c6b	6965
2077616c6b	6572
20776167	6779
2077616464	6c696e67
207761	726573
2077	72656e6368
2077	69746e657373
2077	697463686573
20766f6c756e74	65657273
20766f6c756e74	656572
20766f6c63616e	6f73
2076696c6c	69616e
207669	616c
2076656767	696573
2076	6f79616765
2076	69766964
2076	6974616d696e
2076	617374
207572	676573
20756e7a	6970706564
20756e7374	75636b
20756e73	616665
20756e6c6f636b	73
20756e6c	75636b79
20756e66	6f6c64
20756e66	696e6973686564
20756e66	616972
20756e62	75636b
20756e	726176656c
20756e	6f7267616e697a6564
20756e	636f7665726564
2074776972	6c73
2074776972	6c6572
207472757374	79
207472757374	776f72746879
207472756e6b	73
2074726f7068	696573
20747269636b	6c696e67
207472656d62	6c6573
207472656574	6f70
2074726176656c	6572
20747261696e	696e67
20747261696c	73
207472	7564676564
207472	6f74
20746f77	65726564
20746f756368	73
20746f74	616c
20746f617374	79
20746f	6f74
20746f	6e65
20746f	66666565
20746f	636b
20746974	6c6573
20746974	6c65
207469726564	6e657373
20746970	746f6573
20746970	746f65
2074696e67	6c79
2074696d6964	6c79
207469676874	656e6564
20746964	696e657373
20746964	69657374
207469636b	6c697368
207469636b	696e67
20746872696c6c	696e67
20746872656174	656e6564
207468	7573
2074657874757265	73
207465727269	6679696e67
20746572	7269746f7279
2074656e74	61746976656c79
207465	617279
2074617374	696572
2074616c	6f6e73
2074616b65	6f6666
20746167	73
207461626c65	7473
207461626c65	636c6f7468
2074	75736b73
2074	756c6970
2074	696e6b
2074	696c746564
2074	696c74
2074	61636b6c65
2073776f6f70	696e67
207377	6973686564
207377	656c6c
207377	6170706564
20737573706963696f7573	6c79
2073757266	657273
207375706572	706f77657273
2073756e	67
2073756974	61626c65
2073756363656564	73
20737563	6b6564
20737562	7374616e6365
207375	6473
207374756d	626c6573
20737472756767	6c6573
207374726f6e67	6c79
20737472696b65	73
2073747269	7665
20737472656e677468	73
20737472656e67	7468656e
2073747265616d	73
2073747265616d	6564
2073747265	616b6564
20737472616e67	656c79
2073747261	696e6564
2073746f6d70	73
207374696e67	696e67
20737465616d	696e67
2073746172	7279
20737461626c65	6d616e
207374	696666
207371756972	746564
207371756972	6d6564
2073717565	616c696e67
2073717565	616b79
207371756177	6b
20737175	697368696e67
20737175	6173686573
20737072656164	73
20737072	696e6773
2073706f	696c74
2073706c6974	73
2073706c6173	686572
2073706c	6174
207370656e64	73
207370656172	73
20737065616b	73
20737065616b	657273
207370	6c65656e
207370	697474696e67
207370	6972
20736f75	6c
20736f6f7468696e67	6c79
20736f6f74	686564
20736f6f74	6865
20736f6f	6f
20736f6d6574	696d65
20736f6c7574	696f6e73
20736f	676779
20736f	6461
20736f	6273
20736e756767	6c65
20736e696666	6c6573
20736e65616b	657273
20736e6172	6c696e67
20736e	6f7274
20736e	6f7265
20736e	6f6f
20736e	617463686573
20736d6f6f7468	6e657373
20736d6f	6b79
20736c6f77	696e67
20736c6f77	657374
20736c6974686572	696e67
20736c65	656b
20736c	757270
20736c	6f74
20736c	6963696e67
20736b696e	6e79
20736b	696573
20736b	6964646564
20736b	65746368
20736b	6174696e67
20736b	61746573
20736b	61746564
2073697a7a	6c65
20736978	7479
2073696d706c65	7374
207369646577616c6b	73
2073696465	77617973
207369636b	6572
207369	626c696e67
2073687574	74696e67
20736872	756767696e67
2073686f76656c	696e67
2073686f7274637574	73
2073686f656c616365	73
20736869766572	73
207368696e	69657374
2073686174746572	73
2073686174746572	6564
207368617270	6564
207368	696d6d65726564
207368	6966746564
207368	6176696e6773
207368	6176696e67
207368	616b656e
207368	61646573
20736577	6e
2073656e73	6974697665
2073656c66	6c657373
207365656d	696e676c79
2073656174	62656c7473
207365616c	6564
207365	6c656374
207365	61746564
207365	616d737472657373
2073637269	62626c6573
2073637265	656e73
20736361726564	79
207363	6f72696e67
207363	6f726573
20736177	696e67
20736176	6f72
207361706c	696e6773
2073616d	706c65
2073616c	6d6f6e
207361636b	696e67
2073	757072697365
2073	75636b
2073	697465
2073	6970706564
2072757374	6c65
2072756e	6e657273
2072756c	6564
207275	6262697368
20726f7574	696e6573
20726f756e64	73
20726f6f	6674
20726f626f74	6963
20726964	646c6573
20726964	64656e
207269	7070696e67
20726577617264	696e67
2072657665616c	696e67
2072657665	616c73
20726574	726965766564
2072657374	6f726174696f6e
20726573697374	696e67
20726573	756d6564
20726573	6964656e7473
2072657074	696c6573
207265706c79	696e67
20726570	6f72746572
2072656d61696e	73
2072656c6178	6573
2072656c	6174696f6e
20726567	7265746564
20726567	6973746572
207265636f6d6d656e64	6174696f6e
2072656365	7074696f6e697374
20726563	69706573
207265617373	7572696e67
207265617373	7572616e6365
207265	73656172
207265	6e65776564
207265	696e73
207265	656c
2072617474	6c696e67
2072616e	6765
2072616b65	73
20726164	69
207261636b	6574
207261	77
2072	756d626c6564
2072	6f776564
2072	6964646c65
20717569636b	6572
20717569	766572
207175657374696f6e	6564
2071756172	72656c6c696e67
2070756e	697368696e67
2070756e	63686564
2070756d70	696e67
2070756d70	6564
2070756666	73
207075636b	65726564
207075	70706574
207075	626c6963
2070726f76	69646573
2070726f74657374	6f7273
2070726f6a656374	73
2070726f67	72657373
2070726f64	756365
2070726f	76696e67
2070726f	76656e
2070726f	64646564
2070726f	636565646564
20707269	657374
2070726576656e74	696e67
2070726573	656e6365
2070726563	617574696f6e73
207072	616e636564
20706f7574	696e67
20706f7374	657273
20706f70736963	6c65
20706f6c	6b61
20706f6c	6974
20706f69736f6e	6f7573
20706f	6c6c696e
20706f	6163686564
20706c756e	676564
20706c6179	6d61746573
20706c6179	66756c6c79
20706c	756d70
20706974	63686572
2070696e6b	79
207068	72617365
20706574	74696e67
20706572736f6e	616c697479
2070657273	75
20706572	706c65786564
20706572	68617073
20706570706572	6f6e69
207065656c	696e67
207065	73746572696e67
207065	7374
207065	616b73
20706177	6564
20706174	74696e67
20706172746963	6970616e7473
2070617274	6e657273
2070617274	6e6572
207061726b	73
20706172	6c6f72
2070616e74	7279
2070616e	6372656173
2070616c616365	73
207061	696c
2070	75726368
2070	756c70
2070	6f756e636564
2070	6f756e6365
2070	6f6f66
2070	6f6f
2070	6f6d
2070	656e64616e74
206f77	6965
206f77	65
206f766572	6865617264
206f7574736d	617274
206f7574	696e67
206f756368	79
206f75	63686573
206f72	6967696e616c6c79
206f7074	696d6973746963
206f7070	6f7274756e
206f6c64	657374
206f6365616e	73
206f627374	61636c6573
206f62	656469656e6365
206f	76
206f	6f
206f	677265
206e756d	62
206e6574	73
206e6572	766573
206e65696768626f7572	696e67
206e65	70686577
206e65	67
206e	7564676564
206e	6f72
206e	6f6f6b73
206e	61747572616c
206d757374	617264
206d6f74686572	73
206d6f74	696f6e73
206d6f72	6e696e6773
206d6f646572	6174696f6e
206d6f	6c64
206d6973626568	6176696e67
206d697272	6f7273
206d6972	61636c6573
206d696e	69
206d696e	657273
206d6963	726f77617665
206d65726d61	6964
206d6572	72696c79
206d656d	6f7261626c65
206d656d	626572
206d656c	6f64
206d656574	73
206d65616e	696e6773
206d65	6d656e746f
206d6173746572	6564
206d617373	697665
206d61727665	6c6c6f7573
206d61726b6574	706c616365
206d6170	73
206d616e	676f
206d	65726379
206c756e6368	626f78
206c6f79616c	7479
206c6f77	657273
206c6f7665	6c696572
206c6f6f	73
206c6f6e67	696e67
206c6f6e656c	696572
206c6f67	6f
206c6f636b	696e67
206c6f6164	73
206c6f	736572
206c6f	6f6d696e67
206c6974746c65	7374
206c69	766572
206c69	66
206c656e67	7468
206c6566746f	76657273
206c6566746f	766572
206c65616b	73
206c656166	79
206c65	76657273
206c65	61706564
206c6179	73
206c617465	7374
206c6172	7661
206c616e6473	6c696465
206c616b65	73
206c	6f756e67696e67
206c	696d697473
206c	61636b
206b696e64	686561727465646e657373
206b6964	6e6579
206b656570	657273
206a756767	6c696e67
206a75	696369657374
206a6f67	73
206a696767	6c65
206a6577	656c6c657279
206a65	616e73
206973	73
2069726f6e	696e67
20696e76	6f6c766564
20696e746572657374	73
20696e74	657374
20696e7374	696e637473
20696e7374	616e74
20696e73697374	656e74
20696e73	70656374696f6e
20696e64	6570656e64656e6365
20696e63726564	69626c79
20696e636c75	646573
20696e	76656e74
20696e	6e6f63656e74
20696d70726f	76696e67
20696d70617469656e74	6c79
20696d6167	696e
2069676e	6f726573
2069676e	6974696f6e
2068757272696564	6c79
20687572	726963616e6573
2068756e74	696e67
2068756e67	72696c79
20686f726e	657473
20686f726e	6574
20686f7065	6c657373
20686f6e6579	636f6d
20686f6e	6f7572
20686f6d65	6d616465
20686f	7665726564
2068696c6c	73696465
2068696465	6f7574
206865736974	616e746c79
20686572	6d6974
2068656c706c657373	6c79
2068656c7066756c	6e657373
206865	64676573
206865	61746564
206861726d	696e67
2068617264	776f726b696e67
2068617264	7368697073
2068616e64	79
2068616e64	7374616e6473
2068616e64	6c6564
2068616d	7374657273
2068616c6c	73
2068616c66	776179
206861626974	73
206861	76656e
206861	6972737479
2068	7568
2068	7564646c6564
2068	6f6d
2068	696e64
2068	696b65
2068	61726e657373
2067756e	73686f74
2067756d	62616c6c
206775	6964616e6365
2067726f756e64	73
2067726f	616e
206772696e	6e696e67
206772656574	696e67
206772656174	6572
206772616e64	6b696473
20677261	7a696e67
20677261	696e73
20677261	696e
20677261	63696f7573
206772	696d65
20676c65616d	696e67
20676c	6f7279
20676c	696e746564
20676c	696d6d6572
20676c	6964696e67
20676972	6c79
2067656e746c65	6d656e
2067656e65726f7573	6c79
2067656e6572	6174696f6e73
2067656d	73746f6e6573
2067617264656e	696e67
20676170	73
2067616c6c	6f706564
2067	7574
2067	65726d
2067	6572
2067	616467657473
2066756c6c	657374
2066726565	696e67
20667265	7175656e746c79
206672	616d6573
20666f7572	7468
20666f7274	756e617465
20666f7265736861646f77	696e67
20666f7265736861646f77	6564
20666f72	6d6572
20666f72	6d6564
20666f6f6c697368	6e657373
20666c75	696473
20666c6f6f64	696e67
20666c6f	70706564
20666c69676874	73
20666c6173686c69676874	73
20666c	6970706572
20666978	6573
2066696c	7468
2066656172	6c657373
206665	617473
2066617374	656e6564
206661726d	686f757365
2066616972	6965
2066	72696564
2066	6c657368
2066	6974746564
2066	616e6773
2066	616d65
2065796573	6861646f77
206579	6564
2065787072657373	696f6e73
206578706c6f	646573
206578706c6f	646564
206578706c61696e	696e67
206578706c	6f73
206578657263	69736564
20657863657074	696f6e
20657863	75736573
206578	6973746564
206576657279	74696d65
20657363	6170696e67
20657363	61706573
206572	7570746564
206572	61736564
20656e67756c66	6564
20656e6572	67
20656e636f75726167	6573
20656e636f756e74	6572
20656e	656d79
20656666	656374
2065617274687175616b65	73
20656172	72696e67
2065	6c66
2064756d70	73
206475	6f
206472756d	6d6572
2064726167	73
206472	6f706c65
206472	6f6f70696e67
20646f6f72	6b6e6f62
20646f	63756d656e7473
2064697374757262	73
20646973706c6179	73
2064697274	696572
2064697274	696564
206469	616c73
206465746572	726564
20646574	656374697665
2064657374	72756374696f6e
20646573637269	6265
2064656d616e64	73
20646566	656e64696e67
20646564	69636174696f6e
20646564	696361746564
20646563	7265
20646563	6166
2064656172	6c79
206465	62
20646179647265616d	696e67
20646179	74696d65
20646172	6b657374
2064	6f6e67
2064	696d
2064	696c6967
2064	696573
2064	61776e6564
2064	617368
2064	617274
2063757465	7374
20637574	746572
20637572	766573
20637572	736564
20637570	626f61726473
206372697370	79
20637265	61746f72
20637265	616b79
206372616e	6265727279
20637261636b	6c696e67
20637261636b	696e67
20637261	66746564
206372	6f756368696e67
206372	6f7073
206372	6f6f6b6564
206372	616e6b79
20636f77	6769726c73
20636f7374	6c79
20636f727265	6374
20636f6f6b	73
20636f6e76696e	63696e67
20636f6e74726f	6c6c
20636f6e74656e746564	6c79
20636f6e74	7269
20636f6e7369646572	6174696f6e
20636f6e6e	656374696e67
20636f6e67726174756c	6174696f6e73
20636f6e67726174756c	617465
20636f6e66	7573696f6e
20636f6e636572	6e
20636f6e	7374616e746c79
20636f6d70	617373
20636f6d70	61726564
20636f6d6574	73
20636f6c6f7572	696e67
20636f6c6c656374	696f6e73
20636f6c6c6170	7365
20636f6c6c	616765
20636c7562	73
20636c6f74	68696e67
20636c6f636b	77697365
20636c6f	636b73
20636c69636b	73
20636c65766572	6e657373
20636c65	617265
20636c	696e6b
20636c	696d
20636c	656e63686564
20636c	6173736573
20636c	61636b
2063686f	6b65
2063686970	6d
206368696d6e6579	73
206368696c64	686f6f64
2063686565746168	73
20636865	6174696e67
2063686174746572	6564
206368	7567
206368	6f707079
206368	6972727570
206368	696d70
206368	616e6e656c
20636174	6170756c74
2063617265	74616b6572
2063617265	66756c6c
20636170	7475726564
20636170	74697661746564
2063616e	617279
2063616c6d	73
20636162	6f6f7365
2063	75727365
2063	7563756d626572
2063	696e656d61
206275727374	696e67
20627572	6e74
2062756c6c	657473
2062756c6c	6574
206275696c64	73
206275696c64	657273
206275696c64	6572
20627567	6779
206275	6e646c65
20627275	697365
20627269676874	656e696e67
20627269676874	656e6564
20627265	77
20627261	696e73
206272	6f77
206272	696d
206272	616b65
20626f756e	63696572
20626f7373	696e67
20626f6f	6564
20626f	696e67
20626c696e6b	73
20626c657373	696e67
20626c657373	6564
20626c65	617473
20626c	75727279
20626c	756573
20626c	6973746572
20626c	616d6564
20626c	6164646572
20626974746572	6e657373
2062656e6566	6974
20626567	696e73
206265616b	73
206265	6767696e67
206265	617473
2062617474	6c6573
20626174	746564
20626173	6b696e67
2062616e67	73
2062616c6c	6572696e61
206261636b67726f756e64	73
206261636b	7570
206261636b	696e67
206261	61
2062	756c6765
2062	756464696573
2062	726565
2062	696e64
2062	6964
2062	616c6d
206177	68696c65
2061766f	69646564
2061756e74	6965
20617474656e64	616e7473
20617474656d7074	73
206174	6d6f737068657265
206173746f6e	6973686d656e74
20617274697374	73
20617274	776f726b
20617272	616e6765
2061726d	6f7572
20617267	756d656e74
20617265	6173
206172	72657374
20617070656172	696e67
20617070656172	616e6365
20616e79	626f6479
20616e74	69646f7465
20616e6b	6c65
20616c	7465726e6174697665
20616973	6c6573
20616476	616e74616765
2061646d6972696e67	6c79
206164	766572746973696e67
206164	6f72696e676c79
206164	6a757374
206163	637572
206162	737472616374
206162	616e646f6e6564
206162	61636b
2061	63746f7273
205a	61636b
2059	756d6d79
2059	6f6761
2057696e	746572
205768	617465766572
2057	6f726c64
2057	696e65
2057	6166666c65
2057	45
2057	414e54
20546f	6f7468
20546865	6f
205468	757273646179
205468	756e646572
205468	726565
205468	6f756768
205465	616d
205448	4154
2054	75726b6579
2054	617065
2054	61626c65
2054	4f
205377	696d
205374726574	6368696e67
20537465	656c
205374	6f7265
205374	69636b
205370696e	6e696e67
205370	69646572
205370	656c6c
20536f	6172
20536e	65616b79
20536c	69646572
205368	6f70
20536565	6b
205363	616d7069
205350	4c
2053	697369
2053	63686f6f6c
2053	61757361676573
20526f636b	657473
20526f	736573
20526573	70656374
205261	76656e
2052	7272727272
2052	6570656174
2052	656c6178696e67
2052	6566726967657261746f72
2052	656566
2052	6163696e67
2052	4f4152
20506f6c	69
2050696c6c	6f77
205068	6f6e65
205065	6572696e67
20506174	7479
2050617373706f7274	73
2050	757a7a
2050	756d706b696e
2050	726574656e64696e67
2050	6f756c61
2050	6967
2050	61706572
204f77	6e
204f72	67616e
204f	7374726963686573
204f	617473
204f	4e45
204e6f	6b69
204e	656974686572
204e	656564
204e	6170
204d75736963	69616e
204d6f6e6b6579	73
204d6f6e	696361
204d697373	79
204d696c6c	6572
204d65	69
204d61746368	696e67
204d6172	6761726574
204d	6f7665
204d	6f7374
204d	6d6d
204d	696c6b
204d	617468
204d	617463686573
204d	6161
204d	41494c424f58
204c6f6f6b	696e67
204c6574	73
204c	756e6368
204c	6f76696e67746f776e
204c	6f6c6c79
204c	696f6e73
204c	656164
204c	617567
204c	616e6775
204a756d70	696e67
204a75	696365
204a6f7368	7561
204a6f	656c
204a	756d626f
204a	7567
204a	6179736f6e
20496e64	6570656e64656e74
20496e	7374616e746c79
20496d	6167696e65
20486f74	656c
20486f	6f726179
2048	6f6e6b
2048	6964696e67
2048	6176696e67
2048	616e64
204772616e64	666174686572
204772	61746566756c
20476f	696e67
20476c	617373
20476972	6c
2047	726f77696e67
2047	72656564
2047	72656174
2047	6976696e67
2047	696c6c79
2047	65726d73
20466f	6f74
2046	75727279
2046	75656c
2046	7265657a65
2046	6f7274756e6174656c79
2046	6f7265766572
2046	6c79696e67
2046	696e65
2046	6173746572
204578	657263697365
204578	63657074
2045	726963
2045	6e67
2045	4154
204472	696e6b
20446f6c7068	696e73
2044	7572696e67
2044	6970706572
2044	616e676572
2044	4f
20436c65616e	696e67
20436c65	6172
20436c	75636b
20436865	6c736561
204368	6f6f
204368	6f636f6c617465
204368	61726c6f747465
204368	616e6765
204368	61696e
20436174	6368
2043616e64	6c65
2043	7574
2043	75736879
2043	75707079
2043	7261796f6e73
2043	6f70
2043	61756c69
2043	616c6d
2043	616b65
20427574	746572666c79
20427567	73
20426c	6f62
20426c	61636b
20426565	66
2042656172	73
204265	6175746966756c
2042	7573746572
2042	756c6c
2042	756c62
2042	72656164
2042	61726e6579
204173	6b6564
20416e79	7468696e67
20416d	656c6961
20416c79	61
20416c66	726564
20416c	61726d
2041636f726e	73
2041	75746f6d6f62696c6573
2041	7072696c
2041	6e64657273
2041	6d656e
2041	68656164
2041	6761746861
2041	424373
2039	3131
2032	30
203130	30
2031	32
2022	2e
20	c293
20	697679
20	6972726974
20	6972
20	37
0a20	20
e2809d	21
e28099	21
e280	93
c3	b1
c3b1	6174
c3b16174	61
7a	6970
7a	696572
7a	656e73
7a	656c
797468	6167
7974686167	6f72
79746861676f72	6173
796d	656e
79	756d6d79
79	75636b
79	6f7572
79	6d65
79	6a616d6173
79	69656c64
79	6565
79	636c6564
79	636c65
79	626f6479
79	61636874
7768	697465
77656c6c	73
77	79
77	726974696e67
77	6f756c64
77	6f
776f	6e646572
77	6c696e67
77	69676779
77	6967
77	656172
77	61726d696e67
77	617265
76726f6f6d	73
76657374	6564
76657273	696f6e
766572	7479
76656e74	68
76656e	6765
76656e	657373
76656c	6f706564
76656c	696e67
76656c	696572
7665	79626f6479
7665	73746572
76	79
76	6978
76	6974696573
76	6973696f6e
76	65746572696e617269616e
76	6174696f6e
76	616379
7574746572	666c79
757468	6f72
7574686f72	697479
7574	726f6e
7574	6174696f6e73
7574	6174696f6e
757374	6c696e67
757374	696f6e
757374	61696e6564
75736963	616c
7573	70656374
757274686572	6d6f7265
757274	757265
757274	68657374
75727072	69736573
75726e	6564
75726e	616d
75726e616d	656e74
757269	6f73697479
757266	696e67
757266	61636564
75726564	6c79
7572	726179
7572	697479
7570	696564
7570	626f617264
756e74	73
756e74	696e67
756e74	696c
756e67	6c6573
756e646572	7374
756e6465727374	6f6f64
756e646572	67726f756e64
756e64	6865
756e646865	6974
756e	72697365
756e	6e696e67
756e	6e696573
756e	6b656e
756e	636f6d666f727461626c65
756e	63686573
756e	6174
756e6174	6c79
756d70	6564
756d6d	6974
756d626572	6a61636b
756d62	6c6573
756d	756c
756d756c	7573
756d	62657273
756c70	726974
756c6c	656e
756c6c656e	6c79
756c6966	6c6f776572
756c6172	697479
756c	7661
756c	7479
756c	73696f6e
756c	6174696f6e
756973	616e6365
7567	67657473
7567	67657374
7567	65
7567	61746564
756666	73
756666	6c6564
756666	6572
756666	61776564
75657374	73
756464	656e746c79
7564	67696e67
756467696e67	6c79
7563	746564
7563	6c6964
7563	6c65
75636c65	7573
7563	6572
7563	6174696f6e616c
7562	6573
75616c	697479
75	7365756d
75	72696573
75	6c6573
75	6572
75	6479
756479	696e67
75	646572
75	6172
75	616e61
746f6e	73
746f	676574686572
746865	79
746865	6d6564
7468	756d70
746572	7573
74	776967
74	75726e6564
74	7279
74	7261696e
74	6f756368
74	6f70
74	6d6f7374
74	6c65
74	6965
74	6963
74	686564
74	656c6c
74656c6c	696e67
74	656172
74	617374696e67
74	6170
73746572	79
73746572	696f7573
7374	72756374696f6e
7374	726574
7374726574	63686564
7374	6f6f6c
7374	6972
7374	656d
7374	65696e
7374	65
7374	6179696e67
7374	6174
73746174	6963
7374	617274
7374	616d7073
7374	616b696e67
7374616b696e67	6c79
7374	61636b
7373	7368
73737368	6868
7373	6f6d6564
7373	6574
7373	656e6365
7373	6564
73706170	657273
7370	79
7370	6f6e73
73706f6e73	69626c65
7370	656369616c
7370	617373
7370617373	696e67
7370	616365
736f6c	766564
736f6c	7665
736f6c	757465
736e	6970
736974	616e746c79
736861646f77	696e67
7368	7574
7368	617270
7368	616b65
7368	61
73657373	6564
736572	746564
7365	7665726564
7365	6d
73656d	626c6564
7365	6174
7363	6f74
73636f74	6368
7363	6973736f7273
7361	6f
73616f	676564
73	7572696e67
73	757265
73	756e72697365
73	756d6564
73	7566666572
73	736579
73	73656c
73	6f72
736f72	62
73	6b
736b	6174696e67
73	697a6564
73	697a65
73	6974746572
73	696572
73	696564
73	686572
73	617270
73617270	6c79
73	616c74
7279	776179
7272	7261
72727261	6161
727272616161	6172
7272726161616172	727272
726f77	73
726f77	6564
726f74	756d
726f7068	6f6e6573
726f6e	746564
726f6d	6f73
726f6d6f73	6f6d65
726f6d	69736564
726f6c6c	61626c79
726f64	756365
726f	6c6c696e67
726f	6c
726f	616473
72696e6b	6c65
7269676874	656e6564
726967	75696e67
726965	76696e67
726964	6f72
726964	6179
7269	76696e67
7269	6c6c79
7269	6b65
7269	656e7473
7269	617465
726574	6c79
726574	68
72657468	7261
726574	656e64
726574	65
72657373	697665
726573	70656374
726573	697374
726573697374	69626c65
726573	656e746c79
726570	61726564
726570	616972
72656e	63686564
72656c	6961626c65
7265656e	79
726563	746564
72656174	6865
72656173757265	73
7265616d	73
7265	73706f6e7369626c65
7265	6e67
72656e67	7468
7265	6c79
7265	636861
7265636861	756e
7265	6174696f6e616c
7265	61746564
726179	73
726179	696e67
726177	6c6564
726177	6265727279
72617465	66756c6c79
726170	697374
726170	686572
726167	696c65
726162	6963
7261	7a79
7261	766f
7261	7070696e67
7261	696e6564
7261	626c65
72	757368
72	756761746564
72	75646572
72	75636b
72	7562
72	6f7573
72	6f70
726f70	7269617465
72	6f6e74
72	6974696f6e
72	696d70
72	696d65
72	61746573
72	61746368
72	616e6e79
72	616e67
72616e67	657273
72	616e636564
72	616e
72	616d
72616d	73
71756973	6974697665
71756973	697465
717565	616b
7175	6972696e67
7175	69726564
7175	696e73
7175	617265
7175	616c
7175616c	6966
7175616c6966	696564
7175	61636b
707574	6572
7074	696f6e73
7074	6963616c
7072	696e74
7070	6172656e74
70706172656e74	6c79
7070	61626c65
706f77	65726564
706f77	646572
706f7274	616e74
706f6d	73
706c65	61736564
706c65	6173616e74
706c	6f73
706c6f73	69766573
706c	6f70
706c	6564
706c	6174
706c	616e6b
706c	616e6573
706974	63686564
7068	6162
70686162	6574
706572	7365
706572	61746564
7065	656b
70	7572706c65
70	726574656e64
70	72657373697665
70	7265636861756e
70	6f776572
70	6f6f66
70	6f6b65
70	6c6573
70	696e73
70	696e67
70	696e65
70	657273
70	6564
70	6179
70	61746879
70	617373
70617373	6564
70	617274
70	61726b
70	61706572
70	616972
70	61696e
7061696e	746564
6f776e	73
6f776e	657373
6f77	7779
6f7574	73
6f7573	6c79
6f7573	696e67
6f75726e	657373
6f7572	6564
6f756e74	79
6f756e74	6564
6f756e64	696e67
6f756e6365	73
6f756e6365	6d656e7473
6f756c64	696e67
6f756768	73
6f7567	68657374
6f7564	657374
6f75	72616765
6f75	6c
6f7461746f	6573
6f74	6c65
6f74	6961626c65
6f74	686564
6f74	61726473
6f7374	617465
6f73	686564
6f73	6572
6f7274	616c73
6f727365	66756c
6f727279	696e67
6f727265	63746c79
6f727265	6374
6f72	6f75736c79
6f72	697a65
6f72	6973
6f72	696f7573
6f72	696c6c61
6f72	6967696e616c
6f72	6964
6f726964	61
6f72	63686564
6f72	616e6765
6f70	746564
6f6f6e	73
6f6f6b	696e67
6f6f6b	696573
6f6f66	79
6f6f64	6c696e67
6f6f64	6c65
6f6f64	6564
6f6f	6f68
6f6f	6c79
6f6f	6368
6f6e6772	617473
6f6e67	7374
6f6e657374	79
6f6e	6f6e
6f6e	6c79
6f6e	6574
6f6e6574	6865
6f6e65746865	6c657373
6f6e	656e7473
6f6d	6f7573
6f6c	69766573
6f6c	697465
6f696e	746564
6f67	726170686572
6f67	6779
6f67	67696e67
6f63	6b6579
6f62	65
6f62	6279
6f	73736f6d6564
6f	736573
6f	707061626c65
6f	6c65
6f	6b
6f	6a
6f6a	616e
6f	696365
6f	616b
6e74	726f64756365
6e74	726967756564
6e74	6572696e67
6e6f636b	696e67
6e6f	76656c
6e6963	7573
6e67	656c
6e6574	776f726b
6e6574	73
6e64	7279
6e64	726f7573
6e64	72657373
6e64	666174686572
6e64	65746572
6e6465746572	726564
6e64	6564
6e6365	73
6e61	68
6e61	65
6e	73
6e	6f726d616c
6e	6c79
6e	697a
6e	697479
6e	696564
6e	69636b6572
6e	657874
6e	6573736573
6e	65656c696e67
6e	63
6e	6172
6e6172	6c6564
6e	61696c
6d6d	6d6d
6d6d	6d
6d6574	6564
6d656e74	6c79
6d656e74	696f6e
6d65	6173757265
6d616e	656e74
6d	7572696e67
6d	6f76696e67
6d	6f7665
6d	6f6f6e
6d	6f6d65746572
6d	6d61
6d	697373696f6e
6d	696e6564
6d	696e646564
6d	657279
6d	656e7365
6d656e7365	6c79
6d	656c74
6d656c74	696e67
6d	61746564
6d	617463686564
6d	616d61
6d	616b6572
6d	61676963
6d	61626c65
6c74	696d
6c74696d	6174656c79
6c7068	696e
6c70	6f6f6c
6c6f72	696e65
6c6f6e67	6572
6c6f	766572
6c6c6f77	6564
6c6c	69
6c697665	6c79
6c696b65	73
6c6578	697665
6c656e64	6964
6c656d	6e6c79
6c656d	656e
6c656272	617465
6c65	76656e
6c65	6173
6c	76696e67
6c	756d6265726a61636b
6c	7473
6c	73746572
6c	6f7572
6c	6f7374
6c	6f696e
6c	6974
6c	696e657373
6c	696d697473
6c	6967
6c6967	6564
6c	6365
6c	617a65
6c	616e7473
6c	61696e
6c	6164
6b69	7070696e67
6b6572	6368696566
6b65	73
6b65	70746963616c
6b	756c6c
6b	6e6f776e
6b	697473
6b	696c6c
6b696c6c	6572
6a756d70	696e67
6a657374	79
6a	7573746564
6a	756e676c65
6a	656c6c79
6a	6563746564
6a	6172
697a7a	6573
697a7a	6173
6978	6564
6976657273	617279
6976	6f7265
6976	617465
697474657273	77656574
697474	696573
697474	65726564
697474	65
6974686572	6564
6974616d	696e73
6974	6f726973
6974	6f726564
6974	6d656e74
6974	696f6e73
6974	617465
6973746f6c	73
697374	73
697374	6f746c65
697374	656e6365
697373	6174
6973736174	6973
69737361746973	66616374696f6e
697373	616e74
697370	75746564
697368	6f70
697368	6d656e7473
697368	6c79
697365	61736573
6973	7065
6973	6974696e67
6973	686572
6973686572	6d616e
6973	6572
6973	63696e67
697274	65656e
697265	72
6972	706c616e6573
6972	6b
697070	6f
696f	6c657473
696e74	6d656e74
696e74	656e74696f6e616c6c79
696e73	6564
696e6f636572	6f736573
696e6b	657473
696e6773	68
696e677368	6f74
696e676572	6c79
696e67	6572696e67
696e65	7365
696e65	6572
696e64	756c6765
696e64	6570656e64656e74
696e	746572
696e	737465696e
696e	6e696564
696e	697363696e67
696e	6963
696e	656c79
696e	637265617365
696d70	7365
696d6564	6573
696d62	6c65
696d	756d
696d	6d6f6e
696d	6d657279
696d	696e616c
696d	6963
696d	617465
696d	6167696e65
696c6c	69676874
696c6c	617279
696c65	6f
696c65	6d6d61
696c	74696e67
696c	7374
696c	6b696e67
696c	697479
696c	69
696c69	6164
696c	656e6365
69676e	69666963
69676e69666963	616e74
69676874	657374
69676874	657273
69676874	6564
696765	6f6e73
6967	6f726f75736c79
6967	686572
6967	616e74
6967616e74	6963
6967	616d
6967616d	656e7473
6967	616465
69666963	616e746c79
6966	74696e67
6966	6963617465
6966	616374
6966616374	73
69656e74	6c79
6964	6e
6964	65726564
6964	656c
6964656c	696e6573
6963	6c65
6963	69616e
696369616e	73
6963	6865
69636865	766572
6962	6e697a
6962	6574
69626574	616e
69616e6365	73
69	c3b1617461
69	776f726b
69	76656e657373
69	7573
69	616d6f6e64
69616d6f6e64	73
686f	7070696e67
686f	6f726179
6869	626974
68657265	72
686572	6d6f6d65746572
6865	6d656e746c79
6865	6c64
6865	657473
6865	616c746879
68616e64	6564
6861	757374696f6e
68	756e74696e67
68	6f7573696e67
68	6f727365
68	6f726e
68	6f70
68	6f6f6b
68	6f6c64
68	6c657465
68	696464656e
68	6177
68	6176696e67
68	617465
68	61727368
68	616e6365
68	616c6564
6775	696e73
6772	6f776e
6772	6f7570
676f6f64	627965
676f	696e67
6767	696e6773
676574	74696e67
67656e	6379
6765	6d
67	72656573
67	6f6f7365
67	6c696e67
67	69646479
67	6963616c6c79
67	6173
67	616c
67	616765
666f7274	756e65
666f7274	756e61746c79
666f7274	756e617465
66666963	69656e746c79
66657265	73
66657265	6e64
66657265	6e636573
66	6f6c6b
66	6c696573
66	697665
66	69726564
66	696e
66	69676874657273
66	617265
6577	77
6577	73706170657273
6577	656c
6577656c	7279
6577	617265
65746572	6e697479
65746572	6d696e6564
6574	776f726b
6574	75726e
6574	746c65
6574	74696e67
6574	746572
6574	72696576696e67
6574	6974696f6e
6574	696d65
6574	616c
657374	73
657374	7275636b
657374	726f79
657373	696f6e
6573	756e6468656974
6573	6b79
6573	69676e
65727461696e	6d656e74
657274	697073
657274	69666963617465
657273	697374656e6365
657273	6279
65727269	66696564
65727269	6572
65726e	73
657266	756d65
6572657374	696d617465
657265	63746564
6572	766978
6572	766573
6572	6e69637573
6572	696573
6572	6965
6572	67656e6379
6572	6279
657074	696c65
6570	69656365
656e74696f6e	616c
656e74	6c656d656e
656e74	696f6e73
656e74	6865
656e73	696f6e
656e73	696e67
656e67	696e656572
656e64	73
656e64	6f7573
656e64	6978
656e64	6564
656e	6f6d6f7573
656e	6e6165
656e	676572
656e	65726f7573
656e	65
656e	61676572
656d	73
656d	6f72696573
656d	6f6e73
656d	657267656e6379
656d	62
656d62	617272617373
656d	61696e
656c6c	6973686d656e7473
656c6c	6572
656c6965	766564
656c6965	7661626c65
656c	756374616e746c79
656c	6f77
656c	6f6e67
656c	6d
656c	696768746564
656c	696473
656c	6961626c65
656c	616e64
656666	656374
656666656374	73
656564	696e67
6565	6b696e67
6565	657365
6565	65
656565	6f77
6565	6368
65656368	6c657373
6564	697473
6564	646564
6564	616c73
656374	7572696e67
656369	6573
6563	79636c65
6563	7565
6563	7265746c79
6563	6f6d696e67
656172	74686564
65	6f7273
65	6c657068616e74
65	6c656272617465
65	697468
65	68656d656e746c79
65	67616c
65	656c
65	6174696e67
65	61726e
6561726e	6564
6479	73736579
646f	6f72
646f	6b6579
64656e	657373
6465	6c657465
6465	656473
6465	6164
6464	696572
6464	657273
6464	6572
64	757374
64	726573736564
64	6f776e
64	6f756768
64	6f7261626c65
64	696e6e6572
64	69646e
64	696374696f6e617279
64	656e6564
64	61746573
64	61726b
64	6164
646164	61
6379	636c65
6375	6c65
6374	73
63726564	69626c65
636f6e74	726f6c6c61626c79
636f6e74	726f6c
636f6d706c	61696e
636f6d	7075746572
636f6d	706173736564
636f6d	696e67
636f6c	6f75726564
636f	76657279
636f	73
636c75	646564
636c6f7468	73
636c	75636b
636c	697073
636c	69636b
636c	6170
636b	6f6e6564
63686572	73
636865	7373
636865	636b
636865	6170
6368	7567
6368	6f70
6368	696d65646573
6368	6172746564
6368	616d626572
6368	61697273
63657373	697665
63657373	617279
63657074	6963616c
63656e74	72617465
636564	6172
6365	6e646564
6365	6c61696e
63	75666673
63	7565
63	737461746963
63	72696d65
63	72657465
63	72617a79
63	6f6f6b
63	6f6e79
63	69657374
63	65727461696e
63	6177
63	617574696f7573
63	61746368
63	617274
63617274	6573
63	617270
63617270	656e746572
63	617265
63	6172
63	6170706564
63	616d65
63	6162
636162	696e
627574	696f6e
6272	696e67
6272	69646765
626f78	696e67
626c	6f6f646564
626c	6164646572
6265	717565
6265	6566
6265	65
6262	696e657373
62	7574746572666c79
62	757465
62	726f7773
62	696c73
62	6574746572
62	656c69657665
62	656473
62	65637565
62	656361757365
62	616c65
62	6167
626167	73
62	61636b
62	6163
626163	636f
617a	7a79
617a	696e676c79
617a	616d
6178	65
617779	657273
617779	6572
6177	696e67
6177	617265
617669	6f72
61766572	6c79
617665	6d656e74
6176	61696c
617661696c	61626c65
617574696f7573	6c79
617574	696f6e
617567	65
6174746572	696e67
6174746572	6564
617474	72616374697665
617474	656e646564
617474	616368
617473	6f6e
617465	66756c6c79
6174	757265646c79
6174	7565
6174	746564
6174	68696e67
6174	6865726572
6174	686564
6174	6865
6174	657273
617374	61
617368	636c6f746873
6173	6e
6173	696f6e
6173	636865
61727468	7175616b65
617274	73
617274	62726f6b656e
6172726f77	73
61726d	6564
61726c	616e6473
61726b	61626c65
617269	657479
6172656e74	73
617265	77656c6c73
617264	6c79
617264	6c657373
6172	74757265
6172	74696e67
6172	726f74
6172	697479
6172	69736f6e
6172	696573
6172	6174696f6e
6172	616e74
6172616e74	6565
6172	616765
617070	6c6573
617070	696e657373
617065	7374
6170	6c65
616e74	756d
616e67	79
616e67	72696572
616e67	6c79
616e64	696e67
616e6365	73
616e	78696f7573
616e	6e6572
616e	6e6564
616e	63616b65
616e	616e61
616d696e67	6f73
616d626572	6564
616d62	6c696e67
616d	6f6c65
616d	6d61626c65
616d	696e65
616d	656c
616d	616e74
616c6d	6572
616c6c6579	73
616c6c	6963
616c6b	73
616c	75746174696f6e73
616c	7565
616c	6974696573
616c	696c656f
616c	66
616b	696e
616b	617a616d
616974	73
61697365	79
616972	637574
61696e	74696e67
61676e6574	73
616765	77617973
6167	7565
6167	756172
6167	696e61
616666	6c6573
6166	617269
6164	6c696e67
6164	697365
616374	696e67
61636b	6c6564
616368	696e67
616365	73
616365	66756c
6163	6f6e
6163	696f7573
6163	66756c
6163	616d6f6c65
61627261	63616461627261
6162	696c697479
6162	6279
61	756c69666c6f776572
61	6f73
61	6c64
61	6a65737479
61	697665
61	6974696e67
61	6973696e67
61	686564
61	6374696f6e
5a	697073
5a	65627261
5a	61636b
59	7570
59	61776e
59	61726e79
5768697374	6c6572
5768656565	65
576865	77
5768	697465
5768	6970
5765	7374
5765	696768
5765	656b
574f	57
57	72697465
57	726170
57	6f727279696e67
57	6f726d
57	6f6f6c79
57	6f6f6c6c79
57	696e746572
57	696e65
57	696e6479
57	696e64
57	696c6c79
57	696c64
57	6574
57	656e6479
57	656172
57	6179
57	61736e
57	6172
57	616c6b696e67
57	6166666c6573
57	48
5748	4154
57	4152
574152	4e
5741524e	494e47
56	6f6c6c79
56	6f696365
56	65746572696e617269616e
56	6568656d656e746c79
56	616e697368
56	616c6c657973
56	4544
556e	757375616c
55	6e6465746572726564
55	6c74696d6174656c79
55	4d
554d	50
5475726e	6970
547279	696e67
5472	75636b79
5472	75636b
546f6f74	79
546f6d	61
5469636b	6574
546865	61746572
546865	45
54686545	6e64
5468	726f77
5468	726f756768
5465	6c65766973696f6e
5448	59
54	75726b6579
54	72656573
54	72656173757265
54	6f70
54	6f636b
54	69707079
54	696479
54	69626279
54	6865726d6f6d65746572
54	6572726966696564
54	656b
54	61737465
54	617065
54	61626c65
54	61
54	52
5452	59
5377656574	6965
5377	69746368
5377	696d
53756e	7368696e65
5375	6b69
5374726574	6368
53746172	66697368
5374616e64	696e67
5374	72696b65
5374	7261776265727279
5374	6f726d
5374	6f7265
5374	61727279
5374	616666
5370	72696e6b6c65
5370	616365
536f66	7479
536f	6674
536f	6661
536f	6172696e67
536d	696c696e67
536d	617274
536c	696e6b79
536c	69646572
536868	68
536865	6c746572
5368	72696d70
5368	6f7574
5368	6f6f74
5368	69766572
5368	696e79
5368	616c6c
5368	616b65
5368	61646f77
5363	7261746368
53	7572707269736573
53	756974
53	75676172
53	756464656e746c79
53	7175697272656c
53	717565657a65
53	717565616b
53	7175617265
53	70656564
53	6f79
53	6f777779
53	6f7572
53	6b756c6c
53	697a65
53	6973746572
53	696e67
53	696c656e6365
53	69656e6e61
53	65727665
53	65637265746c79
53	617269
53	616e7461
53	616c75746174696f6e73
53	616c65
53	6163
53	4f
534f	4e
53	43
5343	524545
5343524545	4348
526f73	6965
526f62	696e
526f	736573
526f	6c6c696e67
5265	67
5261696e626f77	73
526162626974	73
5245	41
524541	44
52	7562
52	727272727272
52	7272726161616172727272
52	6f756e64
52	6f7079
52	697365
52	6961
52	687974686d
52	68696e6f6365726f73
52	657472696576696e67
52	657074696c65
52	656d61696e
52	656c6965766564
52	656c6961626c65
52	656379636c65
52	656164
52	6176656e
52	616b65
52	616973696e67
52	6163636f6f6e
52	41
5241	43
524143	4b
507570	696c
506f77	646572
506f70	636f726e
506f6c	697465
50696e	636879
50696e	6368696e67
5068	6f656265
5068	696c6c6970
50656e	6775696e
5065	616e7574
5061726b	696e67
504f	49
504f49	534f4e
50	7974686f6e
50	757272
50	7572706c65
50	727272727272
50	72657373
50	726573656e746c79
50	6f7461746f6573
50	6f69736f6e
50	6c616e7473
50	6973746f6c73
50	69676779
50	6967656f6e73
50	69616e6f
50	686577
50	657474696e67
50	6179
50	61746368
50	61737461
50	6172726f74
50	61706572
4f766572	6a6f796564
4f7572	73
4f72	696e
4f6c	69766572
4f68	6868
4f55	52
4f4f	4d
4f4b	49
4f4b49	45
4f4b4945	53
4f	7879
4f	6f6f6f68
4f	6f68
4f	6b6579
4f	6666
4f	564544
4f	4f4b494553
4e6f74	696365
4e41	50
4e	756d626572
4e	696e65
4e	657773706170657273
4e	656974686572
4e	656564
4e	617679
4e	617567687479
4e	6170
4e	61696c73
4e	4f
4e	44
4d79	7374657279
4d6f72	6e696e67
4d6f72	616c73
4d6f6e6b6579	73
4d6d6d	6d6d6d
4d696c6c	6963656e74
4d696b65	79
4d6178	696d756d
4d6172	736861
4d6172	6761726574
4d6172	637573
4d6172	6368
4d616d	6d79
4d	75736963616c
4d	757365756d
4d	756666696e
4d	7564
4d	73
4d	6f7374
4d	6f707079
4d	6f70
4d	69726163756c6f75736c79
4d	697261
4d	696e61
4d	696c6b
4d	696c64
4d	656e64
4d	6565656f77
4d	6561646f77
4d	61746368
4d	616b696e
4d	61676e657473
4d	6161
4d	61
4c7563	6173
4c7563	61
4c696c61	68
4c6574	74696e67
4c65	6674
4c65	6174686572
4c65	616e
4c65	6166
4c	756e67
4c	75636b79
4c	6f6e6768656164
4c	6f6c6c79
4c	696e6461
4c	696d6573
4c	69646479
4c	6961
4c	657869
4c	6179696e67
4c	617779657273
4c	617465
4c	6173746c79
4c	617374
4c	616e63656c6f74
4c	616d70
4c	61
4c	544859
4b6179	6c61
4b	6e6f77696e67
4b	6e6f636b
4b	697373
4b	6972616e
4b	697261
4b	696e
4b	6964
4b	69636b
4b	65697468
4b	617479
4b	6174656c796e
4b	616e6761
4a756d70	696e67
4a75	6479
4a75	646765
4a6f	6b696e67
4a6f	646965
4a6f	616e6e61
4a6f	616e
4a656d	6d61
4a656d	696d61
4a	756d7079
4a	73
4a	657468726f
4a	656c6c79
4a	616465
4974	73
496e	7374696e63746976656c79
496e	7374616e746c79
496e	6372656469626c65
496e	637265617365
496d	7072657373697665
496d	706f7274616e74
496d	6d6564696174656c79
496d	6167696e65
49	6e74726f64756365
49	5448
49	54
49	43
4943	59
49	42
486f	7070696e67
486f	6c65
486572	626965
4865	6174
4865	616c
48	7572726179
48	756d626c65
48	756d616e73
48	6f757365
48	6f757273
48	6f74
48	6f6e657374
48	6973746f7279
48	696c6c
48	61747479
48	61727368
48	616e6b
48	616e676572
48	616e61
48	616c66
48	61697279
48	616972637574
48	6164
477261	706573
477261	6e64666174686572
476f6f64	6e657373
476f	6c6479
476972	61666665
476574	74696e67
47	77656e
47	756c70
47	726f7373
47	7265656e79
47	7261746566756c6c79
47	72616e6e79
47	6f6f7365
47	6f6e65
47	6c6164
47	696e6765726c79
47	696674
47	69646479
47	65727279
47	656e746c656d656e
47	6173
47	617279
47	4f
46726f	737479
46726564	7269636b
466f7265	7374
466f7265	736861646f77696e67
466c	6f7572
466c	6f70
466c	6970
46697265	6669676874657273
46696e64	657273
46	7275697473
46	726167696c65
46	6f756e7461696e
46	6f67
46	6c79696e67
46	6c6f77657273
46	6c656173
46	697665
46	656564
46	656172
46	61726d6572
46	616b65
46	61697279
4578	6974
4578	657263697365
4578	63656c6c656e74
4578	6163746c79
456e	6f726d6f7573
456e	636f757261676564
45	6c6576656e
45	6174696e67
45	617274687175616b65
45	61676c65
45	474f
45	4544
45	41
4541	4c544859
446f	6c7068696e
446f	646f
446973617070	6f696e746564
446964	69
44656c	6963696f7573
44656c	6179
44	75737479
44	757374
44	756c6c
44	7265616d73
44	697a7a79
44	696e61
44	6967
44	6966666572656e74
44	69616d6f6e6473
44	657374726f79
44	656570
44	656164
44	61756768746572
44	61726e
44	61726b
44	6170686e65
44	616e6765726f7573
44	616e6365
44	59
437261	7368
437261	636b
436f756e74	646f776e
436f6d70	65746974696f6e
436f6d70	617373696f6e617465
436f	766572
436f	636f61
436f	616c
436c65	616e79
436c65	616e
436c	6f736564
436c	6179
436972	637573
436972	636c65
436972	6365
436865	77
436865	7373
436865	6565657365
4368	75636b
4368	6f6f7365
4368	697270
4368	696c64
4368	69636b79
4368	616e6765
4368	61696e
4361726c	61
436172	726f74
436172	6f6c
4352	4942
4352	415348
4348	4f4f
43	7261796f6e73
43	6f7572616765
43	6f7279
43	6f7272656374
43	6f726e
43	6f6f6c
43	6f6f6b696e67
43	6f6f6b6965
43	6f6d6574
43	6f6c6f7273
43	686970
43	656c656272617465
43	656365
43	61757365
43	61756c69666c6f776572
43	617473
43	617465
43	617374
43	61707461696e
43	6170
43	4157
427574746572	666c696573
4275	737379
426f62	626965
426f	696e67
426f	6174
426c65	6368
426c65	616368
426c	6f636b
426c	6f62
426c	696e6b
42697264	6965
4265	616368
42	75696c64
42	75676779
42	726565
42	726561746865
42	7261766f
42	6f6e6e6965
42	69676779
42	6578
42	6577617265
42	657369646573
42	657274
42	6564
42	61726e6579
42	61726b
42	616e616e61
42	616e61
42	616c64
42	61696c6579
417777	77
4174	746963
41726d	6564
41726d	6368616972
4172	74
4172	726976696e67
416e79	7468696e67
416e74	73
416e6e	6162656c6c65
416e	696d616c
416d	6f73
416d	6965
416c79	737361
416c6c	696761746f7273
416c66	726564
416c66	6965
416c	697361
416c	69636961
416c	657274
416868	68
4168	63686f6f
4166746572	616c6c
4162	736f6c7574656c79
4153	545259
414e	4459
4149	54
41	75726f7261
41	7564726579
41	726f756e64
41	72656e
41	70706c6573
41	70706c65
41	6e67656c
41	6d616e
41	6972706c616e6573
41	646f7261626c65
41	6464
41	636f726e
41	6269
41	484848
3f	2ce2809d
3f	21e2809d
3f	21222e
3d3d3d3d3d3d3d3d	3d3d3d3d3d3d3d3d
3d3d3d3d3d3d3d3d3d3d3d3d3d3d3d3d	3d3d3d3d
3d3d3d3d3d3d3d3d3d3d3d3d3d3d3d3d3d3d3d3d	3d3d
3d3d3d3d3d3d3d3d3d3d3d3d3d3d3d3d3d3d3d3d3d3d	3d
31	30
2e2e2e22	2e
2e22	2e
2d2d	2d
2d2d2d	22
2ce2809d	2c
2c	2c
27	27
27	222e
2127	22
2121	2122
2121	21
21	3fe2809d
21	3f22
21	2c22
207a6f6f6d	657273
207a6167	67696e67
207a6167	676564
207a	6f6e65
207a	6170706564
20796f757468	66756c
20796f67757274	73
207969656c64	73
2079656c6c6f77	73
2079	75636b
2079	6f6c6b
2079	6970706564
2079	6179
20777265	636b73
207772	696e67
207772	6967676c79
20776f726b	6f7574
20776f72	73686970
20776f6f64	6c616e64
20776f6f64	6564
20776f	7665
20776f	6e64726f7573
207769746e657373	6564
20776973	70
2077696e746572	79
2077696e65	6d616b6572
2077696e	6572696573
2077696e	6365
2077696c6466	6c6f776572
2077696c646572	6e657373
2077696c64	657374
20776964	656e696e67
207768697a7a	696e67
207768697374	6c6572
2077686972	726564
2077686972	6c706f6f6c
2077686972	6c
207768697073	6c6564
207768696d70	657273
207768696d70	6572
20776865656c	7a
20776865656c	6368616972
207768656174	73
20776865	6565
207768	696e6e696564
207768	696e6564
207768	696c7374
20776574	746572
2077656c6c	6564
2077656570	657273
20776564	676564
207765616b	6e6573736573
207765616b	6e657373
207765	65646564
207765	61766564
20776174	6368657273
20776173	61
207761726e	73
207761726d	696e67
20776172	626c79
2077616e646572	696e6773
2077616e646572	64
2077616e64	73
207761697374	73
2077616464	6c65
207761	7665726564
207761	636b79
2077	6f6f7a79
2077	6f6f6c6c79
2077	69746865726564
2077	696c74696e67
2077	69636b6572
2077	69636b
20766f	696c61
20766973	69626c65
2076696f6c	656e74
2076696374	6f72696f7573
2076696374	696d73
2076696272	61746564
2076656e74	7572696e67
2076656e64	6f7273
207665696c	73
2076656767	6965
207665	7373656c
207665	696e
2076616c75	696e67
2076	756c7661
2076	6974616d696e73
2076	696f6c657473
2076	69676f726f75736c79
2076	656e6f6d6f7573
2076	617269657479
2076	6167696e61
207570	7761726473
207570	73
207570	6461746573
20756e77726170	73
20756e77	656c6c
20756e7477	6973746564
20756e74	79696e67
20756e74	696479
20756e74	616e676c6564
20756e7374	6f707061626c65
20756e7374	61626c65
20756e7363726577	6564
20756e7061636b	696e67
20756e70	72657061726564
20756e6c6f636b	61626c65
20756e6c6f	6164696e67
20756e6c6f	61646564
20756e6b	6e6f77
20756e666f6c64	696e67
20756e666f6c64	6564
20756e66	7265657a65
20756e66	69786564
20756e64657267726f756e64	73
20756e646572	77656172
20756e646572	666f6f74
20756e64	69737075746564
20756e64	6964
20756e64	6572657374696d617465
20756e6275636b	6c6564
20756e6275636b	6c65
20756e62	656c69657661626c65
20756e	736f6c766564
20756e	726f6c6c
20756e	706c656173616e74
20756e	696e74656e74696f6e616c6c79
20756e	686f6f6b
20756e	6865616c746879
20756e	666f7274756e617465
20756e	65617274686564
20756e	636f766572
20756e	636f6e74726f6c6c61626c79
20756e	636c69636b
20756e	63686172746564
20756e	6365727461696e
20756e	62726f6b656e
20756e	626f78696e67
20756e	6177617265
20756e	617474656e646564
2075	746d6f7374
2075	7465727573
2075	726574687261
2075	68
2075	6464657273
207479	70696e67
207477697374	696572
207477696e6b	6c79
207477696e6b	6c6573
207477656574	696e67
207477656574	6564
207477	69747465726564
207475726b6579	73
2074756d626c6564	6f776e
207475636b	696e67
20747275	646765
2074726f75	626c696e67
2074726f74	746564
20747269756d7068	73
207472696d	6d696e67
207472696d	6d6564
20747269636b	696e67
20747269636b	657279
20747269	7070696e67
20747269	6b65
20747269	6379636c65
207472656d	656e646f7573
207472656173	757279
20747265	7370617373696e67
20747265	61646564
20747261696e	6564
2074726163746f72	73
20747261	696c696e67
20747261	676963616c6c79
20747261	67656479
20747261	63696e67
207472	7566666c65
207472	6f75676873
207472	6f6a616e
207472	696e6b657473
207472	61646573
20746f79	626f78
20746f776e73	666f6c6b
20746f776572	696e67
20746f7572	69737473
20746f7567	68657374
20746f7567	686572
20746f726e61646f	6573
20746f7070	6c696e67
20746f6f7468	79
20746f6d	62
20746f6464	6c6564
20746f	75726e616d656e74
20746f	73736573
20746f	636b73
20746f	626163636f
2074697265	6c6573736c79
20746970746f65	696e67
2074696e6b	6c6564
2074696e6b	6572
2074696e67	6c6564
207469676874	726f706573
207469676874	656e
20746964	696572
207469636b	73
207469636b	6c79
207468756e646572636c6f7564	73
207468756e646572	696e67
207468756e646572	6564
207468726f	617473
20746872656174	656e696e67
20746872656174	656e
20746872656164	696e67
20746872	757374
20746869636b	656e6564
2074686579	64
207468656174	657273
20746865	726170697374
2074686174	4a65727279
207468616e6b	66756c6c79
207468	69727465656e
207468	69727374
207468	696d626c65
207468	6177696e67
207468	61776564
2074657374	69636c65
20746572726f72	697a696e67
207465727269	6572
207465727269	626c79
20746572	7261696e
2074656e74	61636c65
2074656e64	6f6e73
2074656d	70657273
207465616d	6564
207465	656e61676572
207465	6173
20746178	6973
20746172	67657473
2074616e7472	756d73
2074616b65	61776179
207461	7574
207461	696c6c69676874
207461	636f73
2074	76
2074	6972696e67
2074	697070696e67
2074	69636b6564
2074	61747465726564
2074	61727473
2074	616e6779
2074	616d65
2074	61636b6c6564
2074	61626279
2073796d	7061746879
207379	7374656d
207379	6e63
2073776f6f70	73
2073776972	6c696e67
2073776972	6c
207377696e67	6572
207377656574	79
207377656574	6e657373
20737765	6174696e67
2073776174	74696e67
2073776170	73
207377	756d
207377	6f7265
207377	69706564
207377	697065
207377	696674
207377	617473
207377	61726d6564
20737572726f756e64	73
2073757266616365	73
20737572	6765
20737570706c79	696e67
207375706572	766973696f6e
207375706572	706f776572
207375706572	636f6d7075746572
2073756e6275726e	73
2073756e62	61746865
2073756e	6265616d
2073756c	6b73
2073756c	6b696e67
2073756c	6b6564
207375697463617365	73
2073756767657374	696e67
20737567	617279
2073756666	657273
207375636b	696e67
20737562	77617973
207375	6e6472657373
20737479	6c697368
20737479	6c696e67
20737475706964	6c79
2073747564	696f
20737475	6e74
20737475	62626564
20737475	62
20737472756d	6d696e67
207374726f6c6c	696e67
20737472697065	79
207374726970	6564
2073747269	76696e67
2073747269	6374
207374726574	63686572
20737472656e677468656e	73
2073747265	616b73
2073747265	616b
207374726179	6564
207374726177	73
207374726169676874	6572
2073747261	70
2073747261	696e
20737472	7574
20737472	756d73
20737472	69646573
2073746f7279	74696d65
2073746f72	6d6564
2073746f72	696e67
20737469746368	696e67
207374696e67	79
207374696e67	657273
207374696c6c	6e657373
20737469636b	69657374
2073746570	73746f6f6c
207374656d	73
207374656570	6c65
20737465616b	73
2073746174696f6e	73
2073746174	6963
207374617274	6c696e67
2073746172	6c69676874
207374616d	6d6572
207374616972	79
207374616972	63617365
207374	75666679
207374	726573736564
207374	617368
207374	616c6b73
207374	616c65
2073717565616b	73
2073717565	616b696e67
207371756177	6b73
207371756177	6b696e67
20737175	69726d
20737175	6967676c6573
20737175	6174746564
20737175	61726564
20737072696e6b	6c657273
20737072696e6b	6c6572
20737072696e67	79
2073706f7574	6564
2073706f74	74696e67
2073706f74	6c657373
2073706f696c	6572
2073706c	697368
20737069726974	73
2073706972	616c73
2073706972	616c
2073706174	756c61
20737061726b	79
20737061726b	6c696572
20737061726b	6c657273
207370	7574746572
207370	757273
207370	7261776c6564
207370	6c656e646964
207370	696e65
207370	6963696572
207370	65726d
207370	656563686c657373
207370	6563696573
207370	6172726f7773
207370	61726b6564
207370	6172696e67
207370	616e6e6572
207370	616e6b6564
207370	6163696f7573
20736f7572	6c79
20736f7570	73
20736f756e64	6c79
20736f756e64	696e67
20736f72	746572
20736f72	726f77
20736f6f	6f6f
20736f6d65	686f77
20736f6c	766572
20736f6c	6964
20736f63	7261746573
20736f6172	73
20736f	79
20736f	6c656d6e6c79
20736f	6c65
20736f	6262696e67
20736e756767	6c696e67
20736e7567	6c79
20736e6f77666c	616b65
20736e6f7274	73
20736e6f6f	7a696e67
20736e6f6f	7a65
20736e65	616b696e67
20736e61746368	696e67
20736e	7567676564
20736e	6f726573
20736e	6f6f70696e67
20736e	61707079
20736e	616b696e67
20736e	616b6564
20736d6f6b65	737461636b
20736d6f	6f74686564
20736d6f	6b696e67
20736d696c696e67	6c79
20736d617274	73
20736d617274	6e657373
20736d	7567
20736d	6f6f6368
20736d	697474656e
20736d	69726b
20736c79	6c79
20736c757270	6564
20736c6964	6e67
20736c656570	696572
20736c6565	766573
20736c616d	73
20736c	756d706564
20736c	6f776e657373
20736c	6f73686564
20736c	6f7065
20736c	697070657273
20736c	696e6b6564
20736c	696e6773686f74
20736c	696768746c79
20736c	69676874657374
20736c	69646572
20736c	69646564
20736c	69636564
20736b6970	73
20736b696e	6e6564
2073697a7a	6c696e67
2073697475	61746564
20736974	6573
2073696e67	657273
2073696d	706c6572
2073696c6c	69657374
2073696c6c	696572
2073696c	76657279
207369676e	69666963616e746c79
207369676e	616c6564
20736879	6e657373
2073687574	73
20736872696e6b	73
20736872696d70	73
20736872	756e6b656e
2073686f77	79
2073686f77	6f6666
2073686f77	65726564
2073686f74	73
2073686f7265	73
2073686f7265	6c696e65
2073686f65	626f78
2073686f	766564
2073686f	70706572
207368696e	6e696e67
207368656c746572	73
207368656570	6973686c79
20736865	6174686564
207368617270	6c79
207368617270	66696e
207368617270	6572
207368617270	656e696e67
207368	7566666c6564
207368	7566666c65
207368	696d6d657279
207368	61726473
207368	617264
207368	616c6c6f7773
207368	616c6c6f77
20736577	6572
2073657474	696e6773
20736574	7570
20736574	746564
20736572	696573
207365706172	61746573
207365706172	6174656c79
2073656e73	6564
2073656c666c657373	6e657373
2073656c66697368	6e657373
2073656c656374	696e67
20736563	7572697479
20736563	75726564
20736561736865	6c6c
2073656172	63686573
2073656172	63686572
20736561	686f727365
207365	76656e7468
207365	7175696e73
207365	70657261746564
207365	6d656e
207365	6c6563746564
20736372756e6368	696e67
2073637269	62626c6564
2073637269	62626c65
207363726577	6564
207363726170	73
207363726170	696e67
2073637261	706573
20736372	616d626c696e67
2073636f776c	73
2073636f776c	696e67
2073636f6f74	6564
20736369656e74697374	73
207363686f6f6c	73
207363	726f74756d
207363	6f7263686564
207363	616e6e6564
20736177	73
20736177	64757374
20736176	6f7572
20736176	6f726564
207361746973	6679696e67
207361706c	696e67
2073616d	706c6573
2073616d	706c6564
2073616c6164	73
2073616c	75746564
2073616665	7374
20736164	646c65
20736164	64656e6564
207361	75636572
207361	70
207361	63726564
2073	77617973
2073	75737461696e6564
2073	757370656374
2073	756d73
2073	756d6d6974
2073	6f75726e657373
2073	6b6570746963616c
2073	69676e696e67
2073	696674696e67
2073	6964656c696e6573
2073	657373696f6e
2073	656e736573
2073	636570746963616c
2072756e	776179
2072756e	67
2072756c	696e67
2072756666	6c6573
20727562	696573
20727562	6564
207275	73736574
207275	64656e657373
207275	6279
20726f77	626f6174
20726f7574	696e656c79
20726f7574	65
20726f756e64	6e657373
20726f756e64	6572
20726f756e64	6564
20726f756768	686f7573696e67
20726f74	73
20726f74	6174696f6e
20726f6f74	79
20726f6f6674	6f7073
20726f6f6674	6f70
20726f6f	73746572
20726f	79616c
20726f	617374696e67
20726f	617374
20726f	616d696e67
20726f	616d
20726970	656e
20726964	657273
207269	63686572
207269	6273
207269	62
207268	796d65
207268	696e6f6365726f736573
207265766572	73696e67
207265756e	697465
2072657475726e	73
20726573746c657373	6e657373
2072657374	73
2072657374	66756c
20726573706f6e64	696e67
2072657370656374	66756c6c
20726573656172	6368696e67
20726573656172	6368
2072657363	756572
20726573	75726661636564
20726573	7065637473
20726573	6f756e64696e67
20726573	6964656e6365
20726573	6572766573
20726573	65727665
2072657074	696c65
207265706c	616e746564
207265706561746564	6c79
2072657061	69726572
20726570	75746174696f6e
2072656d696e64	657273
2072656d	6f72736566756c
2072656d	696e697363696e67
2072656d	61726b6564
2072656d	61726b61626c65
2072656c6178	6174696f6e
2072656c6174696f6e	7368697073
2072656c6174696f6e	73686970
20726567756c6172	6c79
20726567726574	66756c
20726567	6172646c657373
20726567	616c
20726567	61696e6564
207265666c65	637473
207265666c65	6374696f6e73
207265666c65	6374696e67
207265666c65	63746564
20726566	7261696e6564
20726566	6c6578697665
207265656c	73
20726564	73
20726564	657369676e
20726564	64657374
2072656374	756d
207265636f7264	696e6773
207265636f7264	657273
207265636f676e	697a696e67
207265636b6c657373	6e657373
2072656365697665	73
20726563	72656174696f6e616c
20726563	69746564
20726561736f6e	696e67
20726561736f6e	6564
2072656173	6f6e73
207265617070	65617273
207265616c	6973696e67
2072656164	696c79
2072656164	61626c65
207265	76656e6765
207265	736f6c7574656c79
207265	696e
207265	636f76657279
207265	636f7665726564
207265	636f766572
207265	616374696f6e
20726176656e	73
2072617474	6c6564
2072616d70	616765
207261696e	7761746572
20726167	67656479
2072616469	6f73
2072616469	6174696e67
20726164	69616e74
20726163	6f6f6e
2072	756d626c6573
2072	6f756768657374
2072	696e736564
2072	696d73
2072	6179
2072	617368
2072	6172697479
2072	616765
20717569	7665726564
207175657374696f6e	696e67
20717565	7565
207175617272656c	73
2071756172	74657273
2071756172	746572
207175	697a7a6573
207175	697474696e67
207175	6974746572
207175	61726b
207175	616e74756d
207175	616c697479
207175	616c6974696573
207175	616b65
20707574	726964
2070757368	79
207075726368	6173696e67
207075726368	61736573
20707572	736573
2070756e	6973686573
207075636b	6572
2070726f7564	6572
2070726f74657374	696e67
2070726f74656374	6f7273
2070726f74	6f6e
2070726f70	756c73696f6e
2070726f70	656c6c6572
2070726f67	72616d73
2070726f647563	7473
2070726f62	656c6d
20707269636b	6c6573
20707269	76616379
20707269	636b6564
2070726574	7a656c
2070726570617265	73
2070726570	61726174696f6e
20707265666572	726564
2070726563	697365
20707265	666572656e636573
207072616e6b	73
207072616374	697365
207072616374	6963616c6c79
20707261	697365
207072	6f776c
207072	6f7374617465
207072	69736f6e
207072	69646573
20706f77646572	79
20706f77	65726564
20706f77	64657273
20706f756e64	696e67
20706f756e64	6564
20706f73746572	697479
20706f73	6974696f6e73
20706f73	6974696f6e
20706f7274	73
20706f7274	696f6e73
20706f72	63656c61696e
20706f70756c6172	697479
20706f70	756c6174696f6e
20706f6f70	6564
20706f6c6c696e	6174696e67
20706f6c6c696e	617465
20706f6c6974	696369616e73
20706f6c6974	656e657373
20706f696e74	6c657373
20706f	7665727479
20706f	7070696e67
20706f	6e646572
20706f	616368696e67
20706c756e	6765
20706c756d	6d65746564
20706c656173757265	73
20706c65	6164696e67
20706c65	6164
20706c6179	6d617465
20706c6179	67726f7570
20706c616e	636b
20706c	7573
20706c	756d626572
20706c	6f77
20706c	69676874
20706c	61746f
20706974	73
2070696e6b	697368
2070696e	6e6564
207069656365	66756c
207069636b	79
207069636b	6c6573
207069636b	617865
20706963	696e6963
2070686f74	6f6e
2070686f74	6f67726170686572
207068	6f6e6f6e
2070657374	73
207065727375	6173696f6e
207065727375	616465
20706572736f6e	616c
2070657273697374	73
2070657273	6973746564
2070657273	696d6d6f6e
207065726d6974	73
20706572666f726d616e6365	73
20706572	73657665726564
20706572	6d616e656e74
20706572	6b
20706572	6368
20706572	63656e74
2070656f706c65	73
2070656e63	69
2070656e	6973
207065656c	6572
207065636b	696e67
207065	6572696e67
207065	6572
207065	616b6564
207065	616b
207065	616366756c
20706179	6d656e74
20706177	6e73
2070617468	77617973
2070617468	776179
207061746368	696e67
20706174	73
20706174	726f6c6c696e67
20706174	63686564
2070617374	65
2070617373696f6e	617465
2070617373	6572736279
2070617373	65726279
2070617373	61676577617973
20706172746963	6c65
2070617274	696564
20706172	6c6f7572
20706172	6164697365
20706172	61646573
207061706572	636c697073
2070616e	63616b65
207061696e	7374616b696e676c79
207061696e	6b696c6c6572
207061696e	66756c6c79
207061696e	66756c
2070616464	6c6573
207061636b	73
2070	7974686f6e
2070	79746861676f726173
2070	796a616d6173
2070	757265
2070	756e6368
2070	737373686868
2070	6f6f646c65
2070	69c3b1617461
2070	697a7a6173
2070	697479
2070	69706564
2070	696e67696e67
2070	696e67
2070	696572
2070	6577
2070	65736b79
2070	6176656d656e74
206f766572	74616b65
206f766572	706f7765726564
206f766572	6c6f6f6b696e67
206f766572	696e64756c6765
206f766572	68656164
206f766572	68616e67696e67
206f766572	636f6d696e67
206f766572	63616d65
206f76	617279
206f76	616c73
206f7574736d	617274696e67
206f7574736d	6172746564
206f7574	737472657463686564
206f7574	72616e
206f7574	7261676564
206f7574	696e6773
206f7574	67726f776e
206f7574	6261636b
206f72646572	6c79
206f7074	696f6e
206f70706f7274756e	697479
206f70706f7274756e	6974696573
206f7070	6f6e656e7473
206f70656e	696e6773
206f6f	7a696e67
206f6f	686564
206f6e65	73656c66
206f6666	657273
206f66	666572656e64
206f63636173696f6e	616c6c79
206f6363	7570696564
206f627365727665	6564
206f62736572	766572
206f62736572	766174696f6e
206f626579	73
206f6265	79696e67
206f62	736573736564
206f62	6c69676564
206f	696e746d656e74
206f	696c6564
206f	647973736579
206e7574	726974696f6e
206e7574	7269656e7473
206e756d	65726f7573
206e756d	6272696e67
206e6f7468696e67	6e657373
206e6f74	6564
206e6f	7368696e67
206e6f	6f6e65
206e6f	626c65
206e69676874	74696d65
206e69676874	6c69676874
206e6577	746f6e
206e6577	6c79
206e6572	7665
206e6567	6f746961626c65
206e6567	6c6563746564
206e656564	696e67
206e65	7574726f6e
206e65	696768696e67
206e65	63657373617279
206e65	6174657374
206e6174696f6e	73
206e616d	696e67
206e	757274757265
206e	756973616e6365
206e	756767657473
206e	75636c657573
206e	6f726d
206e	6f6e657468656c657373
206e	6970
206e	6962626c6573
206e	6174757265646c79
206e	616b6564
